file,content,set,style,seed,fg_frac,purity,palette_de,flatness,interior_de,cut_residual,fragments,chroma,edge_p,edge_r,edge_f1,sil_iou,clip_style,clip_text,dino_styleref,palette_js
ood_bicycle_c0_s_seed0.png,ood_bicycle_c0,ood_all,,0,0.4840507507324219,0.7226,6.806627033314512,0.6677226911286065,4.700997174749606,8.564733505249023,797,22.347211837768555,0.3489667917343338,0.976151625455002,0.5141344298931665,0.4639686828031096,0.7956143021583557,0.2667411565780639,0.2706905007362366,0.3551207233193969
ood_bicycle_c1_s_seed0.png,ood_bicycle_c1,ood_all,,0,0.7644729614257812,0.83065,4.457751609876967,0.6757716988852407,3.1000433087675874,6.539027690887451,1311,48.68658065795898,0.6019773474210284,0.9473298122065728,0.7361627214348466,0.8523536434072236,0.7865864634513855,0.2459725439548492,0.1643034666776657,0.3430160019103436
ood_bicycle_c2_s_seed0.png,ood_bicycle_c2,ood_all,,0,0.4907417297363281,0.7471,4.993386491026471,0.5870029927319367,5.221602256104931,8.419239044189453,1593,41.5198860168457,0.6073642449789238,0.9674414964389136,0.7462372768807403,0.8016778478554881,0.7729638814926147,0.2405802756547927,0.1594796776771545,0.3625890997770651
ood_bicycle_c3_s_seed0.png,ood_bicycle_c3,ood_all,,0,0.4598388671875,0.6567,4.943134808754722,0.6096114281921954,4.201606188136566,7.518592834472656,896,40.26394271850586,0.6329080364540183,0.9628478035557682,0.7637686135603404,0.768408288503152,0.7874061465263367,0.2262149900197982,0.1825273334980011,0.40021973683843903
ood_carp_fish_c0_s_seed0.png,ood_carp_fish_c0,ood_all,,0,0.5563888549804688,0.74875,5.884619087271199,0.6847326778833628,4.769686963251966,8.272723197937012,1373,30.858518600463867,0.4701037720309668,0.9549499954124232,0.6300472377961249,0.4597030266321605,0.741516649723053,0.2201387584209442,0.2054322808980941,0.3547064660727904
ood_carp_fish_c1_s_seed0.png,ood_carp_fish_c1,ood_all,,0,0.4193496704101562,0.77165,5.726383779718071,0.5677794960429364,5.871965070855194,9.578506469726562,1665,42.47517395019531,0.5545427728613569,0.9799515106303618,0.7082789865310947,0.7616457916494055,0.8353904485702515,0.21990567445755,0.2077115774154663,0.42464355651672353
ood_carp_fish_c2_s_seed0.png,ood_carp_fish_c2,ood_all,,0,0.5623359680175781,0.73275,5.170499880750608,0.5652757897878748,6.196139946122394,8.345995903015137,1590,43.363677978515625,0.7380586347331229,0.9751741036884188,0.8402076979435821,0.7949455555208886,0.8205893039703369,0.2301850318908691,0.1814956068992614,0.4022479904635076
ood_carp_fish_c3_s_seed0.png,ood_carp_fish_c3,ood_all,,0,0.9593849182128906,0.78595,5.028208396718353,0.5899155854741807,5.683510879721064,8.694050788879395,2232,48.775001525878906,0.8130946028007286,0.9426424907895689,0.8730891708442624,0.941598682298227,0.8386978507041931,0.2537382841110229,0.2753594815731048,0.39637576008388586
ood_cat_c0_s_seed0.png,ood_cat_c0,ood_all,,0,0.8698692321777344,0.81145,4.158048747326047,0.6527489683420237,3.648493110120672,6.559487342834473,1348,52.95660400390625,0.595289790854307,0.9408295281582952,0.7291962364055303,0.8644174594901555,0.7722004652023315,0.1885806322097778,0.2837941646575928,0.4506959797053884
ood_cat_c1_s_seed0.png,ood_cat_c1,ood_all,,0,0.7136878967285156,0.81665,5.330134368614776,0.6182618967443302,3.9962385116843766,8.10592269897461,1461,53.09103012084961,0.6856457080642367,0.9357281211480896,0.7914004267502979,0.6621827942151813,0.85289466381073,0.2194873541593551,0.3573035895824432,0.4305005532176859
ood_cat_c2_s_seed0.png,ood_cat_c2,ood_all,,0,0.6359214782714844,0.7247,7.629141177190046,0.6964661703748583,3.985552090460844,9.430237770080566,851,27.570152282714844,0.2713958051233868,0.966338406445837,0.4237746478810179,0.1842248672214245,0.8057055473327637,0.1933899968862533,0.3481471836566925,0.37767036986948804
ood_cat_c3_s_seed0.png,ood_cat_c3,ood_all,,0,0.5988388061523438,0.73715,7.153076222986817,0.6879769655119695,4.943007595737472,9.277496337890623,1192,25.330799102783203,0.3076330606607882,0.9723690170617544,0.4673943300821278,0.2501238463937765,0.8224896192550659,0.2097290903329849,0.4044829308986664,0.36382799517668063
ood_crane_bird_c0_s_seed0.png,ood_crane_bird_c0,ood_all,,0,0.5219039916992188,0.6303,6.769662725432712,0.5643793763796102,6.815838035906253,10.215229034423828,1801,31.28632354736328,0.5039716695767651,0.9516024017941112,0.6589573978241635,0.4275341977694525,0.8189878463745117,0.2354189753532409,0.1418906599283218,0.36698370916980183
ood_crane_bird_c1_s_seed0.png,ood_crane_bird_c1,ood_all,,0,0.8653068542480469,0.78275,5.1880525632681564,0.6348447109132188,3.729238075919505,7.741318225860596,1727,45.266883850097656,0.5320877869283336,0.9327859082179988,0.6776338345430809,0.9211415915449176,0.7880780100822449,0.2104087620973587,0.2224805355072021,0.38383526139480334
ood_crane_bird_c2_s_seed0.png,ood_crane_bird_c2,ood_all,,0,0.4395637512207031,0.7285,5.970868448616209,0.6117470428451172,4.804794159700047,8.759897232055664,1299,31.546098709106445,0.4059891844581288,0.947801171047714,0.5684735792320543,0.3964302591879021,0.8028284311294556,0.2517075538635254,0.2907739281654358,0.43029032260353606
ood_crane_bird_c3_s_seed0.png,ood_crane_bird_c3,ood_all,,0,0.6312026977539062,0.76985,6.847572440839442,0.6670433805132172,6.166214367720574,9.663957595825195,1588,31.140501022338867,0.4095986971015599,0.9084770508258052,0.5646276656710374,0.3841932159428794,0.7567793726921082,0.1976354867219925,0.2198822796344757,0.4703642306441937
ood_deer_c0_s_seed0.png,ood_deer_c0,ood_all,,0,0.6330986022949219,0.6913,5.307068029884005,0.5325042328711821,6.657445788512912,10.079742431640623,2499,37.34245681762695,0.7555667683127482,0.9516772637579478,0.842358445713443,0.8782380808386251,0.8177363872528076,0.2342329323291778,0.3458041250705719,0.41807709700227613
ood_deer_c1_s_seed0.png,ood_deer_c1,ood_all,,0,0.6443099975585938,0.77085,5.10456123782344,0.6272631466767712,5.048241844408163,8.276647567749023,1653,47.16782760620117,0.5961631790801907,0.9392243724255848,0.7293676273273176,0.7112498963716252,0.8011960387229919,0.2575905323028564,0.3877913057804107,0.4022831258886905
ood_deer_c2_s_seed0.png,ood_deer_c2,ood_all,,0,0.4933547973632812,0.72615,5.722620396134394,0.6312379185030542,4.29893690564343,8.110479354858398,1046,39.0019416809082,0.558092323068274,0.92855876617621,0.6971662990326148,0.6516730701578914,0.8095273971557617,0.2531711459159851,0.2129805088043213,0.41507577701335197
ood_deer_c3_s_seed0.png,ood_deer_c3,ood_all,,0,0.6752052307128906,0.7207,5.869483782747766,0.6917983514217434,5.343950867228887,8.447349548339844,1651,28.064716339111328,0.4311985080616605,0.981132075471698,0.5990986700810819,0.3149799418217769,0.8207851648330688,0.2328405678272247,0.3882766962051391,0.44356836836330416
ood_frog_c0_s_seed0.png,ood_frog_c0,ood_all,,0,0.4545555114746094,0.7764,5.431587986726775,0.6433169126964812,3.9854894645660015,8.058074951171875,1031,44.15752029418945,0.6058683893061447,0.9620724686759228,0.7435092899392182,0.8293359822261316,0.8380383849143982,0.2279810309410095,0.4629344344139099,0.456453392217669
ood_frog_c1_s_seed0.png,ood_frog_c1,ood_all,,0,0.4591407775878906,0.66615,6.491739199277191,0.5659225164297406,6.373161644317364,10.745789527893066,1732,43.43263244628906,0.6084241944326003,0.9675967596759676,0.7470830606747001,0.7307979556870268,0.8037676811218262,0.2218605577945709,0.4446215629577636,0.4130416145220061
ood_frog_c2_s_seed0.png,ood_frog_c2,ood_all,,0,0.5473747253417969,0.8271,5.364649663605038,0.6640764926023235,4.156036768273228,7.747689723968506,881,25.364652633666992,0.5824450307827617,0.948786507610037,0.7217928481426527,0.8210303465751095,0.8008252382278442,0.2696795463562011,0.4036599397659302,0.38709638619671854
ood_frog_c3_s_seed0.png,ood_frog_c3,ood_all,,0,0.3623046875,0.8235,5.212046253427883,0.6453840970350404,3.819566599090921,7.662364482879639,735,26.34235572814941,0.4508981771637904,0.946964956195244,0.6109106999057756,0.6904095427435387,0.8336191773414612,0.2571709156036377,0.4595361649990082,0.3741537663274737
ood_potted_chrysanthemum_c0_s_seed0.png,ood_potted_chrysanthemum_c0,ood_all,,0,0.6077880859375,0.69645,5.157970837110297,0.6140854087166098,4.4756135708047005,8.406082153320312,1918,49.321136474609375,0.7290189210140975,0.942997542997543,0.82231612679889,0.8104106042206081,0.7872741222381592,0.239006832242012,0.2098015695810318,0.4430610432558346
ood_potted_chrysanthemum_c1_s_seed0.png,ood_potted_chrysanthemum_c1,ood_all,,0,0.362640380859375,0.57015,6.150065968733183,0.5906547168223513,6.31602771293464,9.40290069580078,1311,24.026647567749023,0.5036953614415429,0.9717113154738104,0.6634733188109307,0.5827623851829544,0.7624629735946655,0.2479722201824188,0.2223066836595535,0.5050495916549165
ood_potted_chrysanthemum_c2_s_seed0.png,ood_potted_chrysanthemum_c2,ood_all,,0,0.885040283203125,0.8336,4.305127704697446,0.6444734664321919,3.993924898128497,6.688450336456299,1679,43.36411666870117,0.6653026013095027,0.9282306931969572,0.7750754840557303,0.9328536987304688,0.809545636177063,0.2492234110832214,0.2799053192138672,0.4021338828194437
ood_potted_chrysanthemum_c3_s_seed0.png,ood_potted_chrysanthemum_c3,ood_all,,0,0.38287353515625,0.5371,5.480667617759083,0.5958970986768691,4.9034419209876345,8.471681594848633,1025,41.16013717651367,0.6114563727405092,0.960862115610064,0.7473362022614638,0.7104350058381709,0.8173420429229736,0.2403754442930221,0.3135630786418915,0.4665820874386919
ood_rabbit_c0_s_seed0.png,ood_rabbit_c0,ood_all,,0,0.7477989196777344,0.83555,4.744526027003181,0.6542230565573812,4.200253268329178,7.907754898071289,1705,38.86586380004883,0.5864427567338082,0.9531638170393102,0.7261283837124287,0.4100493836564218,0.8058179020881653,0.2319016605615615,0.3576668500900268,0.34135857471925457
ood_rabbit_c1_s_seed0.png,ood_rabbit_c1,ood_all,,0,0.5349998474121094,0.6508,5.033326682965856,0.6089827233381107,4.28212379700474,7.995236873626709,1361,35.986419677734375,0.5249384925072691,0.9755094581010691,0.6825727798882203,0.7580774686079013,0.829990029335022,0.2299861311912536,0.351807028055191,0.4972475817359786
ood_rabbit_c2_s_seed0.png,ood_rabbit_c2,ood_all,,0,0.4539833068847656,0.81005,5.292316310713789,0.648261896159114,4.283669455455332,7.962945938110352,1326,33.854862213134766,0.5293159609120521,0.9666179611104868,0.6840493518968909,0.6708179571269145,0.7622361779212952,0.2169501632452011,0.302464097738266,0.5930784846821858
ood_rabbit_c3_s_seed0.png,ood_rabbit_c3,ood_all,,0,0.55694580078125,0.8281,7.735502815410804,0.7629452054794521,3.808062910668211,9.134376525878906,929,22.050615310668945,0.2123367732024179,0.9882910510175634,0.3495679985498094,0.3076586145726112,0.8168855905532837,0.2401440739631652,0.3081675767898559,0.39786897552092143
ood_rooster_c0_s_seed0.png,ood_rooster_c0,ood_all,,0,0.6620864868164062,0.79045,5.357643323269556,0.640814233530381,4.42299609872832,8.128872871398926,1413,48.09557723999024,0.5425785036571396,0.9110405083399524,0.6801108016701146,0.6661841528945485,0.8083478808403015,0.2325657904148101,0.1300252825021743,0.44424255489244646
ood_rooster_c1_s_seed0.png,ood_rooster_c1,ood_all,,0,0.4629058837890625,0.71175,5.237383448552298,0.5757738075617234,5.263247294842448,8.520215034484863,1240,31.09239959716797,0.565779359430605,0.972834314550042,0.7154616972748387,0.5066230067325513,0.8407937288284302,0.2452990710735321,0.1682136505842209,0.3943154914585981
ood_rooster_c2_s_seed0.png,ood_rooster_c2,ood_all,,0,0.6337471008300781,0.8132,6.477647113520952,0.6705109761456183,4.917884476084556,8.836274147033691,1354,36.1843376159668,0.496923188300876,0.9507048127450164,0.6526915289576027,0.5329857926170529,0.8289538025856018,0.2476454377174377,0.1268390715122223,0.4043157681488845
ood_rooster_c3_s_seed0.png,ood_rooster_c3,ood_all,,0,0.6105499267578125,0.70595,6.758894163599769,0.7239897033464124,4.745836980979755,8.725337982177734,1379,24.7265739440918,0.4441466924718376,0.9705676243868256,0.6094154771103852,0.2848701477050781,0.8294452428817749,0.2390863001346588,0.1556073725223541,0.4616006276439838
ood_teapot_c0_s_seed0.png,ood_teapot_c0,ood_all,,0,0.4317665100097656,0.7843,5.711460537326964,0.743499580333083,4.066628338970749,7.336014747619629,619,18.31450080871582,0.1949708588394853,0.9930618401206636,0.3259474592214741,0.4366864960924367,0.8012481927871704,0.2701321840286255,0.2545541226863861,0.3821855035227358
ood_teapot_c1_s_seed0.png,ood_teapot_c1,ood_all,,0,0.5282859802246094,0.83505,7.666644314423664,0.6936535559294374,3.081903262195926,9.376486778259276,1026,24.761585235595703,0.2246654876705929,0.9837811667877028,0.3657946749773252,0.2758729796004465,0.830808699131012,0.2533228993415832,0.2284067273139953,0.4427084920151582
ood_teapot_c2_s_seed0.png,ood_teapot_c2,ood_all,,0,0.4517250061035156,0.7497,5.29814489491796,0.56776476350524,6.7648035892933285,8.981407165527344,1199,25.797452926635746,0.5006468677227381,0.9809774656131108,0.6629525236806003,0.681225214741774,0.8294570446014404,0.2584746479988098,0.2227461636066436,0.4144253487979954
ood_teapot_c3_s_seed0.png,ood_teapot_c3,ood_all,,0,0.4029045104980469,0.79,4.762455657406386,0.6913244776034615,3.501809148259897,6.775277614593506,600,26.66670227050781,0.2650900105894811,0.99830220713073,0.4189355276183825,0.6337603431416856,0.7800185680389404,0.2483477592468261,0.2623712122440338,0.4661212152118821
ood_tiger_c0_s_seed0.png,ood_tiger_c0,ood_all,,0,0.5860214233398438,0.80455,4.533908541676373,0.6279048573771986,4.815148598246146,7.565731048583984,1362,37.54225158691406,0.6443450757988876,0.9497115179143814,0.7677794407187675,0.6610707122013921,0.7867278456687927,0.2455021142959594,0.2112174481153488,0.2930461952477196
ood_tiger_c1_s_seed0.png,ood_tiger_c1,ood_all,,0,0.5479660034179688,0.73475,5.140056819424792,0.597510546760787,5.569622163652572,8.818498611450195,1555,41.70749282836914,0.6783709886314577,0.922499291584018,0.7818206936285157,0.7785618101739964,0.7868179082870483,0.2708290815353393,0.3627822995185852,0.30767028521774276
ood_tiger_c2_s_seed0.png,ood_tiger_c2,ood_all,,0,0.5001907348632812,0.76655,4.586135670208202,0.6082579582373667,5.586941287796254,7.707837104797363,1402,39.30110931396485,0.5999551123793645,0.9263017800698718,0.7282384653702841,0.7481194831776896,0.8060534000396729,0.2336788922548294,0.2790541052818298,0.30697039027417794
ood_tiger_c3_s_seed0.png,ood_tiger_c3,ood_all,,0,0.4691505432128906,0.8085,4.9097629560916936,0.5706793511403829,5.4911231908839255,8.296331405639648,1279,29.582273483276367,0.688376753507014,0.9415603460918024,0.7953046217957085,0.8828883851493405,0.7920525074005127,0.2944599986076355,0.2780483663082123,0.3221232379762503
ood_woman_beating_a_drum_c0_s_seed0.png,ood_woman_beating_a_drum_c0,ood_all,,0,0.7857131958007812,0.72175,4.508004737943702,0.59839782492596,5.6802768195815485,8.261948585510254,2039,49.25315475463867,0.5159371825262445,0.9301745635910224,0.6637269144452611,0.8768556384606738,0.7893438935279846,0.2570602297782898,0.3450783193111419,0.33351127315328527
ood_woman_beating_a_drum_c1_s_seed0.png,ood_woman_beating_a_drum_c1,ood_all,,0,0.5723648071289062,0.7451,4.845769166342521,0.6241718985350768,4.81638725430434,7.829336166381836,1447,45.35800552368164,0.5028776978417266,0.9688929551692588,0.6621067728912616,0.8276696486560097,0.8313073515892029,0.2822203338146209,0.3999244570732116,0.3959676662020556
ood_woman_beating_a_drum_c2_s_seed0.png,ood_woman_beating_a_drum_c2,ood_all,,0,0.6207046508789062,0.75525,4.766661168764083,0.6132109099401404,3.904213191958132,7.349489688873291,1599,36.76717376708984,0.5581549326859413,0.958045444832253,0.7053655950748529,0.586349577865084,0.7290660738945007,0.2517494261264801,0.3515895307064056,0.38147200539291515
ood_woman_beating_a_drum_c3_s_seed0.png,ood_woman_beating_a_drum_c3,ood_all,,0,0.5622520446777344,0.7526,5.291884374726179,0.5853410316776465,4.75194999369533,8.20708179473877,1557,38.376502990722656,0.7105047676906416,0.9585861087037266,0.8161089490193747,0.8202859280758242,0.7412015795707703,0.2754386663436889,0.4759890437126159,0.4165304630614622
