file,content,set,style,seed,layers,fg_frac,purity,palette_de,flatness,interior_de,cut_residual,fragments,chroma,edge_p,edge_r,edge_f1,sil_iou,clip_style,clip_text,dino_styleref,palette_js
ood_bicycle_c0_s_seed0.png,ood_bicycle_c0,ood_all,,0,11,0.2830924987792969,0.9937,7.081973977390512e-06,0.735942111007802,0.207472824599998,0.2918345928192138,0,37.039005279541016,0.700507614213198,0.8213882264340404,0.7561472887624371,0.7863909370574735,0.74888014793396,0.2555166482925415,0.317523181438446,0.3551207233193969
ood_bicycle_c1_s_seed0.png,ood_bicycle_c1,ood_all,,0,16,0.7529640197753906,0.973,9.164639576593103e-06,0.7560300934721483,0.2360933597551784,0.3314535319805145,12,50.224647521972656,0.5886202703669265,0.8785211267605634,0.7049291147660585,0.8602540234555884,0.8090078234672546,0.2575182020664215,0.1743170768022537,0.3430160019103436
ood_bicycle_c2_s_seed0.png,ood_bicycle_c2,ood_all,,0,13,0.4576568603515625,0.9828,9.638630908873428e-06,0.7100740172706965,0.3603936012607684,0.4599750936031341,9,44.26444625854492,0.6619352527649667,0.8722704860295845,0.7526846889558303,0.7816358358965473,0.7582069635391235,0.2626715898513794,0.1563603579998016,0.3625890997770651
ood_bicycle_c3_s_seed0.png,ood_bicycle_c3,ood_all,,0,14,0.4199295043945312,0.96705,7.532318822696927e-06,0.7184735015715558,0.2837686761055186,0.3999791145324707,6,44.47334289550781,0.6918225220095484,0.918918918918919,0.789361703691346,0.758642770239984,0.7920669317245483,0.2448575347661972,0.2061923146247863,0.40021973683843903
ood_carp_fish_c0_s_seed0.png,ood_carp_fish_c0,ood_all,,0,13,0.3360519409179687,0.99145,1.0802385869840196e-05,0.6978681862555907,0.4147266386084258,0.5280651450157166,8,51.11993408203125,0.7189172749391728,0.8370492705752821,0.773498867731554,0.7391971945396548,0.7770324349403381,0.2639521062374115,0.2413029223680496,0.3547064660727904
ood_carp_fish_c1_s_seed0.png,ood_carp_fish_c1,ood_all,,0,12,0.3926277160644531,0.99945,1.1288518555681436e-05,0.6663687150837989,0.5932331769955264,0.7006163597106934,8,48.5926513671875,0.7711761922288238,0.9261469600895188,0.8415869248594083,0.8115285156800978,0.823326587677002,0.2481458932161331,0.182884931564331,0.42464355651672353
ood_carp_fish_c2_s_seed0.png,ood_carp_fish_c2,ood_all,,0,13,0.5483551025390625,0.9819,7.754580345369862e-06,0.726507499234772,0.3782104903770422,0.406674176454544,17,46.37944030761719,0.6922830995484155,0.7937838534949704,0.7395671444595271,0.8124616721177432,0.7707167863845825,0.2297864258289337,0.2150112837553024,0.4022479904635076
ood_carp_fish_c3_s_seed0.png,ood_carp_fish_c3,ood_all,,0,13,0.954792022705078,0.99405,1.0566912451657353e-05,0.7119975388844274,0.4345010553412476,0.5379642844200134,6,51.15371322631836,0.8169844198441985,0.8507910135086325,0.8335450788870776,0.94239787744906,0.8191962838172913,0.2711942791938782,0.2343112081289291,0.39637576008388586
ood_cat_c0_s_seed0.png,ood_cat_c0,ood_all,,0,10,0.8600387573242188,0.99915,7.735117724480412e-06,0.7499268143390669,0.3024790863415346,0.3456400632858276,11,55.968257904052734,0.5885224466075839,0.8585109081684424,0.6983293625498967,0.8671119937883109,0.7796193957328796,0.2037673890590667,0.3097144067287445,0.4506959797053884
ood_cat_c1_s_seed0.png,ood_cat_c1,ood_all,,0,11,0.7232894897460938,0.99755,8.885537934782006e-06,0.7181101863865068,0.3220077506613822,0.4215799272060394,4,58.13074493408203,0.6848097112860893,0.8685801490872807,0.7658246475000436,0.6670002962271434,0.8425891399383545,0.2149301022291183,0.3686046302318573,0.4305005532176859
ood_cat_c2_s_seed0.png,ood_cat_c2,ood_all,,0,14,0.2591819763183594,0.9296,9.43206842815398e-06,0.6894014100054457,0.3287719078257625,0.4863598942756653,2,55.2447509765625,0.5257776188773686,0.8968666069829901,0.6629238434998956,0.5368632962358035,0.810831606388092,0.2220052480697631,0.393343836069107,0.37767036986948804
ood_cat_c3_s_seed0.png,ood_cat_c3,ood_all,,0,15,0.2825775146484375,0.97,9.01920230317829e-06,0.6849586910740321,0.3428333838689711,0.5237432718276978,4,48.7066650390625,0.5260680666183924,0.8773969500226484,0.6577584929904144,0.430578630508959,0.8292210102081299,0.2351327091455459,0.4149422347545624,0.36382799517668063
ood_crane_bird_c0_s_seed0.png,ood_crane_bird_c0,ood_all,,0,14,0.39434814453125,0.9141,7.876072851070451e-06,0.6772461693236341,0.36356489213612,0.4619861543178558,10,40.482032775878906,0.6245477317005288,0.8323808145843883,0.7136404197519978,0.6103026121558308,0.794963002204895,0.2629537880420685,0.187548816204071,0.36698370916980183
ood_crane_bird_c1_s_seed0.png,ood_crane_bird_c1,ood_all,,0,16,0.9430046081542968,0.95695,9.828641932513562e-06,0.7570781907986553,0.2873612614467797,0.395561009645462,11,46.43553161621094,0.5186840325757799,0.8273624263293822,0.6376298185714275,0.9230927979565136,0.8106656670570374,0.2036362886428833,0.2447431087493896,0.38383526139480334
ood_crane_bird_c2_s_seed0.png,ood_crane_bird_c2,ood_all,,0,12,0.3295249938964844,0.991,9.147120432011303e-06,0.6942106664505747,0.3474289357345176,0.5004046559333801,10,40.819786071777344,0.5417586246950865,0.8399152859100536,0.6586667760929468,0.4809386391251519,0.8349086046218872,0.2377096563577652,0.3844126760959625,0.43029032260353606
ood_crane_bird_c3_s_seed0.png,ood_crane_bird_c3,ood_all,,0,15,0.3745460510253906,0.9733,8.712313163713293e-06,0.7075113306513214,0.3280774808823662,0.4531645178794861,6,49.62681579589844,0.5861595351294242,0.8069166894789671,0.6790467071909517,0.6571935744665893,0.7641056776046753,0.2553370296955108,0.2465803921222686,0.4703642306441937
ood_deer_c0_s_seed0.png,ood_deer_c0,ood_all,,0,14,0.6063194274902344,0.973,8.482155866143684e-06,0.6774504067495895,0.5712535500553468,0.6159951090812683,19,38.91599655151367,0.7508349103862852,0.8946283709712782,0.8164487416492912,0.881373733665754,0.8277090191841125,0.2409273386001587,0.4829406440258026,0.41807709700227613
ood_deer_c1_s_seed0.png,ood_deer_c1,ood_all,,0,13,0.6092643737792969,0.96865,8.129304570978833e-06,0.733794571580628,0.4991760464680399,0.5666252374649048,15,51.00284576416016,0.6138416047310796,0.8519468407554208,0.7135551074716088,0.7291833862544634,0.8266733884811401,0.2410250306129455,0.3620048463344574,0.4022831258886905
ood_deer_c2_s_seed0.png,ood_deer_c2,ood_all,,0,14,0.4533424377441406,0.98505,1.3802849681764324e-05,0.7275435245411936,0.3232157233709643,0.3439725339412689,19,41.56816101074219,0.6551275251916494,0.8610175500797731,0.744092773086846,0.7174092978341841,0.8065414428710938,0.2456365227699279,0.1803439408540725,0.41507577701335197
ood_deer_c3_s_seed0.png,ood_deer_c3,ood_all,,0,15,0.3767318725585937,0.9017,1.1011615561112443e-05,0.6579618866319691,0.4777216895858823,0.6201776266098022,19,50.896270751953125,0.6050486702994737,0.8940655634025508,0.7216970770284705,0.6191960608103048,0.8271214962005615,0.2456270307302475,0.3954428136348724,0.44356836836330416
ood_frog_c0_s_seed0.png,ood_frog_c0,ood_all,,0,12,0.424530029296875,0.99145,8.808641773308132e-06,0.7448871396736396,0.3231696872247157,0.348794549703598,9,48.85419464111328,0.6230322239830957,0.8841855739925499,0.7309840758492021,0.8710579573884913,0.8297315239906311,0.2774955630302429,0.5008355379104614,0.456453392217669
ood_frog_c1_s_seed0.png,ood_frog_c1,ood_all,,0,15,0.4075164794921875,0.94605,9.81102615293678e-06,0.6937787845883102,0.3676298045467877,0.5264161229133606,4,48.42250442504883,0.7050710700379978,0.8743965305621472,0.7806576053940102,0.7949437522680537,0.8342797756195068,0.2728772759437561,0.4382178783416748,0.4130416145220061
ood_frog_c2_s_seed0.png,ood_frog_c2,ood_all,,0,13,0.5272102355957031,0.99355,5.620775475727356e-06,0.774053037154951,0.3740047214427639,0.3523205518722534,15,24.38521957397461,0.5483359027840754,0.8410119292472233,0.6638467701809669,0.8220343217539515,0.813871443271637,0.2638608813285827,0.3968011736869812,0.38709638619671854
ood_frog_c3_s_seed0.png,ood_frog_c3,ood_all,,0,9,0.3039817810058594,1.0,5.623336886495533e-06,0.7452407544517926,0.2953455204934207,0.329744279384613,7,30.239336013793945,0.5661505981703026,0.8979974968710889,0.6944677546360211,0.7708851775655595,0.8234124183654785,0.261005699634552,0.4004096090793609,0.3741537663274737
ood_potted_chrysanthemum_c0_s_seed0.png,ood_potted_chrysanthemum_c0,ood_all,,0,14,0.5920944213867188,0.8951,1.3426402617394691e-05,0.7289935186258971,0.4103139994236342,0.5737700462341309,9,56.04136276245117,0.7178673437004126,0.855896805896806,0.7808290291630541,0.8208747330299935,0.8259397745132446,0.2543668150901794,0.2475541681051254,0.4430610432558346
ood_potted_chrysanthemum_c1_s_seed0.png,ood_potted_chrysanthemum_c1,ood_all,,0,16,0.2881622314453125,0.85975,1.0537414453082037e-05,0.7128673550436855,0.3618483065098584,0.5455542206764221,6,27.996538162231445,0.6461025710787648,0.8180727708916433,0.7219885562221174,0.6510658849428308,0.7769311666488647,0.2307655215263366,0.3355395793914795,0.5050495916549165
ood_potted_chrysanthemum_c2_s_seed0.png,ood_potted_chrysanthemum_c2,ood_all,,0,14,0.8740997314453125,0.99215,1.0064146762173597e-05,0.7546783625730994,0.2575443672212474,0.3482651114463806,5,44.8250732421875,0.6440085975282106,0.7837895913017319,0.7070568367439748,0.9328536987304688,0.8193549513816833,0.2786727547645569,0.3215289413928985,0.4021338828194437
ood_potted_chrysanthemum_c3_s_seed0.png,ood_potted_chrysanthemum_c3,ood_all,,0,15,0.3435440063476562,0.9722,1.1851337626624575e-05,0.697184036953963,0.3079042175956456,0.3989961743354797,2,46.03319549560547,0.7000647458724506,0.899720443682929,0.7874339228483453,0.7162503966275328,0.7917493581771851,0.2847161293029785,0.2950184941291809,0.4665820874386919
ood_rabbit_c0_s_seed0.png,ood_rabbit_c0,ood_all,,0,10,0.7172088623046875,0.9995,7.236493734721938e-06,0.7386230666127694,0.3510954726080574,0.4109010398387909,18,42.09314727783203,0.5712374192797719,0.8955867309659507,0.6975514452124271,0.4074159837735153,0.7800768613815308,0.2302392125129699,0.3159930109977722,0.34135857471925457
ood_rabbit_c1_s_seed0.png,ood_rabbit_c1,ood_all,,0,12,0.5237083435058594,0.89295,7.696117392856509e-06,0.7151878910603334,0.3202123191113096,0.4197390675544739,9,36.21061706542969,0.5190124155495031,0.913095129306406,0.6618325703122884,0.6930534222652387,0.8464897274971008,0.2365998029708862,0.3204014301300049,0.4972475817359786
ood_rabbit_c2_s_seed0.png,ood_rabbit_c2,ood_all,,0,12,0.426300048828125,0.97835,8.493380582733078e-06,0.7279601259932709,0.3872327331202255,0.4892478585243225,18,36.648956298828125,0.567787442122117,0.9205350118017308,0.7023588448279912,0.6814825074905412,0.813987135887146,0.2729774117469787,0.3053359985351562,0.5930784846821858
ood_rabbit_c3_s_seed0.png,ood_rabbit_c3,ood_all,,0,10,0.1996078491210937,0.9931,8.246339941124262e-06,0.7525895348392768,0.1969654832991649,0.3375692963600158,0,45.286415100097656,0.4587531172069825,0.8999163646501255,0.6077113573560625,0.6473834512176019,0.795615553855896,0.2402633130550384,0.2884927690029144,0.39786897552092143
ood_rooster_c0_s_seed0.png,ood_rooster_c0,ood_all,,0,14,0.6285285949707031,0.99565,1.0898866549331068e-05,0.736157557733742,0.4326457677510137,0.5201615691184998,9,53.314598083496094,0.590981812057932,0.8420969023034154,0.6945381970500176,0.7018844348384047,0.8470243811607361,0.2497066706418991,0.1526766568422317,0.44424255489244646
ood_rooster_c1_s_seed0.png,ood_rooster_c1,ood_all,,0,13,0.4074134826660156,0.98155,5.156793804908904e-06,0.6897594591810938,0.3394161678466664,0.4606300592422485,6,34.83090591430664,0.6506683640992998,0.9015138772077376,0.7558217638176714,0.539144986107603,0.8368901610374451,0.2441653609275818,0.1328580677509308,0.3943154914585981
ood_rooster_c2_s_seed0.png,ood_rooster_c2,ood_all,,0,14,0.4448356628417969,0.99255,7.827124605454303e-06,0.7060568900018008,0.3653058442496423,0.4407601654529571,4,51.01061630249024,0.7150809947524527,0.8863124530819918,0.7915421303470693,0.8029546335789065,0.8161207437515259,0.2533462941646576,0.0909573882818222,0.4043157681488845
ood_rooster_c3_s_seed0.png,ood_rooster_c3,ood_all,,0,16,0.2949714660644531,0.9239,7.248931867240999e-06,0.6768186226964112,0.3423080051795464,0.4446853697299957,3,46.33455276489258,0.709433337015354,0.8951847031734909,0.7915576857689173,0.729922220989236,0.7856982350349426,0.2524152398109436,0.125437244772911,0.4616006276439838
ood_teapot_c0_s_seed0.png,ood_teapot_c0,ood_all,,0,12,0.2167243957519531,0.9967,4.725834197572626e-06,0.7745058349321459,0.1697507078116752,0.2736222743988037,1,29.710880279541016,0.4293351152689609,0.8437405731523379,0.5690902112515711,0.6694890096415711,0.823336660861969,0.2638488411903381,0.3848080933094024,0.3821855035227358
ood_teapot_c1_s_seed0.png,ood_teapot_c1,ood_all,,0,12,0.2577552795410156,0.94815,7.927932520786363e-06,0.7549911941866833,0.2227594990977311,0.3456504046916961,1,48.856964111328125,0.4778574053656744,0.8828370854514646,0.6200807629655133,0.8525902947647485,0.8258016109466553,0.2669592499732971,0.2276226133108139,0.4427084920151582
ood_teapot_c2_s_seed0.png,ood_teapot_c2,ood_all,,0,13,0.3555564880371094,0.9921,7.20891331278527e-06,0.6825774888152177,0.4401398406317907,0.5607867240905762,8,32.46356201171875,0.7138500489096036,0.8750365817968979,0.7862674336125017,0.8495972559448106,0.7435120344161987,0.2615557909011841,0.1926636099815368,0.4144253487979954
ood_teapot_c3_s_seed0.png,ood_teapot_c3,ood_all,,0,14,0.3265762329101562,0.9836,6.904096025208251e-06,0.7631701903983179,0.2531158891404241,0.3729071319103241,6,31.833927154541016,0.4165089237425635,0.94664079553723,0.578490144323005,0.7613220426171775,0.8218634128570557,0.2637518644332886,0.3120477199554443,0.4661212152118821
ood_tiger_c0_s_seed0.png,ood_tiger_c0,ood_all,,0,12,0.5540885925292969,0.9971,4.473219987947739e-06,0.7629964681826631,0.2872938898208577,0.3360534012317657,5,40.28422546386719,0.6602977199924628,0.8554740366122944,0.745320070025738,0.6741131835186118,0.7893666625022888,0.2278909981250763,0.1981622278690338,0.2930461952477196
ood_tiger_c1_s_seed0.png,ood_tiger_c1,ood_all,,0,13,0.5172767639160156,0.9816,7.581968310974603e-06,0.7312999166672812,0.4391452321775782,0.486041247844696,7,44.93408584594727,0.6779593936755451,0.8262964012468121,0.7448140257481785,0.8015194509119131,0.8070535063743591,0.2565390467643738,0.330824464559555,0.30767028521774276
ood_tiger_c2_s_seed0.png,ood_tiger_c2,ood_all,,0,12,0.4605636596679687,0.98635,6.529366250884249e-06,0.7585767058160916,0.3119195179257038,0.3993347883224487,6,43.78342056274414,0.6342073046317078,0.775827649309599,0.69790548234576,0.7901198677601022,0.8259185552597046,0.2543801069259643,0.2738599181175232,0.30697039027417794
ood_tiger_c3_s_seed0.png,ood_tiger_c3,ood_all,,0,10,0.4446487426757812,0.9962,4.589976985750251e-06,0.723014361455706,0.4262797223755523,0.4879040718078613,4,28.73985481262207,0.6697695968998778,0.8250476609473529,0.7393436707998859,0.8937353054968602,0.8177865147590637,0.2611827850341797,0.3309946656227112,0.3221232379762503
ood_woman_beating_a_drum_c0_s_seed0.png,ood_woman_beating_a_drum_c0,ood_all,,0,15,0.7685813903808594,0.96825,6.592004237177169e-06,0.7480680368673658,0.3685461736660916,0.4123956561088562,7,50.95555877685547,0.4810742163300706,0.7548628428927681,0.5876432749895443,0.8790479162332709,0.7956013679504395,0.2424297928810119,0.4160053431987762,0.33351127315328527
ood_woman_beating_a_drum_c1_s_seed0.png,ood_woman_beating_a_drum_c1,ood_all,,0,14,0.5715866088867188,0.9455,8.40533872456627e-06,0.7355010077550421,0.3393378568030861,0.3653079569339752,13,47.63837814331055,0.4839473995972041,0.8513774524753481,0.6171111150393696,0.828814937193507,0.804654598236084,0.2539541125297546,0.3864868581295013,0.3959676662020556
ood_woman_beating_a_drum_c2_s_seed0.png,ood_woman_beating_a_drum_c2,ood_all,,0,16,0.6332817077636719,0.9841,8.488486046021252e-06,0.7354753600665016,0.2832143421870148,0.3547155857086181,9,35.549686431884766,0.5662670552391045,0.9030557732032196,0.6960631435238506,0.5815256120053656,0.7616966366767883,0.2769112288951874,0.3922533392906189,0.38147200539291515
ood_woman_beating_a_drum_c3_s_seed0.png,ood_woman_beating_a_drum_c3,ood_all,,0,13,0.5359764099121094,0.97795,1.0952859917913282e-05,0.72571404169306,0.4084612368409383,0.2933409512042999,14,40.15133666992188,0.7472974419351386,0.8789773430729231,0.8078063142251621,0.8428933492586012,0.7728310823440552,0.2613698840141296,0.3920480012893677,0.4165304630614622
