piece,sheet,area_mm2,cx_mm,cy_mm
1,7,38.9862060546875,128.96568462573384,10.307416523972602
2,7,11.749267578125,74.67025162337663,11.92864752435065
3,7,19.11163330078125,155.73306511976048,45.99044099301397
4,7,20.17974853515625,44.754622518903595,46.02766127126654
5,7,11.10076904296875,90.5236522766323,112.73356958762886
6,7,20.294189453125,83.45901374530075,112.89613193139098
7,7,12.70294189453125,117.54762575075075,113.35397897897899
8,7,47.5311279296875,107.52752558186197,123.07838207263242
9,7,78.2012939453125,94.23723323170732,125.17597179878048
10,7,18.8446044921875,82.01543522267207,126.3877467105263
11,7,67.5201416015625,49.13764565677966,130.42185293079095
12,7,63.43841552734375,151.44012139206254,131.42393734966927
13,7,48.40850830078125,70.72990543735224,132.2762756107171
14,7,29.60205078125,128.6782176224227,133.3103455219072
15,7,24.4903564453125,112.62868720794393,137.32902550623055
16,7,25.93994140625,88.06267233455883,137.95438878676472
17,7,19.073486328125,45.2421875,143.20703125
18,7,22.08709716796875,172.6741283462867,143.65790965025906
19,7,21.5911865234375,154.65057696554769,144.5012284673145
20,7,47.26409912109375,138.252717665456,145.32448042776434
21,7,43.75457763671875,61.55459895379251,146.96235423931995
22,7,51.99432373046875,125.2636647101981,156.13636624174615
23,7,29.5257568359375,75.41030765503875,156.30248708010336
24,7,43.3349609375,31.86189893265845,158.5689920774648
25,7,9.11712646484375,167.9916317991632,164.0289945083682
26,7,33.91265869140625,36.24002566085489,166.48600077334083
27,7,30.8990478515625,71.61024305555556,182.4071662808642
28,7,25.90179443359375,129.7680412371134,182.7774070324006
29,0,26.89361572265625,70.72334884751773,8.881316489361703
30,0,14.99176025390625,100.32899968193385,40.04403228371501
31,0,18.73016357421875,119.60046461303462,126.1603392311609
32,0,25.97808837890625,106.46022622980911,131.44015005506608
33,0,16.13616943359375,28.400653812056735,143.17976137706856
34,0,8.96453857421875,92.63297872340426,150.92087765957447
35,0,11.94000244140625,78.52436102236422,155.77513478434503
36,0,10.41412353515625,111.2530048076923,156.07972756410254
37,0,71.06781005859375,166.45940267713365,161.93555421363394
38,0,16.5557861328125,33.9065200172811,162.30018721198155
39,6,1320.953369140625,100.2392674010194,36.39971739813157
40,6,92.6971435546875,120.44262795781893,99.13652584876543
41,6,98.83880615234375,80.32808881705905,99.22266981860287
42,6,297.6226806640625,100.44927883074853,159.25811791047167
43,6,33.5693359375,130.19664417613637,168.0646306818182
44,9,539.7796630859375,100.53714388250883,77.76112522084806
45,9,524.6734619140625,100.64227054402355,107.17977213446997
46,9,77.056884765625,138.8520072710396,165.26869972153466
47,9,30.21240234375,128.16421046401516,172.94379340277777
48,9,143.69964599609375,69.36554287231218,173.22144818489514
49,9,28.6865234375,134.2534491356383,183.17585397273936
50,8,412.139892578125,100.30038064605702,14.385007867456498
51,8,42.53387451171875,69.30493273542601,15.991276625560538
52,8,48.10333251953125,131.640625,16.144490979381445
53,8,27.77099609375,61.042399982829664,30.191878434065934
54,8,29.3731689453125,141.42223011363637,30.295251623376622
55,8,36.3922119140625,69.44649174528303,31.615238469601675
56,8,36.3922119140625,132.0249033674004,31.757525877882596
57,8,25.67291259765625,52.286868499257054,32.17316354011887
58,8,21.7437744140625,149.73581414473685,32.57743969298246
59,8,23.76556396484375,156.36066663322632,36.28580206661316
60,8,22.5830078125,43.93607474662162,36.513869826858105
61,8,44.097900390625,37.372438635380625,43.7837910899654
62,8,43.90716552734375,163.41496524761078,43.84078382927889
63,8,271.79718017578125,123.30600328947368,59.94048793859649
64,8,265.69366455078125,77.58659368269922,59.95331007717157
65,8,20.8282470703125,122.31713598901099,90.1778559981685
66,8,22.9644775390625,78.10845359219269,90.28466310215947
67,8,347.6715087890625,165.5660247970156,122.23118708168752
68,8,338.93585205078125,35.05713192881261,122.37821820483963
69,8,1695.7855224609375,139.55777583991318,134.74501468512395
70,8,1707.916259765625,61.15086403053247,134.7511680710042
71,8,72.05963134765625,100.48740239544733,143.3829489809423
72,8,110.35919189453125,88.92234488420326,158.79662385499483
73,8,102.23388671875,112.04320195895522,159.82472889458955
74,8,60.882568359375,173.00600133145363,161.82705298402254
75,8,53.9398193359375,27.208661156294202,161.89790156471005
76,8,1669.0444946289062,99.95511468499303,179.7735967747926
77,8,47.56927490234375,131.06988021251001,198.30624749398555
78,8,44.9371337890625,69.87395877546689,198.38212277164686
79,10,20.0653076171875,116.01748158269962,162.20814519961976
80,10,18.9971923828125,84.74679969879519,163.8816986696787
81,5,18.19610595703125,99.18435534591194,80.78116810796647
82,5,25.59661865234375,29.83944206408346,153.80524636736214
83,5,27.65655517578125,170.64655172413794,154.12904094827587
84,5,14.38140869140625,147.54331067639257,166.3477080570292
85,5,167.73223876953125,56.78916377643848,173.58630529338186
86,5,106.658935546875,144.95086451627324,178.48020889216738
87,5,35.66741943359375,128.85883188502675,178.66080381016042
88,1,10.6048583984375,99.236314073741,99.04943232913669
89,1,14.8773193359375,113.98237179487178,99.72105368589743
90,1,11.138916015625,87.5836098030822,100.10033176369863
91,1,10.79559326171875,124.99240834805654,100.26501766784452
92,1,26.89361572265625,73.77271719858156,107.7346520390071
93,1,22.85003662109375,39.292701377295494,144.94991652754592
94,1,16.89910888671875,159.2938769751693,146.28465363995485
95,4,124.4354248046875,33.5913549969344,126.47520213825874
96,4,113.33465576171875,167.90610011359811,127.99404661730058
97,4,25.5584716796875,49.67409048507463,135.31862173507463
98,4,12.359619140625,151.34367766203704,136.1400462962963
99,4,12.8936767578125,131.54239090236686,136.5661982248521
100,4,16.51763916015625,70.22499278290994,136.81347430715937
101,4,50.46844482421875,100.65561815003778,137.33908493953138
102,4,16.67022705078125,45.16188143592677,146.5272811784897
103,4,30.517578125,26.769287109375,149.80322265625
104,4,30.09796142578125,173.73306796577947,149.80592522179975
105,4,25.0244140625,139.526962652439,149.97886099466464
106,4,11.6729736328125,63.006152982026144,150.7742289624183
107,4,30.09796142578125,120.02312064321927,169.8716234949303
108,4,30.2886962890625,80.75950488035264,169.90121221662469
109,4,107.1929931640625,137.64353036032028,174.2040146797153
110,4,105.78155517578125,63.18116378921745,174.22734290479625
111,4,658.5693359375,99.44992560385774,187.90713107840014
112,2,34.67559814453125,100.06832714521452,5.859160134763476
113,2,43.8690185546875,145.2172214673913,37.38705842391305
114,2,65.6890869140625,64.44405124854819,37.60548236062718
115,2,63.4002685546875,136.2577325887485,37.7300973977136
116,2,58.47930908203125,45.69955764840183,41.68170050554468
117,2,57.4493408203125,155.46472962317398,41.7011640936255
118,2,23.7274169921875,69.53690213022507,46.507611535369776
119,2,24.4140625,131.05560302734375,46.62017822265625
120,2,258.4075927734375,100.45267290374964,50.86630637363449
121,2,43.1060791015625,112.71760923672566,95.46166344026548
122,2,52.07061767578125,88.23145604395604,95.56876717032966
123,2,30.5938720703125,101.54569630610972,96.34653600374065
124,2,214.11895751953125,63.35362662569036,101.01828344913592
125,2,223.35052490234375,139.01459756618274,102.07588332621691
126,2,19.03533935546875,126.66504884769539,107.13301603206413
127,2,12.77923583984375,147.40030317164178,127.12161847014924
128,2,12.01629638671875,127.94828869047619,127.29476686507937
129,2,10.7574462890625,73.60857158687944,127.71706006205675
130,2,17.1661376953125,65.65885416666667,130.30685763888889
131,2,20.6756591796875,134.41860297509226,131.77431676660515
132,2,15.29693603515625,91.79590087281795,134.54011455735662
133,2,15.2587890625,109.18701171875,134.7099609375
134,2,13.23699951171875,64.90228746397695,142.6766255403458
135,2,17.6239013671875,162.60526582792207,143.66840841450218
136,2,20.751953125,56.12900677849265,145.30280618106616
137,2,19.83642578125,144.67022235576923,145.4473407451923
138,2,56.8389892578125,125.76158766778522,149.60006816275168
139,2,62.67547607421875,74.69009148660986,150.1861590839927
140,11,23.5748291015625,116.02068163430421,153.62086620145632
141,11,54.168701171875,83.6088798415493,157.68802266725353
142,12,14.2669677734375,97.04106784759358,115.65998913770052
143,3,53.558349609375,100.24775752314814,18.385110621438745
144,3,65.04058837890625,79.86150568181817,23.78264754398827
145,3,60.99700927734375,121.24142530487805,23.818108974358974
146,3,44.28863525390625,100.440252207149,34.54491009905254
147,3,45.8526611328125,55.45136361272879,37.40640599001664
148,3,41.99981689453125,79.01304212079927,49.86411500908265
149,3,47.2259521484375,122.44500328150242,50.002524232633284
150,3,32.23419189453125,106.26456176035504,93.55399408284025
151,3,37.7655029296875,95.40621054292929,93.83759469696969
152,3,46.19598388671875,64.4784462737407,115.41017237819983
153,3,94.6807861328125,128.526641821112,116.57740418513296
154,3,46.4630126953125,78.28647757594418,117.6637546182266
155,3,63.2476806640625,47.72045103287093,125.28684314686369
156,3,63.97247314453125,153.69498173822302,125.77274802474656
157,3,45.58563232421875,68.63444691422595,125.8258695083682
158,3,59.051513671875,132.03339490471578,126.96940104166667
159,3,92.315673828125,85.96760395144628,136.29406637396696
160,3,94.451904296875,115.26080056037964,136.35597044123585
161,3,48.17962646484375,40.76185792755345,140.14390959026127
162,3,53.0242919921875,159.41574865107916,140.23957396582733
163,3,56.95343017578125,141.39918578365706,140.39227331714667
164,3,54.35943603515625,59.599369517543856,140.5513980263158
165,3,67.40570068359375,107.17980687606112,146.2287112691002
166,3,59.8907470703125,93.89542695063695,146.281349522293
167,3,50.92620849609375,131.78882841760299,160.999531835206
168,3,26.0162353515625,118.676399835044,163.01835135630498
169,3,87.31842041015625,71.22856596767147,163.67281359218
170,3,27.6947021484375,125.59077995867769,168.5296681301653
171,3,67.17681884765625,101.01804283787621,170.690703080636
