entry,subset,category,role,group,group_size,in_heldout_refs
data/整理的数据-常用_副本/库淑兰-data-处理后/Representative elements/animals/1.jpg,representative,animals,train,0,1,False
data/整理的数据-常用_副本/库淑兰-data-处理后/Representative elements/animals/10.jpg,representative,animals,train,180,2,False
data/整理的数据-常用_副本/库淑兰-data-处理后/Representative elements/animals/11.jpg,representative,animals,train,2,1,False
data/整理的数据-常用_副本/库淑兰-data-处理后/Representative elements/animals/12.jpg,representative,animals,held_out,181,2,True
data/整理的数据-常用_副本/库淑兰-data-处理后/Representative elements/animals/13.jpg,representative,animals,train,212,2,False
data/整理的数据-常用_副本/库淑兰-data-处理后/Representative elements/animals/14.jpg,representative,animals,train,5,1,False
data/整理的数据-常用_副本/库淑兰-data-处理后/Representative elements/animals/15.jpg,representative,animals,train,6,1,False
data/整理的数据-常用_副本/库淑兰-data-处理后/Representative elements/animals/16.jpg,representative,animals,train,190,3,False
data/整理的数据-常用_副本/库淑兰-data-处理后/Representative elements/animals/17.jpg,representative,animals,train,211,2,False
data/整理的数据-常用_副本/库淑兰-data-处理后/Representative elements/animals/18.jpg,representative,animals,held_out,9,1,True
data/整理的数据-常用_副本/库淑兰-data-处理后/Representative elements/animals/19.jpg,representative,animals,train,10,1,False
data/整理的数据-常用_副本/库淑兰-data-处理后/Representative elements/animals/2.jpg,representative,animals,train,11,1,False
data/整理的数据-常用_副本/库淑兰-data-处理后/Representative elements/animals/20.jpg,representative,animals,train,12,1,False
data/整理的数据-常用_副本/库淑兰-data-处理后/Representative elements/animals/21.jpg,representative,animals,train,13,1,False
data/整理的数据-常用_副本/库淑兰-data-处理后/Representative elements/animals/22.jpg,representative,animals,train,14,1,False
data/整理的数据-常用_副本/库淑兰-data-处理后/Representative elements/animals/23.jpg,representative,animals,train,15,1,False
data/整理的数据-常用_副本/库淑兰-data-处理后/Representative elements/animals/24.jpg,representative,animals,train,16,1,False
data/整理的数据-常用_副本/库淑兰-data-处理后/Representative elements/animals/25.jpg,representative,animals,train,26,2,False
data/整理的数据-常用_副本/库淑兰-data-处理后/Representative elements/animals/26.jpg,representative,animals,train,18,1,False
data/整理的数据-常用_副本/库淑兰-data-处理后/Representative elements/animals/27.jpg,representative,animals,train,19,1,False
data/整理的数据-常用_副本/库淑兰-data-处理后/Representative elements/animals/28.jpg,representative,animals,train,20,1,False
data/整理的数据-常用_副本/库淑兰-data-处理后/Representative elements/animals/29.jpg,representative,animals,train,21,1,False
data/整理的数据-常用_副本/库淑兰-data-处理后/Representative elements/animals/3.jpg,representative,animals,train,210,2,False
data/整理的数据-常用_副本/库淑兰-data-处理后/Representative elements/animals/30.jpg,representative,animals,train,23,1,False
data/整理的数据-常用_副本/库淑兰-data-处理后/Representative elements/animals/31.jpg,representative,animals,train,24,1,False
data/整理的数据-常用_副本/库淑兰-data-处理后/Representative elements/animals/32.jpg,representative,animals,train,25,1,False
data/整理的数据-常用_副本/库淑兰-data-处理后/Representative elements/animals/33.jpg,representative,animals,train,26,2,False
data/整理的数据-常用_副本/库淑兰-data-处理后/Representative elements/animals/34.jpg,representative,animals,train,27,1,False
data/整理的数据-常用_副本/库淑兰-data-处理后/Representative elements/animals/35.jpg,representative,animals,train,28,1,False
data/整理的数据-常用_副本/库淑兰-data-处理后/Representative elements/animals/36.jpg,representative,animals,train,29,1,False
data/整理的数据-常用_副本/库淑兰-data-处理后/Representative elements/animals/37.jpg,representative,animals,train,30,1,False
data/整理的数据-常用_副本/库淑兰-data-处理后/Representative elements/animals/38.jpg,representative,animals,held_out,31,1,True
data/整理的数据-常用_副本/库淑兰-data-处理后/Representative elements/animals/39.jpg,representative,animals,train,32,1,False
data/整理的数据-常用_副本/库淑兰-data-处理后/Representative elements/animals/4.jpg,representative,animals,train,33,1,False
data/整理的数据-常用_副本/库淑兰-data-处理后/Representative elements/animals/40.jpg,representative,animals,train,34,1,False
data/整理的数据-常用_副本/库淑兰-data-处理后/Representative elements/animals/41.jpg,representative,animals,train,35,1,False
data/整理的数据-常用_副本/库淑兰-data-处理后/Representative elements/animals/42.jpg,representative,animals,train,36,1,False
data/整理的数据-常用_副本/库淑兰-data-处理后/Representative elements/animals/43.jpg,representative,animals,train,37,1,False
data/整理的数据-常用_副本/库淑兰-data-处理后/Representative elements/animals/44.jpg,representative,animals,train,38,1,False
data/整理的数据-常用_副本/库淑兰-data-处理后/Representative elements/animals/45.jpg,representative,animals,train,39,1,False
data/整理的数据-常用_副本/库淑兰-data-处理后/Representative elements/animals/46.jpg,representative,animals,train,40,1,False
data/整理的数据-常用_副本/库淑兰-data-处理后/Representative elements/animals/5.jpg,representative,animals,train,41,1,False
data/整理的数据-常用_副本/库淑兰-data-处理后/Representative elements/animals/6.jpg,representative,animals,train,42,1,False
data/整理的数据-常用_副本/库淑兰-data-处理后/Representative elements/animals/7.jpg,representative,animals,train,43,1,False
data/整理的数据-常用_副本/库淑兰-data-处理后/Representative elements/animals/8.jpg,representative,animals,train,257,4,False
data/整理的数据-常用_副本/库淑兰-data-处理后/Representative elements/animals/9.jpg,representative,animals,train,45,1,False
data/整理的数据-常用_副本/库淑兰-data-处理后/Representative elements/daily/1.jpg,representative,daily,train,46,1,False
data/整理的数据-常用_副本/库淑兰-data-处理后/Representative elements/daily/10.jpg,representative,daily,train,47,1,False
data/整理的数据-常用_副本/库淑兰-data-处理后/Representative elements/daily/11.jpg,representative,daily,train,48,1,False
data/整理的数据-常用_副本/库淑兰-data-处理后/Representative elements/daily/12.jpg,representative,daily,train,49,1,False
data/整理的数据-常用_副本/库淑兰-data-处理后/Representative elements/daily/13.jpg,representative,daily,train,50,1,False
data/整理的数据-常用_副本/库淑兰-data-处理后/Representative elements/daily/14.jpg,representative,daily,train,51,1,False
data/整理的数据-常用_副本/库淑兰-data-处理后/Representative elements/daily/15.jpg,representative,daily,train,52,1,False
data/整理的数据-常用_副本/库淑兰-data-处理后/Representative elements/daily/16.jpg,representative,daily,train,53,1,False
data/整理的数据-常用_副本/库淑兰-data-处理后/Representative elements/daily/17.jpg,representative,daily,train,54,1,False
data/整理的数据-常用_副本/库淑兰-data-处理后/Representative elements/daily/18.jpg,representative,daily,train,55,1,False
data/整理的数据-常用_副本/库淑兰-data-处理后/Representative elements/daily/19.jpg,representative,daily,train,56,1,False
data/整理的数据-常用_副本/库淑兰-data-处理后/Representative elements/daily/2.jpg,representative,daily,train,57,1,False
data/整理的数据-常用_副本/库淑兰-data-处理后/Representative elements/daily/20.jpg,representative,daily,train,58,1,False
data/整理的数据-常用_副本/库淑兰-data-处理后/Representative elements/daily/21.jpg,representative,daily,train,59,1,False
data/整理的数据-常用_副本/库淑兰-data-处理后/Representative elements/daily/22.jpg,representative,daily,train,60,1,False
data/整理的数据-常用_副本/库淑兰-data-处理后/Representative elements/daily/23.jpg,representative,daily,train,61,1,False
data/整理的数据-常用_副本/库淑兰-data-处理后/Representative elements/daily/24.jpg,representative,daily,train,264,2,False
data/整理的数据-常用_副本/库淑兰-data-处理后/Representative elements/daily/25.jpg,representative,daily,held_out,63,1,True
data/整理的数据-常用_副本/库淑兰-data-处理后/Representative elements/daily/3.jpg,representative,daily,held_out,64,1,True
data/整理的数据-常用_副本/库淑兰-data-处理后/Representative elements/daily/4.jpg,representative,daily,train,65,1,False
data/整理的数据-常用_副本/库淑兰-data-处理后/Representative elements/daily/5.jpg,representative,daily,train,66,1,False
data/整理的数据-常用_副本/库淑兰-data-处理后/Representative elements/daily/6.jpg,representative,daily,held_out,67,1,True
data/整理的数据-常用_副本/库淑兰-data-处理后/Representative elements/daily/7.jpg,representative,daily,train,68,1,False
data/整理的数据-常用_副本/库淑兰-data-处理后/Representative elements/daily/8.jpg,representative,daily,train,69,1,False
data/整理的数据-常用_副本/库淑兰-data-处理后/Representative elements/daily/9.jpg,representative,daily,train,70,1,False
data/整理的数据-常用_副本/库淑兰-data-处理后/Representative elements/frame/1.jpg,representative,frame,train,258,7,False
data/整理的数据-常用_副本/库淑兰-data-处理后/Representative elements/frame/10.jpg,representative,frame,train,72,1,False
data/整理的数据-常用_副本/库淑兰-data-处理后/Representative elements/frame/11.jpg,representative,frame,train,73,1,False
data/整理的数据-常用_副本/库淑兰-data-处理后/Representative elements/frame/12.jpg,representative,frame,held_out,74,1,True
data/整理的数据-常用_副本/库淑兰-data-处理后/Representative elements/frame/13.jpg,representative,frame,train,75,1,False
data/整理的数据-常用_副本/库淑兰-data-处理后/Representative elements/frame/14.jpg,representative,frame,train,76,1,False
data/整理的数据-常用_副本/库淑兰-data-处理后/Representative elements/frame/15.jpg,representative,frame,train,280,2,False
data/整理的数据-常用_副本/库淑兰-data-处理后/Representative elements/frame/16.jpg,representative,frame,train,78,1,False
data/整理的数据-常用_副本/库淑兰-data-处理后/Representative elements/frame/17.jpg,representative,frame,train,202,2,False
data/整理的数据-常用_副本/库淑兰-data-处理后/Representative elements/frame/18.jpg,representative,frame,train,253,7,False
data/整理的数据-常用_副本/库淑兰-data-处理后/Representative elements/frame/19.jpg,representative,frame,train,81,1,False
data/整理的数据-常用_副本/库淑兰-data-处理后/Representative elements/frame/2.jpg,representative,frame,held_out,82,1,True
data/整理的数据-常用_副本/库淑兰-data-处理后/Representative elements/frame/20.jpg,representative,frame,train,253,7,False
data/整理的数据-常用_副本/库淑兰-data-处理后/Representative elements/frame/3.jpg,representative,frame,train,253,7,False
data/整理的数据-常用_副本/库淑兰-data-处理后/Representative elements/frame/4.jpg,representative,frame,train,276,2,False
data/整理的数据-常用_副本/库淑兰-data-处理后/Representative elements/frame/5.jpg,representative,frame,train,253,7,False
data/整理的数据-常用_副本/库淑兰-data-处理后/Representative elements/frame/6.jpg,representative,frame,train,87,1,False
data/整理的数据-常用_副本/库淑兰-data-处理后/Representative elements/frame/7.jpg,representative,frame,train,277,2,False
data/整理的数据-常用_副本/库淑兰-data-处理后/Representative elements/frame/8.jpg,representative,frame,train,279,3,False
data/整理的数据-常用_副本/库淑兰-data-处理后/Representative elements/frame/9.jpg,representative,frame,held_out,90,1,True
data/整理的数据-常用_副本/库淑兰-data-处理后/Representative elements/person/1.jpg,representative,person,train,91,1,False
data/整理的数据-常用_副本/库淑兰-data-处理后/Representative elements/person/10.jpg,representative,person,train,92,1,False
data/整理的数据-常用_副本/库淑兰-data-处理后/Representative elements/person/11.jpg,representative,person,train,93,1,False
data/整理的数据-常用_副本/库淑兰-data-处理后/Representative elements/person/12.jpg,representative,person,train,94,1,False
data/整理的数据-常用_副本/库淑兰-data-处理后/Representative elements/person/13.jpg,representative,person,train,95,1,False
data/整理的数据-常用_副本/库淑兰-data-处理后/Representative elements/person/14.jpg,representative,person,train,96,1,False
data/整理的数据-常用_副本/库淑兰-data-处理后/Representative elements/person/15.jpg,representative,person,train,97,1,False
data/整理的数据-常用_副本/库淑兰-data-处理后/Representative elements/person/16.jpg,representative,person,held_out,98,1,True
data/整理的数据-常用_副本/库淑兰-data-处理后/Representative elements/person/17.jpg,representative,person,train,99,1,False
data/整理的数据-常用_副本/库淑兰-data-处理后/Representative elements/person/18.jpg,representative,person,train,114,4,False
data/整理的数据-常用_副本/库淑兰-data-处理后/Representative elements/person/19.jpg,representative,person,train,101,1,False
data/整理的数据-常用_副本/库淑兰-data-处理后/Representative elements/person/2.jpg,representative,person,train,102,1,False
data/整理的数据-常用_副本/库淑兰-data-处理后/Representative elements/person/20.jpg,representative,person,train,103,1,False
data/整理的数据-常用_副本/库淑兰-data-处理后/Representative elements/person/21.jpg,representative,person,train,104,1,False
data/整理的数据-常用_副本/库淑兰-data-处理后/Representative elements/person/22.jpg,representative,person,train,105,1,False
data/整理的数据-常用_副本/库淑兰-data-处理后/Representative elements/person/23.jpg,representative,person,held_out,114,4,False
data/整理的数据-常用_副本/库淑兰-data-处理后/Representative elements/person/24.jpg,representative,person,train,107,1,False
data/整理的数据-常用_副本/库淑兰-data-处理后/Representative elements/person/25.jpg,representative,person,train,108,1,False
data/整理的数据-常用_副本/库淑兰-data-处理后/Representative elements/person/26.jpg,representative,person,held_out,114,4,False
data/整理的数据-常用_副本/库淑兰-data-处理后/Representative elements/person/27.jpg,representative,person,train,110,1,False
data/整理的数据-常用_副本/库淑兰-data-处理后/Representative elements/person/28.jpg,representative,person,train,111,1,False
data/整理的数据-常用_副本/库淑兰-data-处理后/Representative elements/person/29.jpg,representative,person,train,112,1,False
data/整理的数据-常用_副本/库淑兰-data-处理后/Representative elements/person/3.jpg,representative,person,held_out,113,1,True
data/整理的数据-常用_副本/库淑兰-data-处理后/Representative elements/person/30.jpg,representative,person,train,114,4,False
data/整理的数据-常用_副本/库淑兰-data-处理后/Representative elements/person/4.jpg,representative,person,train,115,1,False
data/整理的数据-常用_副本/库淑兰-data-处理后/Representative elements/person/5.jpg,representative,person,held_out,116,1,True
data/整理的数据-常用_副本/库淑兰-data-处理后/Representative elements/person/6.jpg,representative,person,train,117,1,False
data/整理的数据-常用_副本/库淑兰-data-处理后/Representative elements/person/7.jpg,representative,person,train,118,1,False
data/整理的数据-常用_副本/库淑兰-data-处理后/Representative elements/person/8.jpg,representative,person,train,119,1,False
data/整理的数据-常用_副本/库淑兰-data-处理后/Representative elements/person/9.jpg,representative,person,train,120,1,False
data/整理的数据-常用_副本/库淑兰-data-处理后/Representative elements/plants/1.jpg,representative,plants,train,123,2,False
data/整理的数据-常用_副本/库淑兰-data-处理后/Representative elements/plants/10.jpg,representative,plants,train,122,1,False
data/整理的数据-常用_副本/库淑兰-data-处理后/Representative elements/plants/11.jpg,representative,plants,train,123,2,False
data/整理的数据-常用_副本/库淑兰-data-处理后/Representative elements/plants/12.jpg,representative,plants,train,244,2,False
data/整理的数据-常用_副本/库淑兰-data-处理后/Representative elements/plants/13.jpg,representative,plants,train,125,1,False
data/整理的数据-常用_副本/库淑兰-data-处理后/Representative elements/plants/14.jpg,representative,plants,train,126,1,False
data/整理的数据-常用_副本/库淑兰-data-处理后/Representative elements/plants/15.jpg,representative,plants,train,127,1,False
data/整理的数据-常用_副本/库淑兰-data-处理后/Representative elements/plants/16.jpg,representative,plants,train,128,1,False
data/整理的数据-常用_副本/库淑兰-data-处理后/Representative elements/plants/17.jpg,representative,plants,held_out,158,3,False
data/整理的数据-常用_副本/库淑兰-data-处理后/Representative elements/plants/18.jpg,representative,plants,train,130,1,False
data/整理的数据-常用_副本/库淑兰-data-处理后/Representative elements/plants/19.jpg,representative,plants,train,131,1,False
data/整理的数据-常用_副本/库淑兰-data-处理后/Representative elements/plants/2.jpg,representative,plants,train,132,1,False
data/整理的数据-常用_副本/库淑兰-data-处理后/Representative elements/plants/20.jpg,representative,plants,train,133,1,False
data/整理的数据-常用_副本/库淑兰-data-处理后/Representative elements/plants/21.jpg,representative,plants,train,134,1,False
data/整理的数据-常用_副本/库淑兰-data-处理后/Representative elements/plants/22.jpg,representative,plants,train,135,1,False
data/整理的数据-常用_副本/库淑兰-data-处理后/Representative elements/plants/23.jpg,representative,plants,train,270,2,False
data/整理的数据-常用_副本/库淑兰-data-处理后/Representative elements/plants/24.jpg,representative,plants,train,156,2,False
data/整理的数据-常用_副本/库淑兰-data-处理后/Representative elements/plants/25.jpg,representative,plants,train,138,1,False
data/整理的数据-常用_副本/库淑兰-data-处理后/Representative elements/plants/26.jpg,representative,plants,train,271,2,False
data/整理的数据-常用_副本/库淑兰-data-处理后/Representative elements/plants/27.jpg,representative,plants,train,140,1,False
data/整理的数据-常用_副本/库淑兰-data-处理后/Representative elements/plants/28.jpg,representative,plants,train,141,1,False
data/整理的数据-常用_副本/库淑兰-data-处理后/Representative elements/plants/29.jpg,representative,plants,held_out,142,1,True
data/整理的数据-常用_副本/库淑兰-data-处理后/Representative elements/plants/3.jpg,representative,plants,train,143,1,False
data/整理的数据-常用_副本/库淑兰-data-处理后/Representative elements/plants/30.jpg,representative,plants,train,144,1,False
data/整理的数据-常用_副本/库淑兰-data-处理后/Representative elements/plants/31.jpg,representative,plants,train,145,1,False
data/整理的数据-常用_副本/库淑兰-data-处理后/Representative elements/plants/32.jpg,representative,plants,train,146,1,False
data/整理的数据-常用_副本/库淑兰-data-处理后/Representative elements/plants/33.jpg,representative,plants,train,147,1,False
data/整理的数据-常用_副本/库淑兰-data-处理后/Representative elements/plants/34.jpg,representative,plants,train,192,2,False
data/整理的数据-常用_副本/库淑兰-data-处理后/Representative elements/plants/35.jpg,representative,plants,train,149,1,False
data/整理的数据-常用_副本/库淑兰-data-处理后/Representative elements/plants/36.jpg,representative,plants,train,150,1,False
data/整理的数据-常用_副本/库淑兰-data-处理后/Representative elements/plants/37.jpg,representative,plants,train,151,1,False
data/整理的数据-常用_副本/库淑兰-data-处理后/Representative elements/plants/38.jpg,representative,plants,train,152,1,False
data/整理的数据-常用_副本/库淑兰-data-处理后/Representative elements/plants/4.jpg,representative,plants,train,153,1,False
data/整理的数据-常用_副本/库淑兰-data-处理后/Representative elements/plants/5.jpg,representative,plants,train,154,1,False
data/整理的数据-常用_副本/库淑兰-data-处理后/Representative elements/plants/6.jpg,representative,plants,train,243,2,False
data/整理的数据-常用_副本/库淑兰-data-处理后/Representative elements/plants/7.jpg,representative,plants,train,156,2,False
data/整理的数据-常用_副本/库淑兰-data-处理后/Representative elements/plants/8.jpg,representative,plants,held_out,158,3,False
data/整理的数据-常用_副本/库淑兰-data-处理后/Representative elements/plants/9.jpg,representative,plants,train,158,3,False
data/整理的数据-常用_副本/库淑兰-data-处理后/Representative elements/window decoration/1.jpg,representative,window decoration,held_out,167,12,False
data/整理的数据-常用_副本/库淑兰-data-处理后/Representative elements/window decoration/10.jpg,representative,window decoration,train,160,1,False
data/整理的数据-常用_副本/库淑兰-data-处理后/Representative elements/window decoration/11.jpg,representative,window decoration,held_out,167,12,False
data/整理的数据-常用_副本/库淑兰-data-处理后/Representative elements/window decoration/12.jpg,representative,window decoration,train,167,12,False
data/整理的数据-常用_副本/库淑兰-data-处理后/Representative elements/window decoration/13.jpg,representative,window decoration,train,163,1,False
data/整理的数据-常用_副本/库淑兰-data-处理后/Representative elements/window decoration/14.jpg,representative,window decoration,train,164,1,False
data/整理的数据-常用_副本/库淑兰-data-处理后/Representative elements/window decoration/15.jpg,representative,window decoration,held_out,167,12,False
data/整理的数据-常用_副本/库淑兰-data-处理后/Representative elements/window decoration/16.jpg,representative,window decoration,train,167,12,False
data/整理的数据-常用_副本/库淑兰-data-处理后/Representative elements/window decoration/17.jpg,representative,window decoration,train,167,12,False
data/整理的数据-常用_副本/库淑兰-data-处理后/Representative elements/window decoration/18.jpg,representative,window decoration,train,167,12,False
data/整理的数据-常用_副本/库淑兰-data-处理后/Representative elements/window decoration/19.jpg,representative,window decoration,held_out,167,12,False
data/整理的数据-常用_副本/库淑兰-data-处理后/Representative elements/window decoration/2.jpg,representative,window decoration,train,170,1,False
data/整理的数据-常用_副本/库淑兰-data-处理后/Representative elements/window decoration/20.jpg,representative,window decoration,train,171,1,False
data/整理的数据-常用_副本/库淑兰-data-处理后/Representative elements/window decoration/3.jpg,representative,window decoration,held_out,167,12,False
data/整理的数据-常用_副本/库淑兰-data-处理后/Representative elements/window decoration/4.jpg,representative,window decoration,held_out,167,12,False
data/整理的数据-常用_副本/库淑兰-data-处理后/Representative elements/window decoration/5.jpg,representative,window decoration,held_out,167,12,False
data/整理的数据-常用_副本/库淑兰-data-处理后/Representative elements/window decoration/6.jpg,representative,window decoration,train,167,12,False
data/整理的数据-常用_副本/库淑兰-data-处理后/Representative elements/window decoration/7.jpg,representative,window decoration,train,176,1,False
data/整理的数据-常用_副本/库淑兰-data-处理后/Representative elements/window decoration/8.jpg,representative,window decoration,train,177,1,False
data/整理的数据-常用_副本/库淑兰-data-处理后/Representative elements/window decoration/9.jpg,representative,window decoration,train,178,1,False
data/整理的数据-常用_副本/库淑兰-data-处理后/Pattern_symbols/Bird/1.jpg,pattern_symbol,Bird,train,179,1,False
data/整理的数据-常用_副本/库淑兰-data-处理后/Pattern_symbols/Bird/2.jpg,pattern_symbol,Bird,train,180,2,False
data/整理的数据-常用_副本/库淑兰-data-处理后/Pattern_symbols/Bird/3.jpg,pattern_symbol,Bird,held_out,181,2,False
data/整理的数据-常用_副本/库淑兰-data-处理后/Pattern_symbols/Bird/4.jpg,pattern_symbol,Bird,train,182,1,False
data/整理的数据-常用_副本/库淑兰-data-处理后/Pattern_symbols/Bird/5.jpg,pattern_symbol,Bird,train,183,1,False
data/整理的数据-常用_副本/库淑兰-data-处理后/Pattern_symbols/Bird/6.jpg,pattern_symbol,Bird,train,184,1,False
data/整理的数据-常用_副本/库淑兰-data-处理后/Pattern_symbols/Bird/7.jpg,pattern_symbol,Bird,train,185,1,False
data/整理的数据-常用_副本/库淑兰-data-处理后/Pattern_symbols/Butterfly/1.jpg,pattern_symbol,Butterfly,train,190,3,False
data/整理的数据-常用_副本/库淑兰-data-处理后/Pattern_symbols/Butterfly/2.jpg,pattern_symbol,Butterfly,train,205,3,False
data/整理的数据-常用_副本/库淑兰-data-处理后/Pattern_symbols/Butterfly/3.jpg,pattern_symbol,Butterfly,train,188,1,False
data/整理的数据-常用_副本/库淑兰-data-处理后/Pattern_symbols/Butterfly/4.jpg,pattern_symbol,Butterfly,train,189,1,False
data/整理的数据-常用_副本/库淑兰-data-处理后/Pattern_symbols/Butterfly/5.jpg,pattern_symbol,Butterfly,train,190,3,False
data/整理的数据-常用_副本/库淑兰-data-处理后/Pattern_symbols/Chrysanthemum/1.jpg,pattern_symbol,Chrysanthemum,train,191,1,False
data/整理的数据-常用_副本/库淑兰-data-处理后/Pattern_symbols/Chrysanthemum/2.jpg,pattern_symbol,Chrysanthemum,train,192,2,False
data/整理的数据-常用_副本/库淑兰-data-处理后/Pattern_symbols/Chrysanthemum/3.jpg,pattern_symbol,Chrysanthemum,train,193,1,False
data/整理的数据-常用_副本/库淑兰-data-处理后/Pattern_symbols/Chrysanthemum/4.jpg,pattern_symbol,Chrysanthemum,train,194,1,False
data/整理的数据-常用_副本/库淑兰-data-处理后/Pattern_symbols/Chrysanthemum/5.jpg,pattern_symbol,Chrysanthemum,train,195,1,False
data/整理的数据-常用_副本/库淑兰-data-处理后/Pattern_symbols/Crescent/1.jpg,pattern_symbol,Crescent,train,196,1,False
data/整理的数据-常用_副本/库淑兰-data-处理后/Pattern_symbols/Crescent/2.jpg,pattern_symbol,Crescent,train,197,1,False
data/整理的数据-常用_副本/库淑兰-data-处理后/Pattern_symbols/Crescent/3.jpg,pattern_symbol,Crescent,train,198,1,False
data/整理的数据-常用_副本/库淑兰-data-处理后/Pattern_symbols/Curtain/1.jpg,pattern_symbol,Curtain,train,258,7,False
data/整理的数据-常用_副本/库淑兰-data-处理后/Pattern_symbols/Curtain/2.jpg,pattern_symbol,Curtain,train,200,1,False
data/整理的数据-常用_副本/库淑兰-data-处理后/Pattern_symbols/Curtain/3.jpg,pattern_symbol,Curtain,train,201,1,False
data/整理的数据-常用_副本/库淑兰-data-处理后/Pattern_symbols/Curtain/4.jpg,pattern_symbol,Curtain,train,202,2,False
data/整理的数据-常用_副本/库淑兰-data-处理后/Pattern_symbols/Dot/1.jpg,pattern_symbol,Dot,train,205,3,False
data/整理的数据-常用_副本/库淑兰-data-处理后/Pattern_symbols/Dot/2.jpg,pattern_symbol,Dot,train,204,1,False
data/整理的数据-常用_副本/库淑兰-data-处理后/Pattern_symbols/Dot/3.jpg,pattern_symbol,Dot,train,205,3,False
data/整理的数据-常用_副本/库淑兰-data-处理后/Pattern_symbols/Dot/4.jpg,pattern_symbol,Dot,train,206,1,False
data/整理的数据-常用_副本/库淑兰-data-处理后/Pattern_symbols/Dot/5.jpg,pattern_symbol,Dot,train,207,1,False
data/整理的数据-常用_副本/库淑兰-data-处理后/Pattern_symbols/Dot/6.jpg,pattern_symbol,Dot,train,208,1,False
data/整理的数据-常用_副本/库淑兰-data-处理后/Pattern_symbols/Fish/1.jpg,pattern_symbol,Fish,train,209,1,False
data/整理的数据-常用_副本/库淑兰-data-处理后/Pattern_symbols/Fish/2.jpg,pattern_symbol,Fish,train,210,2,False
data/整理的数据-常用_副本/库淑兰-data-处理后/Pattern_symbols/Fish/3.jpg,pattern_symbol,Fish,train,211,2,False
data/整理的数据-常用_副本/库淑兰-data-处理后/Pattern_symbols/Fish/4.jpg,pattern_symbol,Fish,train,212,2,False
data/整理的数据-常用_副本/库淑兰-data-处理后/Pattern_symbols/Fish/5.jpg,pattern_symbol,Fish,train,257,4,False
data/整理的数据-常用_副本/库淑兰-data-处理后/Pattern_symbols/Glands/1.jpg,pattern_symbol,Glands,train,214,1,False
data/整理的数据-常用_副本/库淑兰-data-处理后/Pattern_symbols/Glands/2.jpg,pattern_symbol,Glands,train,215,1,False
data/整理的数据-常用_副本/库淑兰-data-处理后/Pattern_symbols/Glands/3.jpg,pattern_symbol,Glands,train,216,1,False
data/整理的数据-常用_副本/库淑兰-data-处理后/Pattern_symbols/Glands/4.jpg,pattern_symbol,Glands,train,217,1,False
data/整理的数据-常用_副本/库淑兰-data-处理后/Pattern_symbols/HangingCoin/1.jpg,pattern_symbol,HangingCoin,train,218,1,False
data/整理的数据-常用_副本/库淑兰-data-处理后/Pattern_symbols/HangingCoin/2.jpg,pattern_symbol,HangingCoin,train,219,1,False
data/整理的数据-常用_副本/库淑兰-data-处理后/Pattern_symbols/HangingCoin/3.jpg,pattern_symbol,HangingCoin,train,220,1,False
data/整理的数据-常用_副本/库淑兰-data-处理后/Pattern_symbols/HeadOrnament/1.jpg,pattern_symbol,HeadOrnament,train,221,1,False
data/整理的数据-常用_副本/库淑兰-data-处理后/Pattern_symbols/HeadOrnament/2.jpg,pattern_symbol,HeadOrnament,train,222,1,False
data/整理的数据-常用_副本/库淑兰-data-处理后/Pattern_symbols/HeadOrnament/3.jpg,pattern_symbol,HeadOrnament,train,223,1,False
data/整理的数据-常用_副本/库淑兰-data-处理后/Pattern_symbols/HeadOrnament/4.jpg,pattern_symbol,HeadOrnament,train,224,1,False
data/整理的数据-常用_副本/库淑兰-data-处理后/Pattern_symbols/HeadOrnament/5.jpg,pattern_symbol,HeadOrnament,train,225,1,False
data/整理的数据-常用_副本/库淑兰-data-处理后/Pattern_symbols/Heya/1.jpg,pattern_symbol,Heya,train,258,7,False
data/整理的数据-常用_副本/库淑兰-data-处理后/Pattern_symbols/Heya/2.jpg,pattern_symbol,Heya,train,258,7,False
data/整理的数据-常用_副本/库淑兰-data-处理后/Pattern_symbols/Heya/3.jpg,pattern_symbol,Heya,train,228,1,False
data/整理的数据-常用_副本/库淑兰-data-处理后/Pattern_symbols/Heya/4.jpg,pattern_symbol,Heya,train,258,7,False
data/整理的数据-常用_副本/库淑兰-data-处理后/Pattern_symbols/Heya/5.jpg,pattern_symbol,Heya,train,230,1,False
data/整理的数据-常用_副本/库淑兰-data-处理后/Pattern_symbols/Lotus/1.jpg,pattern_symbol,Lotus,train,231,1,False
data/整理的数据-常用_副本/库淑兰-data-处理后/Pattern_symbols/Lotus/2.jpg,pattern_symbol,Lotus,train,232,1,False
data/整理的数据-常用_副本/库淑兰-data-处理后/Pattern_symbols/Lotus/3.jpg,pattern_symbol,Lotus,train,233,1,False
data/整理的数据-常用_副本/库淑兰-data-处理后/Pattern_symbols/Lotus/4.jpg,pattern_symbol,Lotus,train,234,1,False
data/整理的数据-常用_副本/库淑兰-data-处理后/Pattern_symbols/Lotus/5.jpg,pattern_symbol,Lotus,train,235,1,False
data/整理的数据-常用_副本/库淑兰-data-处理后/Pattern_symbols/Peach/1.jpg,pattern_symbol,Peach,train,236,1,False
data/整理的数据-常用_副本/库淑兰-data-处理后/Pattern_symbols/Peach/2.jpg,pattern_symbol,Peach,train,237,1,False
data/整理的数据-常用_副本/库淑兰-data-处理后/Pattern_symbols/Peach/3.jpg,pattern_symbol,Peach,train,238,1,False
data/整理的数据-常用_副本/库淑兰-data-处理后/Pattern_symbols/Peony/1.jpg,pattern_symbol,Peony,train,239,1,False
data/整理的数据-常用_副本/库淑兰-data-处理后/Pattern_symbols/Peony/2.jpg,pattern_symbol,Peony,train,240,1,False
data/整理的数据-常用_副本/库淑兰-data-处理后/Pattern_symbols/Peony/3.jpg,pattern_symbol,Peony,train,241,1,False
data/整理的数据-常用_副本/库淑兰-data-处理后/Pattern_symbols/Peony/4.jpg,pattern_symbol,Peony,train,242,1,False
data/整理的数据-常用_副本/库淑兰-data-处理后/Pattern_symbols/Peony/5.jpg,pattern_symbol,Peony,train,243,2,False
data/整理的数据-常用_副本/库淑兰-data-处理后/Pattern_symbols/Plum/1.jpg,pattern_symbol,Plum,train,244,2,False
data/整理的数据-常用_副本/库淑兰-data-处理后/Pattern_symbols/Plum/2.jpg,pattern_symbol,Plum,train,245,1,False
data/整理的数据-常用_副本/库淑兰-data-处理后/Pattern_symbols/Plum/3.jpg,pattern_symbol,Plum,train,246,1,False
data/整理的数据-常用_副本/库淑兰-data-处理后/Pattern_symbols/Plum/4.jpg,pattern_symbol,Plum,train,247,1,False
data/整理的数据-常用_副本/库淑兰-data-处理后/Pattern_symbols/Plum/5.jpg,pattern_symbol,Plum,train,248,1,False
data/整理的数据-常用_副本/库淑兰-data-处理后/Pattern_symbols/SquareAuspiciousCloud/1.jpg,pattern_symbol,SquareAuspiciousCloud,train,253,7,False
data/整理的数据-常用_副本/库淑兰-data-处理后/Pattern_symbols/SquareAuspiciousCloud/2.jpg,pattern_symbol,SquareAuspiciousCloud,train,250,1,False
data/整理的数据-常用_副本/库淑兰-data-处理后/Pattern_symbols/SquareAuspiciousCloud/3.jpg,pattern_symbol,SquareAuspiciousCloud,train,279,3,False
data/整理的数据-常用_副本/库淑兰-data-处理后/Pattern_symbols/SquareAuspiciousCloud/4.jpg,pattern_symbol,SquareAuspiciousCloud,train,252,1,False
data/整理的数据-常用_副本/库淑兰-data-处理后/Pattern_symbols/SquareAuspiciousCloud/5.jpg,pattern_symbol,SquareAuspiciousCloud,train,253,7,False
data/整理的数据-常用_副本/库淑兰-data-处理后/Pattern_symbols/StringofCoins/1.jpg,pattern_symbol,StringofCoins,train,258,7,False
data/整理的数据-常用_副本/库淑兰-data-处理后/Pattern_symbols/StringofCoins/2.jpg,pattern_symbol,StringofCoins,train,257,4,False
data/整理的数据-常用_副本/库淑兰-data-处理后/Pattern_symbols/StringofCoins/3.jpg,pattern_symbol,StringofCoins,train,253,7,False
data/整理的数据-常用_副本/库淑兰-data-处理后/Pattern_symbols/StringofCoins/4.jpg,pattern_symbol,StringofCoins,train,257,4,False
data/整理的数据-常用_副本/库淑兰-data-处理后/Pattern_symbols/StringofCoins/5.jpg,pattern_symbol,StringofCoins,train,258,7,False
data/整理的数据-常用_副本/库淑兰-data-处理后/Pattern_symbols/Sun/1.jpg,pattern_symbol,Sun,train,262,3,False
data/整理的数据-常用_副本/库淑兰-data-处理后/Pattern_symbols/Sun/2.jpg,pattern_symbol,Sun,train,262,3,False
data/整理的数据-常用_副本/库淑兰-data-处理后/Pattern_symbols/Sun/3.jpg,pattern_symbol,Sun,train,261,1,False
data/整理的数据-常用_副本/库淑兰-data-处理后/Pattern_symbols/Sun/4.jpg,pattern_symbol,Sun,train,262,3,False
data/整理的数据-常用_副本/库淑兰-data-处理后/Pattern_symbols/Sun/5.jpg,pattern_symbol,Sun,train,263,1,False
data/整理的数据-常用_副本/库淑兰-data-处理后/Pattern_symbols/Sun/6.jpg,pattern_symbol,Sun,train,264,2,False
data/整理的数据-常用_副本/库淑兰-data-处理后/Pattern_symbols/Tree/1.jpg,pattern_symbol,Tree,train,265,1,False
data/整理的数据-常用_副本/库淑兰-data-处理后/Pattern_symbols/Tree/2.jpg,pattern_symbol,Tree,train,266,1,False
data/整理的数据-常用_副本/库淑兰-data-处理后/Pattern_symbols/Tree/3.jpg,pattern_symbol,Tree,train,267,1,False
data/整理的数据-常用_副本/库淑兰-data-处理后/Pattern_symbols/Tree/4.jpg,pattern_symbol,Tree,train,268,1,False
data/整理的数据-常用_副本/库淑兰-data-处理后/Pattern_symbols/Tree/5.jpg,pattern_symbol,Tree,train,269,1,False
data/整理的数据-常用_副本/库淑兰-data-处理后/Pattern_symbols/Tree/6.jpg,pattern_symbol,Tree,train,270,2,False
data/整理的数据-常用_副本/库淑兰-data-处理后/Pattern_symbols/Tree/7.jpg,pattern_symbol,Tree,train,271,2,False
data/整理的数据-常用_副本/库淑兰-data-处理后/Pattern_symbols/Water/1.jpg,pattern_symbol,Water,train,275,2,False
data/整理的数据-常用_副本/库淑兰-data-处理后/Pattern_symbols/Water/2.jpg,pattern_symbol,Water,train,273,1,False
data/整理的数据-常用_副本/库淑兰-data-处理后/Pattern_symbols/Water/3.jpg,pattern_symbol,Water,train,274,1,False
data/整理的数据-常用_副本/库淑兰-data-处理后/Pattern_symbols/Water/4.jpg,pattern_symbol,Water,train,275,2,False
data/整理的数据-常用_副本/库淑兰-data-处理后/Pattern_symbols/Wind/1.jpg,pattern_symbol,Wind,train,276,2,False
data/整理的数据-常用_副本/库淑兰-data-处理后/Pattern_symbols/Wind/2.jpg,pattern_symbol,Wind,train,277,2,False
data/整理的数据-常用_副本/库淑兰-data-处理后/Pattern_symbols/Wind/3.jpg,pattern_symbol,Wind,train,278,1,False
data/整理的数据-常用_副本/库淑兰-data-处理后/Pattern_symbols/Wind/4.jpg,pattern_symbol,Wind,train,279,3,False
data/整理的数据-常用_副本/库淑兰-data-处理后/Pattern_symbols/Wind/5.jpg,pattern_symbol,Wind,train,280,2,False
data/整理的数据-常用_副本/库淑兰-data-处理后/Pattern_symbols/Wind/6.jpg,pattern_symbol,Wind,train,281,1,False
