file,content,set,style,seed,fg_frac,purity,palette_de,flatness,interior_de,cut_residual,fragments,chroma,edge_p,edge_r,edge_f1,sil_iou,clip_style,clip_text,dino_styleref,dino_gt,clip_gt,palette_js
ind_人物-16_s_seed0.png,ind_人物-16,indomain,,0,0.2765045166015625,0.6207,7.754824806526629,0.3743860714088626,13.382192183737596,15.955611228942873,2091,42.05525970458984,0.994825521724256,0.9722222222222222,0.983394004980953,0.97800713079377,0.8370980620384216,0.2526502013206482,0.7132683396339417,0.9131253957748412,0.9598156213760376,0.4629380210139297
ind_人物-16_s_seed1.png,ind_人物-16,indomain,,1,0.2686920166015625,0.4254,8.911019724399457,0.3555000283945709,15.860847887051776,18.23440361022949,2285,32.86198806762695,0.9950832874157588,0.9751647834274952,0.9850233509426009,0.9759950964449224,0.8584819436073303,0.2489389330148697,0.6517574787139893,0.9031111001968384,0.9343764781951904,0.4891402633758116
ind_人物-26_s_seed0.png,ind_人物-26,indomain,,0,0.3393783569335937,0.56925,6.73451167642522,0.3457950228177056,14.266064424415532,15.056052207946776,2472,49.13486099243164,0.9834697109674012,0.9795908330874398,0.9815264398242688,0.9800980581897942,0.8646036386489868,0.2484502643346786,0.5719767212867737,0.932574450969696,0.9615676999092102,0.41673298240960044
ind_人物-26_s_seed1.png,ind_人物-26,indomain,,1,0.3339424133300781,0.53705,8.075281620598322,0.3132703533201585,15.85943640639201,17.249197006225586,2312,44.65869140625,0.9852563894391584,0.9942460902921216,0.9897308269784996,0.982722473685908,0.8626521229743958,0.2357286959886551,0.6197376251220703,0.915580153465271,0.9550445079803468,0.42335467406471927
ind_人物-3_s_seed0.png,ind_人物-3,indomain,,0,0.27069091796875,0.66515,6.444613349488919,0.5232807215332582,7.108965049955619,10.606195449829102,932,50.934478759765625,0.8417582417582418,0.9888480547459132,0.9093937910281716,0.7943618283003375,0.895860493183136,0.2662204205989837,0.7277975082397461,0.8665376901626587,0.924702763557434,0.386600720211948
ind_人物-3_s_seed1.png,ind_人物-3,indomain,,1,0.2281570434570312,0.74195,7.402074603350972,0.5129409797692693,7.600806990872629,14.532394409179688,1705,43.77198791503906,0.8606343946029116,0.9958180205297174,0.9233042896734142,0.7911286253869124,0.9024708271026612,0.2632277905941009,0.7988166213035583,0.9118605852127076,0.930508017539978,0.4167345627319704
ind_人物-4_s_seed0.png,ind_人物-4,indomain,,0,0.1784858703613281,0.5818,9.021420795856786,0.3435636581247729,14.942182500730851,18.19140243530273,1653,52.24602508544922,0.9553320160469432,0.995486142457344,0.9749958285704352,0.9690381830653152,0.8500931859016418,0.1984529346227646,0.6668211221694946,0.8271480202674866,0.8834418654441833,0.5288636335171257
ind_人物-4_s_seed1.png,ind_人物-4,indomain,,1,0.1816978454589843,0.3837,9.77617347705079,0.3787659297516323,14.832149809900006,17.85892677307129,1306,37.61492538452149,0.992742823819089,0.9877223074839758,0.9902262020998917,0.9627300788841888,0.8597526550292969,0.2307726144790649,0.6051340699195862,0.7633517384529114,0.8961098790168762,0.3588502534526781
ind_人物-5_s_seed0.png,ind_人物-5,indomain,,0,0.2873802185058594,0.91955,4.454204375390042,0.7491073206344993,1.6749667448944925,5.881324291229248,375,61.29652786254883,0.9988839285714286,0.9874495741819812,0.9931338403725553,0.98469472421144,0.8477740287780762,0.2492415010929107,0.6345933079719543,0.9234529733657836,0.9360733032226562,0.23776573083085287
ind_人物-5_s_seed1.png,ind_人物-5,indomain,,1,0.2871513366699219,0.8494,6.785384229705896,0.7472600464961807,2.364867982985178,7.899786472320557,280,44.98064422607422,0.9944592856436132,0.998655311519498,0.9965528817173231,0.984005412374424,0.864264965057373,0.2355453968048095,0.6273121237754822,0.9652438759803772,0.9275306463241576,0.4398192377857038
ind_动物-18_s_seed0.png,ind_动物-18,indomain,,0,0.3615379333496094,0.89465,6.887468270092398,0.7220786072276444,2.7456820108128537,8.479360580444336,912,58.54661178588867,0.941380306092983,0.993830893915568,0.9668948082925176,0.9755638711269198,0.8767346143722534,0.1887679100036621,0.5422990322113037,0.921966552734375,0.9623329043388368,0.4446809902890592
ind_动物-18_s_seed1.png,ind_动物-18,indomain,,1,0.3619232177734375,0.8957,13.445635075194472,0.7294257768034066,2.951704733355257,15.230100631713867,370,64.78855895996094,0.9995794785534062,0.9937099310511672,0.996636062909214,0.9767974998457964,0.850713312625885,0.1611978113651275,0.5850463509559631,0.9321298599243164,0.9382413029670716,0.41869806784978253
ind_动物-38_s_seed0.png,ind_动物-38,indomain,,0,0.4324722290039062,0.83755,7.672567854549314,0.5858251742083443,3.51987249411864,9.35216999053955,645,55.340553283691406,0.8982360315186246,0.980641798823617,0.937631796481587,0.9569875252865812,0.8517681360244751,0.1529993414878845,0.412777692079544,0.8894991874694824,0.9434915781021118,0.5831967055414232
ind_动物-38_s_seed1.png,ind_动物-38,indomain,,1,0.4324073791503906,0.76665,7.403497316416291,0.6217303467927624,4.023685410508779,9.585419654846191,946,49.67539596557617,0.9487701128167192,0.9911399002308092,0.9694923049362058,0.9568863789615644,0.8871091604232788,0.1664947420358657,0.548646092414856,0.9233189225196838,0.9564377665519714,0.5323729786546012
ind_动物-鸟-3_s_seed0.png,ind_动物-鸟-3,indomain,,0,0.1741981506347656,0.8378,8.023861576336916,0.599715318077302,4.337861780707122,9.311302185058594,197,56.947147369384766,0.4529538341158059,0.9958582604693972,0.6226864325627467,0.1278791190316072,0.8696010112762451,0.1742190271615982,0.463530570268631,0.7890757918357849,0.8615503311157227,0.5168829822485679
ind_动物-鸟-3_s_seed1.png,ind_动物-鸟-3,indomain,,1,0.19049072265625,0.77265,7.034870252714703,0.6666733418776033,3.6614173799090257,8.460436820983887,309,46.73815536499024,0.499713269870398,0.9990796134376438,0.6662072472480087,0.1262904468412943,0.864932656288147,0.1744999438524246,0.496662974357605,0.8121509552001953,0.8346929550170898,0.39090417835483915
ind_日常-25_s_seed0.png,ind_日常-25,indomain,,0,0.2734909057617187,0.75415,6.690993844813839,0.5089826205819176,3.3611469508627745,8.957721710205078,426,53.51176452636719,0.9827208899425548,0.9837909361561364,0.9832556219250096,0.7326105132561965,0.8878079652786255,0.1980153024196624,0.5182297825813293,0.9444323778152466,0.9542959332466124,0.3789397097628471
ind_日常-25_s_seed1.png,ind_日常-25,indomain,,1,0.2756309509277344,0.5817,9.318586835903483,0.5175697183585911,4.673188865251948,12.094782829284668,579,28.781890869140625,0.9881741872652228,0.9836586172676148,0.9859112318553284,0.7316765066879295,0.8748496770858765,0.1914884597063064,0.4980636239051819,0.9446269869804382,0.9569863080978394,0.41554400116759377
ind_日常-3_s_seed0.png,ind_日常-3,indomain,,0,0.2928504943847656,0.9628,7.341311808974281,0.7954773411142518,1.326255406806583,7.950159072875977,275,77.97554016113281,1.0,0.9728323699421966,0.9862291239378844,0.991541401931918,0.8314527869224548,0.201192706823349,0.6116483807563782,0.8378700017929077,0.8406534194946289,0.36518980114905986
ind_日常-3_s_seed1.png,ind_日常-3,indomain,,1,0.2925300598144531,0.9186,6.104067442765479,0.8059985655604095,1.3641952171193823,6.845861434936523,153,69.45990753173828,1.0,0.861271676300578,0.9254658385093169,0.9905082907174956,0.8030404448509216,0.1841062754392624,0.578349232673645,0.7431126236915588,0.77531498670578,0.4711544265852056
ind_日常-6_s_seed0.png,ind_日常-6,indomain,,0,0.4071884155273437,0.9788,7.928008863700848,0.8063648798036387,0.7919337332739042,8.338818550109863,282,58.99892425537109,0.8656549107527809,0.9990361445783132,0.927575152035236,0.99249721541546,0.8642717599868774,0.1987220793962478,0.5084014534950256,0.92013418674469,0.8634916543960571,0.2366939725882195
ind_日常-6_s_seed1.png,ind_日常-6,indomain,,1,0.4247970581054687,0.9528,5.003979150271922,0.8304746852493758,1.3447454602449207,6.131670951843262,500,63.673118591308594,0.9873496474491912,0.9869879518072288,0.9871687664971646,0.9923546446870128,0.8889085650444031,0.188835322856903,0.58199143409729,0.8658950328826904,0.8757793307304382,0.4027518757445817
ind_植物-17_s_seed0.png,ind_植物-17,indomain,,0,0.3961372375488281,0.95865,5.645500317862505,0.8242380470894121,2.703287031116744,6.807648181915283,568,58.47593688964844,0.9830099747889948,1.0,0.991432203858272,0.9862007440589172,0.8438315987586975,0.1797219514846801,0.5502133965492249,0.9336822628974916,0.9104251861572266,0.5223015730909735
ind_植物-17_s_seed1.png,ind_植物-17,indomain,,1,0.3962593078613281,0.90555,6.723599204762011,0.7884998604118332,1.1399675908889029,7.445192337036133,112,58.3298454284668,0.8388799046727381,1.0,0.9123813931960196,0.9865139321236048,0.9161295294761658,0.1899423897266388,0.5838500261306763,0.9378243684768676,0.9502569437026978,0.4525506628686268
ind_植物-29_s_seed0.png,ind_植物-29,indomain,,0,0.4200859069824219,0.8899,9.37922279984054,0.7692670922513917,2.226799455873426,10.435893058776855,198,55.0805778503418,0.976787765217917,0.9987165383204988,0.9876304433302732,0.9078933160565814,0.8574581742286682,0.1623763144016266,0.5499114394187927,0.9653767347335817,0.8968236446380615,0.6714215451623833
ind_植物-29_s_seed1.png,ind_植物-29,indomain,,1,0.4205093383789062,0.916,6.051666381673009,0.6855870239671971,2.4233756722951143,7.592337608337402,231,35.589508056640625,0.8244316220348178,0.9996332966629996,0.9036183874379068,0.906813519058417,0.8616630434989929,0.1622842252254486,0.5237593054771423,0.986886739730835,0.9285848140716552,0.1638799126859678
ind_植物-8_s_seed0.png,ind_植物-8,indomain,,0,0.3985328674316406,0.8984,6.466241724863418,0.6816019450001436,2.3609696780913927,7.6836981773376465,230,51.86962127685547,0.999187753826929,0.9962832018855952,0.9977333639638108,0.9891814636731912,0.9264473915100098,0.180609792470932,0.624064028263092,0.950676441192627,0.96169912815094,0.34429104412102374
ind_植物-8_s_seed1.png,ind_植物-8,indomain,,1,0.3982963562011719,0.86835,7.060606984023751,0.6805221672046049,2.059175253953178,8.411714553833008,309,56.41083908081055,0.9984277718382492,0.9963738554981416,0.997399756276755,0.9885757013591792,0.9219149351119996,0.1868089884519577,0.6503335237503052,0.9438865184783936,0.9699271321296692,0.40810564665086435
ind_窗花-3_s_seed0.png,ind_窗花-3,indomain,,0,0.4150848388671875,0.87885,10.116486785603248,0.6974414586626475,1.527313555663678,11.12126350402832,228,72.40644073486328,0.967065689952951,0.9967848699763592,0.9817004080524828,0.9814216883594874,0.942213773727417,0.2336394041776657,0.5844937562942505,0.8689666390419006,0.893341064453125,0.5570306954609752
ind_窗花-3_s_seed1.png,ind_窗花-3,indomain,,1,0.3116569519042969,0.8333,9.295419185353172,0.6548182964295769,2.017423722094722,11.143083572387695,848,54.6190299987793,0.9179711608595637,0.9965957446808512,0.9556690340828318,0.9801833603801048,0.9414958357810974,0.2042239308357238,0.565274178981781,0.935595452785492,0.9010655283927916,0.47047053766386365
ind_窗花-4_s_seed0.png,ind_窗花-4,indomain,,0,0.5475578308105469,0.9229,4.8905568660903285,0.7393112673210765,2.4850096861443047,6.737311363220215,1308,63.82456207275391,0.92636899747262,0.9895910780669144,0.9569369493657602,0.9887273928482948,0.929908037185669,0.1978902518749237,0.5704433917999268,0.8398865461349487,0.8877242803573608,0.20727311226605724
ind_窗花-4_s_seed1.png,ind_窗花-4,indomain,,1,0.6000862121582031,0.84995,6.881228922423636,0.6997438163105735,3.354419328068448,9.380464553833008,1975,60.38199234008789,0.7765910495189338,0.9977695167286246,0.8733950595091998,0.9106917922104096,0.909579873085022,0.2317278683185577,0.603285014629364,0.8661779761314392,0.8787747621536255,0.3603854723504352
ind_边框-12_s_seed0.png,ind_边框-12,indomain,,0,0.3285179138183594,0.82445,6.800635063350454,0.5859682532309943,3.5199583348390595,9.453134536743164,793,59.34589385986328,0.8021340321976788,0.99450441609421,0.8880204451579734,0.9378481771384246,0.8534462451934814,0.2343042641878128,0.53200763463974,0.5909790992736816,0.7520246505737305,0.4818056522920977
ind_边框-12_s_seed1.png,ind_边框-12,indomain,,1,0.3966064453125,0.8316,6.682854009851796,0.632136811326562,2.901017538452058,8.69362735748291,488,62.25983428955078,0.7921621491502576,0.9702649656526006,0.8722144297269734,0.9775758270235964,0.8694921731948853,0.2341638207435608,0.5353925228118896,0.6106032133102417,0.7785962820053101,0.27611702264695415
ind_边框-2_s_seed0.png,ind_边框-2,indomain,,0,0.1231536865234375,0.85715,5.820778544666967,0.6032709701400074,3.3236228810428297,7.675177097320557,200,55.46393966674805,0.8033651431441486,0.9988260154965954,0.8904959954644633,0.96983487716472,0.8616535663604736,0.2796425223350525,0.4032841920852661,0.8372081518173218,0.8084230422973633,0.3636909439155883
ind_边框-2_s_seed1.png,ind_边框-2,indomain,,1,0.1295394897460937,0.89275,5.616291344165706,0.6221508922786972,2.6122180574566025,8.203497886657715,369,57.046756744384766,0.8821965317919075,0.999765203099319,0.937308531229439,0.9693717277486912,0.8603888154029846,0.2490158081054687,0.4532503485679626,0.8905582427978516,0.9287992715835572,0.20063963124737744
ind_边框-9_s_seed0.png,ind_边框-9,indomain,,0,0.2873382568359375,0.84295,6.279391588330927,0.6076018267749986,1.756655341909501,7.445268154144287,212,58.7701530456543,0.9915394402035624,0.997422414681926,0.9944722270776194,0.9747132272062468,0.8955994844436646,0.244504228234291,0.5592733025550842,0.8471880555152893,0.9201157093048096,0.5625628291928637
ind_边框-9_s_seed1.png,ind_边框-9,indomain,,1,0.3147315979003906,0.82615,7.173911751179022,0.629670929034604,2.746529064972368,8.662817001342773,289,54.62002182006836,0.990912293060937,0.9977317249200948,0.994310316437585,0.9674181007917318,0.8942459225654602,0.2418394237756729,0.5337234735488892,0.8289333581924438,0.8818061351776123,0.3427345335257635
ood_bicycle_s_seed0.png,ood_bicycle,ood,,0,0.2179718017578125,0.8256,7.073500314970956,0.5877143857192859,4.3979500343424816,9.731045722961426,424,51.8540153503418,0.9518994870269868,0.9792895694740806,0.9654002912818814,0.9616652085156022,0.7687878608703613,0.2596127092838287,0.2314546108245849,,,0.5218824488763575
ood_bicycle_s_seed1.png,ood_bicycle,ood,,1,0.217987060546875,0.8407,6.441013206392845,0.6009379812403752,3.365277564396719,9.210229873657228,461,59.18795394897461,0.953608633740538,0.9512991088238986,0.9524524712392604,0.964186080479077,0.737101674079895,0.2460033148527145,0.2039858996868133,,,0.5695053012168436
ood_carp_fish_s_seed0.png,ood_carp_fish,ood,,0,0.330352783203125,0.69285,12.251187911014457,0.5717090069284064,3.957636218835516,14.19713020324707,559,68.0750961303711,0.8992562873079558,0.9685751585229392,0.9326294436001364,0.9539183869204948,0.8307832479476929,0.2455529272556305,0.16064453125,,,0.5154950674391106
ood_carp_fish_s_seed1.png,ood_carp_fish,ood,,1,0.3248634338378906,0.58955,10.053429157138316,0.5629807071311985,4.252225794837969,12.32837963104248,866,61.53255462646485,0.9293245797274444,0.9862924281984334,0.9569614307364052,0.9750319663896246,0.84517502784729,0.2294066250324249,0.1702227294445037,,,0.5336737056015743
ood_cat_s_seed0.png,ood_cat,ood,,0,0.2747802734375,0.82455,6.659638557835059,0.6332324522434474,5.710985062442183,9.657289505004885,951,56.08407974243164,0.6703187955043473,0.9589973142345568,0.7890843535237928,0.5515731837960085,0.8020671010017395,0.2171224951744079,0.3254779875278473,,,0.361735714066048
ood_cat_s_seed1.png,ood_cat,ood,,1,0.284271240234375,0.57085,8.921979800014359,0.5257380568974772,8.255680631617931,12.633234024047852,1116,51.36580657958984,0.577809493603975,0.9921217547000896,0.7302961442369065,0.5505341328779635,0.7714821100234985,0.2292684018611908,0.2598142027854919,,,0.46554150444584624
ood_crane_bird_s_seed0.png,ood_crane_bird,ood,,0,0.2979316711425781,0.5179,9.33481543253221,0.5853062060665036,5.952785557298796,12.813446998596191,994,46.066444396972656,0.7423097974822113,0.9833063410987916,0.8459794905769014,0.7585720561374304,0.7966535091400146,0.2818340063095093,0.1690135598182678,,,0.4477001049442395
ood_crane_bird_s_seed1.png,ood_crane_bird,ood,,1,0.3320465087890625,0.65345,8.01252516994724,0.5656219842838105,5.502268535509307,11.101585388183594,950,55.34516906738281,0.6912366912366913,0.9901582160209292,0.8141260403357037,0.687524826995045,0.8347364664077759,0.2814323008060455,0.224307432770729,,,0.4347377027232878
ood_deer_s_seed0.png,ood_deer,ood,,0,0.3349456787109375,0.58025,7.615928850931576,0.5700309780875586,5.423615740914299,11.374608039855955,1294,52.15004348754883,0.7762336259918307,0.9939917782228312,0.8717193193352382,0.7020721428883357,0.78671795129776,0.2260939925909042,0.2334880530834198,,,0.5170254276253885
ood_deer_s_seed1.png,ood_deer,ood,,1,0.3194580078125,0.56025,8.470573485011622,0.4864945548337791,7.4539217829536515,12.67315673828125,1093,54.27582931518555,0.6945139895462731,0.97691577948772,0.8118578333744214,0.7367060519061617,0.8039785623550415,0.2364227473735809,0.3050282299518585,,,0.4379353708941698
ood_frog_s_seed0.png,ood_frog,ood,,0,0.3187675476074219,0.89755,6.769285242967807,0.720677811950265,1.809423835781854,7.914021492004394,280,57.39173889160156,0.8202010755202245,0.9885794743429288,0.8965531480915508,0.9722974213086172,0.8446261882781982,0.2344637811183929,0.2388279885053634,,,0.41774500236024514
ood_frog_s_seed1.png,ood_frog,ood,,1,0.3181190490722656,0.80745,9.183175244658887,0.7635652872543259,7.349590020467153,10.3426513671875,416,56.24043273925781,0.8823301722469518,0.9438360450563203,0.9120473397401871,0.970496128477201,0.8290117979049683,0.2293143570423126,0.2246869355440139,,,0.5204068375223077
ood_potted_chrysanthemum_s_seed0.png,ood_potted_chrysanthemum,ood,,0,0.3026847839355469,0.76705,7.8306984275394,0.6197713839212573,3.365214303062636,10.538094520568848,569,58.6432991027832,0.982904433973662,0.9808819550906304,0.9818921530693744,0.9753965905728657,0.8411861658096313,0.2709348797798157,0.2278173565864563,,,0.4098448715405598
ood_potted_chrysanthemum_s_seed1.png,ood_potted_chrysanthemum,ood,,1,0.4226646423339844,0.8233,6.367395999112693,0.682840097834818,2.2102902439352383,7.823328495025635,309,65.04464721679688,0.877473858332841,0.9550004508972856,0.9145971936823564,0.7866458007303078,0.7986208200454712,0.2473697960376739,0.3220605254173279,,,0.44810001232234814
ood_rabbit_s_seed0.png,ood_rabbit,ood,,0,0.2938575744628906,0.78075,10.0946991798281,0.5464670985162203,6.27939960365046,12.613203048706056,844,53.88867568969727,0.3746518866379075,0.9991636465012546,0.5449618761644723,0.8087340718447845,0.7763853073120117,0.247863620519638,0.2347549647092819,,,0.4374156252299413
ood_rabbit_s_seed1.png,ood_rabbit,ood,,1,0.7069625854492188,0.88445,5.956308803083857,0.7443531938314106,2.030626577897176,6.991047382354736,777,70.31192779541016,0.2777777777777778,0.9788123780317814,0.4327462314964318,0.3460531924652101,0.821431040763855,0.2358430922031402,0.3327720761299133,,,0.5423137291391624
ood_rooster_s_seed0.png,ood_rooster,ood,,0,0.2631149291992187,0.7244,9.409114329584687,0.5542088323136254,4.140616085912134,12.189828872680664,849,39.97251892089844,0.9296955183031133,0.960957052758034,0.9450678341494382,0.9359663777800982,0.7389835715293884,0.2599850594997406,0.0917431116104126,,,0.3849611400442453
ood_rooster_s_seed1.png,ood_rooster,ood,,1,0.27655029296875,0.7245,7.702099681673348,0.5400297947472964,3.845364919365996,9.86793613433838,468,56.07502365112305,0.9156520785346056,0.9834818300130144,0.948355645485916,0.9561175451036004,0.7818989157676697,0.2504794597625732,0.0968093797564506,,,0.3190111094004459
ood_teapot_s_seed0.png,ood_teapot,ood,,0,0.2020149230957031,0.85925,8.169226332857491,0.6058500292690296,4.105480703851853,9.83768367767334,604,72.19751739501953,0.5231386612021858,0.9897435897435898,0.6844857042221522,0.9859221170126042,0.822687029838562,0.2618277668952942,0.1676168143749237,,,0.42405811576279906
ood_teapot_s_seed1.png,ood_teapot,ood,,1,0.1982536315917968,0.76715,9.998665555778055,0.4847895941967636,10.099688952148709,15.23979949951172,733,44.948020935058594,0.4015494931179428,0.9405731523378582,0.5628199089560039,0.9866163996229972,0.8108155727386475,0.2728521823883056,0.2022831737995147,,,0.4832455048786126
ood_tiger_s_seed0.png,ood_tiger,ood,,0,0.70306396484375,0.781,7.375509034902145,0.548816086465839,7.403780051867964,10.909018516540527,2919,59.03129577636719,0.4624561570947961,0.9462651805024124,0.6212813667097057,0.6317309876983999,0.7589507699012756,0.2308670729398727,0.2673379480838775,,,0.3715545274181884
ood_tiger_s_seed1.png,ood_tiger,ood,,1,0.7060661315917969,0.8219,7.648633122270209,0.6519117623223172,3.594938306944409,8.941465377807617,1118,58.40291595458984,0.570741003940823,0.9366162036266844,0.7092748416651539,0.6253332473340213,0.8124370574951172,0.2376222610473632,0.2700803279876709,,,0.4018637291112457
ood_woman_beating_a_drum_s_seed0.png,ood_woman_beating_a_drum,ood,,0,0.6713409423828125,0.87885,8.204167709074818,0.7100881878309885,3.268584717838004,10.24704933166504,1769,55.775978088378906,0.6254655761625004,0.954051031818644,0.7555806318080823,0.8895287010430573,0.7996629476547241,0.2790194749832153,0.3823243975639343,,,0.4241376868282046
ood_woman_beating_a_drum_s_seed1.png,ood_woman_beating_a_drum,ood,,1,0.6626358032226562,0.75565,6.306082349327159,0.7551092075115425,2.221346505518291,7.455981731414795,759,57.6014404296875,0.7167732086632955,0.9778387719833282,0.8271965997578092,0.8972694781987134,0.8057626485824585,0.2824873328208923,0.3607117235660553,,,0.3526806354645486
repo_bird_s_seed0.png,repo_bird,repo,,0,0.1192054748535156,0.7904,9.062033270989629,0.475951230439374,7.437167131793327,13.943675994873049,549,37.13351058959961,0.9813263107493416,0.9742671009771988,0.9777839648603835,0.9379767273537108,0.8703353404998779,0.2095569223165512,0.5167402625083923,,,0.6000925633376006
repo_bird_s_seed1.png,repo_bird,repo,,1,0.1194801330566406,0.7627,8.679754858425973,0.4917786788416717,12.36299474994931,15.664392471313477,944,39.32126998901367,0.9782783588093322,0.9693811074918568,0.9738094110454276,0.9405951618740084,0.8800078630447388,0.2142757624387741,0.5722216367721558,,,0.5397730868450447
repo_fish_s_seed0.png,repo_fish,repo,,0,0.1697578430175781,0.88955,7.519122737143802,0.633468910810993,2.7416263770965483,9.572821617126465,349,65.8134994506836,0.7954676176233751,0.9958960328317372,0.8844692638883972,0.9705209490816392,0.8258309364318848,0.2213877141475677,0.4437252581119537,,,0.5413097003739389
repo_fish_s_seed1.png,repo_fish,repo,,1,0.1693687438964843,0.6658,8.969663285441584,0.6172886776729206,3.183273622259876,11.103004455566406,263,51.43915939331055,0.7656772800863465,0.9906520747834018,0.8637557460722437,0.9686240331190762,0.835066556930542,0.2255957871675491,0.4005683958530426,,,0.42564161641635273
repo_motif_s_seed0.png,repo_motif,repo,,0,0.2457046508789062,0.8694,7.799446540986582,0.7184909175593852,1.387087126178697,8.683819770812988,174,68.93241119384766,0.9800748457570548,0.9976348155156102,0.9887768736581268,0.9776334557373068,0.8356339931488037,0.2010789811611175,0.6790128946304321,,,0.4537863231762961
repo_motif_s_seed1.png,repo_motif,repo,,1,0.4127464294433594,0.8684,7.366968220634595,0.7917540827549238,4.339619931318002,8.224675178527832,278,45.11697006225586,0.8235586069980975,0.9817092399873856,0.8957065241163337,0.6046334176051482,0.8199954032897949,0.2205904275178909,0.6433197259902954,,,0.4874960357411128
