file,content,raw_line_recall_t2,raw_edge_prec_t2,raw_edge_f1_t2,raw_line_recall_t3,raw_edge_prec_t3,raw_edge_f1_t3,raw_line_recall_t5,raw_edge_prec_t5,raw_edge_f1_t5,raw_contour_f,raw_sil_iou,raw_decoration_density,raw_palette_conformance,proj_line_recall_t2,proj_edge_prec_t2,proj_edge_f1_t2,proj_line_recall_t3,proj_edge_prec_t3,proj_edge_f1_t3,proj_line_recall_t5,proj_edge_prec_t5,proj_edge_f1_t5,proj_contour_f,proj_sil_iou,proj_decoration_density,proj_purity,proj_colours_used,proj_pieces_below_alpha,proj_cut_residual_fg,proj_cut_residual_all,proj_idempotence_changed,style,seed,set,nn_train_dino,nn_train_idx,clip_style_dedup,proj_clip_style_dedup,content_clip,style_gram,clip_s,lpips_content,clip_style_allrefs,proj_clip_style_allrefs
ind_人物-16_s_seed0.png,ind_人物-16,0.9349693973634652,0.9432517960998974,0.9390923352699674,0.9722222222222222,0.994825521724256,0.983394004980953,0.9944679849340866,1.0,0.99722632044851,0.9353420939422296,0.97800713079377,1.4763841101032218,0.3022046244688482,0.6883239171374764,0.9417573092648308,0.7953396059124145,0.7934322033898306,0.9782457764406388,0.8761995246250823,0.915430790960452,0.9925943068734088,0.9524522423479004,0.6525575875168087,0.8948790771579066,3.528307788551768,0.9396,11,0,15.955611228942873,4.462441444396973,0.0049591064453125,,0,indomain,0.8892269,99,0.8243350982666016,0.8235487341880798,0.8414002060890198,0.8457523107528686,0.1683493554592132,0.3393217921257019,0.84765315,0.8418064
ind_人物-16_s_seed1.png,ind_人物-16,0.94450329566855,0.9496884669181536,0.9470887843347916,0.9751647834274952,0.9950832874157588,0.9850233509426009,0.9941148775894538,1.0,0.9970487545744304,0.9194888178913738,0.9759950964449224,1.4513606506099468,0.2216480208984042,0.6750823917137476,0.9655857048312376,0.7946152038852713,0.7778954802259888,0.9976836532097948,0.8741864442003151,0.8963629943502824,1.0,0.9453495950097756,0.4361531129283097,0.7723490772599312,0.3503284329058492,0.9198,13,0,18.23440361022949,5.017720699310303,0.0041999816894531,,1,indomain,0.8532891,99,0.85001540184021,0.8401288986206055,0.8698970675468445,0.8395389139652252,0.1850064098834991,0.2947747409343719,0.86916053,0.85745686
ind_人物-26_s_seed0.png,ind_人物-26,0.9579030195731288,0.9406757291804144,0.9492112160347828,0.9795908330874398,0.9834697109674012,0.9815264398242688,0.9964099537720076,0.9981193084334168,0.9972638986257778,0.919575281965302,0.9800980581897942,5.184022026715997,0.4788121304768113,0.6901740926526999,0.9512746452342082,0.7999581101548516,0.7941870758335793,0.98706517644104,0.8801834834272622,0.9055276876167996,0.9976767549918372,0.9493713914397004,0.6922812124268721,0.9356867889632036,2.151046484114522,0.95655,11,5,15.056052207946776,5.189247131347656,0.0065345764160156,,0,indomain,0.83711696,101,0.85467529296875,0.8547302484512329,0.8370355367660522,0.8511814415454865,0.2110736966133117,0.3617488443851471,0.8546753,0.85473025
ind_人物-26_s_seed1.png,ind_人物-26,0.9768368250221304,0.943428701328224,0.9598421516130176,0.9942460902921216,0.9852563894391584,0.9897308269784996,1.0,0.9966550839476505,0.99832474017208,0.9314381972987584,0.982722473685908,4.710791800210803,0.3773317645446133,0.7275499163961837,0.9532661266825944,0.8252523452844381,0.8219730500639323,0.9826350445778218,0.8951522794224,0.917330579325268,0.9956878969757008,0.9549044786289655,0.7867106146477946,0.9572379385611216,3.1190174019660564,0.97295,10,0,17.249197006225586,5.93010950088501,0.0056304931640625,,1,indomain,0.85303473,101,0.852535605430603,0.8507429361343384,0.8554255366325378,0.8246563494205474,0.2179237306118011,0.3400114178657532,0.8525356,0.85074294
ind_人物-3_s_seed0.png,ind_人物-3,0.9785831960461284,0.7537897999436461,0.8516018585874783,0.9888480547459132,0.8417582417582418,0.9093937910281716,0.9946774806741858,0.929613975767822,0.9610457753899166,0.6356732091355678,0.7943618283003375,31.18924043513892,0.4938275084554678,0.8845520212900773,0.7906659595423896,0.8349781111243009,0.9259916360410594,0.8627168724903401,0.8932350960341313,0.9624889114180712,0.9455261762254716,0.9539321423254526,0.5667783555758346,0.7368083463144529,18.864589526457024,0.954,12,0,10.607418060302734,2.960047721862793,0.0041275024414062,,0,indomain,0.7885903,103,0.8848240375518799,0.861396074295044,0.7636709809303284,0.8903833091259004,0.2224745899438858,0.3603942394256592,0.8968567,0.8750967
ind_人物-3_s_seed1.png,ind_人物-3,0.9865669750348498,0.7771925671677121,0.8694524414055985,0.9958180205297174,0.8606343946029116,0.9233042896734142,0.9991129134456976,0.9465617232808616,0.9721276345508856,0.6933016722903149,0.7911286253869124,28.55398261372584,0.2923256980438053,0.8728931694335319,0.7760203245369611,0.821611131338134,0.9294132556076544,0.8562530732666775,0.8913344487494654,0.9656570776834368,0.9364038682183248,0.9508055195218508,0.5614990477317034,0.6793204844126706,20.00546333938585,1.0,9,0,14.532394409179688,3.442735433578491,0.0038490295410156,,1,indomain,0.85770214,103,0.8958283066749573,0.8990499973297119,0.7154437899589539,0.8884883940219879,0.19441719353199,0.3686557114124298,0.90749514,0.9068291
ind_人物-4_s_seed0.png,ind_人物-4,0.9744515663085672,0.923537512723789,0.9483116481125682,0.995486142457344,0.9553320160469432,0.9749958285704352,0.9998194456982936,0.9665888270163464,0.9829233518342616,0.8896181025171596,0.9690381830653152,4.058534354635875,0.3183440552266558,0.6859257921819988,0.964678275904656,0.8017643036196946,0.786945923986639,0.984932691120168,0.8748779516496236,0.907556197526406,0.9966654316413488,0.9500258535995768,0.5559490376994579,0.8685835143477764,2.324606531763272,0.9525,11,1,18.19140243530273,3.6988000869750977,0.0032577514648437,,0,indomain,0.7714832,90,0.8448880314826965,0.8023449778556824,0.8907337784767151,0.8264963507652283,0.1685963869094848,0.250326007604599,0.8448881,0.80234486
ind_人物-4_s_seed1.png,ind_人物-4,0.9584725106075652,0.9569753126417416,0.95772332648688,0.9877223074839758,0.992742823819089,0.9902262020998917,0.9996388913965876,1.0,0.9998194130925508,0.8768635111317549,0.9627300788841888,2.134065012766282,0.1879868153093573,0.6949535072673106,0.9511538011010894,0.803116135461446,0.7938972646023291,0.9810237788450276,0.8775963273523579,0.9023201227769252,0.9982429424856508,0.9478608849008742,0.5954632435381059,0.8706604169048435,3.086772607751229,0.91685,12,1,17.85892677307129,3.2824978828430176,0.0033226013183593,,1,indomain,0.69414407,93,0.8478122353553772,0.8501933813095093,0.8714457750320435,0.8414643168449402,0.2083939611911773,0.2635636031627655,0.84781235,0.85019326
ind_人物-5_s_seed0.png,ind_人物-5,0.9798296727924698,0.9860998376623376,0.982954756148778,0.9874495741819812,0.9988839285714286,0.9931338403725553,0.9991035410129988,1.0,0.9995515695067264,1.0,0.98469472421144,0.1148853061693409,0.597451383818942,0.9517406245330944,0.9824540319673116,0.9668534765279758,0.9689227551172868,0.9983175099146736,0.9834005224294652,0.9896907216494846,1.0,0.9948186528497408,0.9991551675584344,0.9763336269291156,0.1276503401881566,1.0,4,0,5.881324291229248,1.7114343643188477,0.0013809204101562,,0,indomain,0.7770146,82,0.8439022302627563,0.8022802472114563,0.7877000570297241,0.9003378748893738,0.2023989260196685,0.3826951086521148,0.86474687,0.82487327
ind_人物-5_s_seed1.png,ind_人物-5,0.9926789182728224,0.9783318492134164,0.9854531672879911,0.998655311519498,0.9944592856436132,0.9965528817173231,1.0,0.997922232116355,0.9989600356559204,1.0,0.984005412374424,0.7020768710348613,0.5023580205911657,0.9568205587927686,0.9786581771017568,0.9676161732139482,0.972807410727626,0.9932790944464096,0.9829366728833324,0.9895413118183176,0.9979955193962976,0.9937504351541534,0.809873420385143,0.904785611253654,0.7276069390724926,0.98375,9,0,7.899786472320557,2.297274589538574,0.0011940002441406,,1,indomain,0.7897109,102,0.856560230255127,0.846929132938385,0.8039215803146362,0.8919414460659028,0.1913715749979019,0.3764662146568298,0.87567836,0.8661486
ind_动物-18_s_seed0.png,ind_动物-18,0.985363493407524,0.933078255847531,0.958508383339281,0.993830893915568,0.941380306092983,0.9668948082925176,0.9997580742711988,0.9545192030031764,0.9766150293476042,0.9425662505782018,0.9755638711269198,8.347554331064828,0.1975309944605645,0.944599008104512,0.7830317883658906,0.8562605530253916,0.9681867666626346,0.8042961147552801,0.8786644575786235,0.9923793395427604,0.8523030346716644,0.9170228267594868,0.938482479865528,0.964348130024467,27.91084976458252,0.99655,9,2,8.479360580444336,3.096036195755005,0.00518798828125,,0,indomain,0.8457529,33,0.872046947479248,0.84602952003479,0.8450354337692261,0.8828125298023224,0.1962170749902725,0.4814786314964294,0.889967,0.86346555
ind_动物-18_s_seed1.png,ind_动物-18,0.985968307729527,0.9950378469301936,0.9904823160260352,0.9937099310511672,0.9995794785534062,0.996636062909214,0.9997580742711988,1.0,0.9998790225018146,0.9450275080459812,0.9767974998457964,0.0514011966198573,0.2397128884017032,0.9397604935284868,0.9977514309076042,0.9678881097997726,0.95959840329019,1.0,0.9793827160493828,0.9776218700858836,1.0,0.9886843232001956,0.936233343671981,0.9640705635627196,0.0,1.0,7,0,15.230100631713867,5.5354533195495605,0.0022811889648437,,1,indomain,0.8749237,33,0.849541187286377,0.8605387806892395,0.8321149349212646,0.8810088872909546,0.1666620820760727,0.5163833498954773,0.86706144,0.8779788
ind_动物-38_s_seed0.png,ind_动物-38,0.9551783188146824,0.8677471346704871,0.9093660387112004,0.980641798823617,0.8982360315186246,0.937631796481587,0.9970962698235426,0.9394251432664756,0.9674019608539264,0.9163694015061437,0.9569875252865812,19.158799730276467,0.3372673546793684,0.9215248306157398,0.89354179327109,0.9073176035036457,0.9542848633757725,0.9172973868847024,0.9354256393448848,0.9848857121584396,0.9563560024308048,0.9704112120116504,0.9122634325141952,0.9497302764666216,12.618004045853,1.0,9,1,9.35216999053955,4.073288917541504,0.0050086975097656,,0,indomain,0.80122894,30,0.8390496969223022,0.8093754649162292,0.8527990579605103,0.88163680434227,0.1912289261817932,0.5455017685890198,0.85854506,0.8294935
ind_动物-38_s_seed1.png,ind_动物-38,0.9784826148462512,0.9290734233401148,0.953138124862969,0.9911399002308092,0.9487701128167192,0.9694923049362058,0.9994043630407268,0.9680044386905864,0.983453828831942,0.91636798088411,0.9568863789615644,9.339177343223197,0.2264695244060589,0.9112500930682748,0.9420717319490326,0.9264046231231644,0.9424465788102152,0.9605356300141576,0.9514051304677266,0.9711116074752438,0.9763449740443606,0.9737212589918268,0.9037251002835122,0.945515846257586,5.638907619689818,0.98475,12,3,9.585419654846191,4.177546501159668,0.0052566528320312,,1,indomain,0.8582592,30,0.873826265335083,0.8345093727111816,0.8736962676048279,0.884575468301773,0.193274050951004,0.5710639953613281,0.8918059,0.8512149
ind_动物-鸟-3_s_seed0.png,ind_动物-鸟-3,0.9935572940635068,0.413047730829421,0.5835136068750931,0.9958582604693972,0.4529538341158059,0.6226864325627467,0.999539806718822,0.5520344287949922,0.7112523186196837,0.6948138082759068,0.1278791190316072,6.096675860066773,0.0669002518340085,0.9595029912563277,0.4775417298937784,0.6377014041930297,0.9668660837551772,0.5136570561456753,0.6708947302262914,0.9751495628163828,0.5904400606980273,0.7355278272303398,0.673126266346905,0.128573427225668,7.403106401509653,0.99805,8,1,17.45514488220215,3.0672786235809326,0.0014076232910156,,0,indomain,0.70315015,13,0.8649327158927917,0.8384815454483032,0.6464698910713196,0.8196326196193695,0.1871192008256912,0.2957104444503784,0.87807167,0.8500052
ind_动物-鸟-3_s_seed1.png,ind_动物-鸟-3,0.9963184537505752,0.4617502007110907,0.6310405817774705,0.9990796134376438,0.499713269870398,0.6662072472480087,1.0,0.5821768551439386,0.735918811163465,0.4784903733770465,0.1262904468412943,0.1451589490492089,0.4670778596603652,0.9618039576622182,0.4486880466472303,0.6119140522633664,0.970547630004602,0.4823615160349854,0.6444378541759501,0.980211688909342,0.558600583090379,0.7116486278930102,0.6759551516034302,0.1243151243850691,4.499927420525475,0.9869,8,1,18.03049087524414,4.063408851623535,0.0013427734375,,1,indomain,0.7085943,13,0.8666852712631226,0.8711093068122864,0.6429448127746582,0.8569158256053925,0.1919683516025543,0.2826017439365387,0.8773338,0.8814476
ind_日常-25_s_seed0.png,ind_日常-25,0.9732054250744294,0.9688611288410688,0.9710284179816948,0.9837909361561364,0.9827208899425548,0.9832556219250096,0.99603043334436,0.9894684052156468,0.992738575603763,0.659060782910912,0.7326105132561965,3.4075073050123623,0.5296119619493961,0.9544823023486604,0.973299936047751,0.9637992770463848,0.971485279523652,0.9869430824984012,0.9791531770760756,0.9913992722461132,0.9928053719889148,0.99210182390366,0.5688926328719522,0.6325035286925408,2.1937514048100697,0.989,9,0,8.957721710205078,2.5736989974975586,0.0037765502929687,,0,indomain,0.7406908,46,0.8684943318367004,0.8715904951095581,0.8149139285087585,0.8937321126461029,0.1870130002498626,0.5364144444465637,0.8849772,0.88688284
ind_日常-25_s_seed1.png,ind_日常-25,0.970095931194178,0.9635950470713722,0.9668345614574502,0.9836586172676148,0.9881741872652228,0.9859112318553284,0.996228911677142,0.9984232249686964,0.9973248613428314,0.6595866507388481,0.7316765066879295,1.1598111935266353,0.1514912462805342,0.8955342375124049,0.9668396770472896,0.9298219076333948,0.915448230234866,0.9847750865051904,0.9488470141153276,0.9432351968243466,0.9981545559400232,0.9699180782144337,0.57620749122993,0.6255705305822327,1.6543043380534952,0.9716,10,1,12.094782829284668,3.4367616176605225,0.0040817260742187,,1,indomain,0.73484474,51,0.857435941696167,0.8763124942779541,0.8080953359603882,0.8725936830043792,0.1712982356548309,0.5297017097473145,0.8750383,0.89087784
ind_日常-3_s_seed0.png,ind_日常-3,0.9645472061657032,0.9986968986187126,0.9813250436066492,0.9728323699421966,1.0,0.9862291239378844,0.986897880539499,1.0,0.9934057408844064,1.0,0.991541401931918,0.0,0.3271112037410934,0.9481695568400772,0.9945141065830722,0.9707890352549718,0.9603082851637764,0.9954545454545456,0.9775656153580912,0.9816955684007708,0.9981191222570532,0.9898392245288838,1.0,0.990753654630921,0.3745028152280593,1.0,4,1,7.950159072875977,2.34561824798584,0.0009346008300781,,0,indomain,0.70400286,122,0.8231106996536255,0.7430078387260437,0.8166980147361755,0.8185748100280761,0.1898604035377502,0.3892296552658081,0.83578396,0.75528765
ind_日常-3_s_seed1.png,ind_日常-3,0.8499036608863199,0.9942957437472576,0.9164470940520488,0.861271676300578,1.0,0.9254658385093169,0.8805394990366089,1.0,0.9364754098360656,1.0,0.9905082907174956,0.0,0.6867966355871422,0.7826589595375723,0.9996066089693156,0.8779287243687577,0.7947976878612717,1.0,0.8856682769726248,0.8157996146435453,1.0,0.8985568760611206,1.0,0.9878738571207192,0.0,1.0,5,0,6.845861434936523,2.0228395462036133,0.0005950927734375,,1,indomain,0.6859255,57,0.7977929711341858,0.7693607807159424,0.7873635292053223,0.8533665835857391,0.2306884229183197,0.3600439727306366,0.80658805,0.77950567
ind_日常-6_s_seed0.png,ind_日常-6,0.9979116465863452,0.8644477019918945,0.9263974005243096,0.9990361445783132,0.8656549107527809,0.927575152035236,0.9998393574297187,0.8775545399672329,0.9347144129603532,1.0,0.99249721541546,13.882824682557365,0.3223379738059995,0.9929317269076304,0.8463381602250234,0.913793040226565,0.9979116465863452,0.8493593082612773,0.9176623966573068,0.9993574297188756,0.8672778414418169,0.9286447844055716,1.0,0.9880686121630652,12.884829583426152,1.0,3,0,8.338818550109863,3.4186251163482666,0.0006980895996093,,0,indomain,0.77544487,43,0.8526434898376465,0.8772013187408447,0.8454342484474182,0.8098561048507691,0.1861379891633987,0.3917156755924225,0.8634104,0.88843465
ind_日常-6_s_seed1.png,ind_日常-6,0.9853815261044176,0.9792617171298216,0.98231209009988,0.9869879518072288,0.9873496474491912,0.9871687664971646,0.9885943775100402,0.9937785151389464,0.991179667760517,1.0,0.9923546446870128,1.087101804410782,0.5965714183085185,0.9757429718875502,0.8677503511940599,0.9185835347808032,0.982008032128514,0.8972506522175396,0.9377179998152096,0.9858634538152612,0.9331727874774232,0.9587947611132114,1.0,0.9902249944308308,9.124526620628204,1.0,6,0,6.131670951843262,2.6216788291931152,0.0026779174804687,,1,indomain,0.7322693,57,0.8912726044654846,0.893056333065033,0.8452068567276001,0.8377838492393495,0.194057285785675,0.4184999763965606,0.90010154,0.90441835
ind_植物-17_s_seed0.png,ind_植物-17,0.9991673605328892,0.9809273265373232,0.9899633326940258,1.0,0.9830099747889948,0.991432203858272,1.0,0.9831195878548724,0.9914879504753484,0.9882470062515556,0.9862007440589172,1.471034849290107,0.6571043381963503,0.9300582847626978,0.8059605488850772,0.8635739096302265,0.9480432972522898,0.8166809605488851,0.8774729618174308,0.9738551207327228,0.8400514579759862,0.9020182446345036,0.9828528260146092,0.976216688178574,16.22883607926505,1.0,5,0,6.807648181915283,2.7171730995178223,0.0035018920898437,,0,indomain,0.82798433,123,0.8392261862754822,0.849138617515564,0.8052758574485779,0.8659749805927277,0.1782376170158386,0.4375609755516052,0.8392262,0.8491385
ind_植物-17_s_seed1.png,ind_植物-17,0.9995004163197336,0.8334326325644735,0.9089434703899733,1.0,0.8388799046727381,0.9123813931960196,1.0,0.8487530853689675,0.918189770268404,0.9890395051678096,0.9865139321236048,17.965606256168854,0.3208987552586231,0.9961698584512906,0.8403462634231865,0.9116474484633608,0.998834304746045,0.8438527284681131,0.914826053643307,1.0,0.8538242384396231,0.9211490719943256,0.9831405238988256,0.9770993090881482,13.52403006605421,1.0,8,0,7.445192337036133,2.967794418334961,0.0011100769042968,,1,indomain,0.851171,141,0.9124554395675659,0.9174719452857971,0.8594314455986023,0.8595426440238952,0.1948461085557937,0.4162777960300445,0.91245526,0.91747195
ind_植物-29_s_seed0.png,ind_植物-29,0.9964246424642464,0.9694130447923592,0.9827332671655262,0.9987165383204988,0.976787765217917,0.9876304433302732,0.9998166483315,0.9865804267666084,0.9931544382187864,0.8608304877866495,0.9078933160565814,2.9463032378484275,0.3577091070893455,0.9736890355702236,0.9774147406459384,0.9755483309220204,0.986065273193986,0.979974403372732,0.9830104034037832,0.9931243124312432,0.985846570804788,0.9894720595304796,0.7880517168053516,0.8621176361701143,2.051614296512256,1.0,6,0,10.435893058776855,4.509652137756348,0.0017967224121093,,0,indomain,0.79200375,135,0.8305016756057739,0.8073456883430481,0.8770093321800232,0.8444734275341035,0.1996701061725616,0.5770866870880127,0.8506539,0.8267832
ind_植物-29_s_seed1.png,ind_植物-29,0.9986248624862486,0.8143709621738916,0.8971350943581423,0.9996332966629996,0.8244316220348178,0.9036183874379068,1.0,0.8529861419342112,0.9206611130332952,0.8561942823397137,0.906813519058417,27.457695096179062,0.4317905546383148,0.9813898056472314,0.8365917712284797,0.903224373904776,0.987990465713238,0.8463379048730668,0.9116947589040908,0.993949394939494,0.8703822585351619,0.9280708372083164,0.7687803476018749,0.8541039998765946,20.307896401190863,1.0,4,1,7.592337608337402,3.303349018096924,0.0020713806152343,,1,indomain,0.80360866,136,0.8309988975524902,0.8380060791969299,0.8778860569000244,0.8567569196224213,0.1891059577465057,0.5791702270507812,0.8539401,0.8599153
ind_植物-8_s_seed0.png,ind_植物-8,0.9869458797933096,0.9761324586066854,0.9815093868740782,0.9962832018855952,0.999187753826929,0.9977333639638108,0.9997280391623606,1.0,0.9998640010879912,0.9975654290931224,0.9891814636731912,0.1230454700336955,0.3851042853177376,0.9565769195902456,0.9860034453057708,0.9710673035310444,0.9746169884869912,0.9989233419465976,0.9866204852712184,0.9904813706826217,1.0,0.9952179259461676,0.9926633303741708,0.9827073789421876,0.1419755423465717,1.0,4,0,7.6836981773376465,3.0766758918762207,0.0031585693359375,,0,indomain,0.8913453,113,0.9116096496582031,0.8858550786972046,0.8216366767883301,0.8835659563541411,0.227115511894226,0.4265490770339966,0.9116096,0.8858551
ind_植物-8_s_seed1.png,ind_植物-8,0.9809627413652434,0.9779888057354884,0.9794735161455967,0.9963738554981416,0.9984277718382492,0.997399756276755,0.9993654247121748,1.0,0.9996826116526863,0.9966571811243892,0.9885757013591792,0.2366259039109529,0.5498367030293743,0.9393527332064184,0.9855854523950324,0.9619138894337912,0.9740730668117124,0.9984476641040804,0.9861097660284828,0.9916598676457256,1.0,0.9958124715521164,0.9966534834195314,0.9833604664369818,0.1798356869723242,0.9988,8,0,8.411714553833008,3.366931915283203,0.0022964477539062,,1,indomain,0.88717854,141,0.9131987690925598,0.8759800791740417,0.8189651966094971,0.8770281314849853,0.2192560583353042,0.4404625594615936,0.9131988,0.87598
ind_窗花-3_s_seed0.png,ind_窗花-3,0.9926241134751772,0.9559287713656124,0.9739309172506616,0.9967848699763592,0.967065689952951,0.9817004080524828,1.0,0.9783812756834018,0.9890725187392756,0.9837645736335217,0.9814216883594874,4.625834406839209,0.2554865272212623,0.9835460992907802,0.9498050336760014,0.9663811400107734,0.993096926713948,0.9599432825239276,0.976238706387125,0.9992434988179668,0.9751152073732718,0.9870319192868048,0.976026157076583,0.9741271142489084,4.726214176969535,1.0,7,0,11.12126350402832,4.674022674560547,0.0019607543945312,,0,indomain,0.84458274,147,0.9280911684036255,0.917143702507019,0.8603869676589966,0.7991153001785278,0.2654480040073395,0.5678543448448181,0.92809105,0.91714376
ind_窗花-3_s_seed1.png,ind_窗花-3,0.9926241134751772,0.8987824720866296,0.9433753285753964,0.9965957446808512,0.9179711608595637,0.9556690340828318,0.9998108747044916,0.9580878639959602,0.9785048086617248,0.982528015364748,0.9801833603801048,12.229601994211434,0.3523788540863413,0.9748463356973996,0.8966894241916785,0.934135930679387,0.9878014184397164,0.921615354888574,0.9535612837713702,0.9966903073286052,0.961677186654644,0.9788707519528752,0.9491349610643804,0.963194084285547,10.180181687383936,0.99055,10,1,11.143083572387695,3.5926432609558105,0.0037574768066406,,1,indomain,0.89724267,143,0.9252682328224182,0.9223743677139282,0.8369137644767761,0.8703333497047425,0.2362790554761886,0.5428438186645508,0.9252683,0.9223743
ind_窗花-4_s_seed0.png,ind_窗花-4,0.98317843866171,0.9091828138163436,0.9447339277058884,0.9895910780669144,0.92636899747262,0.9569369493657602,0.9936802973977696,0.9505195169896096,0.9716208275868364,0.9901569246408602,0.9887273928482948,9.024388564977665,0.5392680734852549,0.957806691449814,0.8753541076487252,0.9147261081584604,0.9681226765799256,0.8911279938192119,0.9280310958461012,0.9816914498141264,0.9160442956476952,0.9477324278038556,0.9695669440703576,0.980652488127194,11.640153366420463,1.0,6,0,6.737311363220215,3.715466499328613,0.0038642883300781,,0,indomain,0.7720903,151,0.910370945930481,0.8896564245223999,0.8329512476921082,0.8626855552196503,0.2273005247116089,0.581209659576416,0.9103709,0.8896565
ind_窗花-4_s_seed1.png,ind_窗花-4,0.9929368029739776,0.7481242828140171,0.8533188636151093,0.9977695167286246,0.7765910495189338,0.8733950595091998,1.0,0.8424838908994615,0.9145088269815796,0.5521378394931653,0.9106917922104096,28.876666689611973,0.2021880502704867,0.9488847583643124,0.7352756892230576,0.8285337607815776,0.9733271375464684,0.7736528822055138,0.8620789439807941,0.9878252788104088,0.8415831244778613,0.908858932849758,0.5446986031232284,0.9256763700829886,23.24588877492721,0.99725,8,1,9.775344848632812,5.893830299377441,0.005157470703125,,1,indomain,0.86384016,154,0.8885215520858765,0.8940039277076721,0.8191424608230591,0.850637924671173,0.247997760772705,0.5602759122848511,0.8885215,0.89400387
ind_边框-12_s_seed0.png,ind_边框-12,0.9845927379784102,0.7828060651441408,0.8721802522720528,0.99450441609421,0.8021340321976788,0.8880204451579734,1.0,0.8450018719580681,0.9159902597402596,0.8886765049211752,0.9378481771384246,37.26817572808688,0.4953146227893961,0.964180569185476,0.8558216741759544,0.9067753975997388,0.9849852796859666,0.8702869338392222,0.9240906134263408,0.9974484789008832,0.8994545885700735,0.94592035470297,0.7629362648055018,0.8629239827938792,19.28636908539596,0.99515,9,1,9.453134536743164,3.1694490909576416,0.00360107421875,,0,indomain,0.9634372,66,0.8433881998062134,0.8505297899246216,0.7797022461891174,0.9020931839942932,0.1937035322189331,0.4794362187385559,0.84678304,0.8545809
ind_边框-12_s_seed1.png,ind_边框-12,0.9608439646712464,0.7788743921814067,0.860342429585428,0.9702649656526006,0.7921621491502576,0.8722144297269734,0.9818449460255152,0.831543979586924,0.9004656885500999,0.9623809782672418,0.9775758270235964,38.05267611592976,0.4324407510003077,0.9270853778213936,0.8311300889096864,0.8764893348687824,0.9444553483807656,0.8437061300889097,0.8912425154198647,0.9658488714425908,0.8752339728591484,0.918311468221664,0.8460581019566072,0.9313782525914956,23.55264085748537,0.99815,8,0,8.69362735748291,3.4938669204711914,0.0036087036132812,,1,indomain,0.9469191,66,0.8660630583763123,0.8685106039047241,0.7836776971817017,0.8845224380493164,0.2178311496973037,0.500870406627655,0.8701364,0.8755847
ind_边框-2_s_seed0.png,ind_边框-2,0.9957736557877436,0.7797589151180312,0.8746258990270843,0.9988260154965954,0.8033651431441486,0.8904959954644633,1.0,0.8655198392767454,0.9279127683920038,0.9318083951268458,0.96983487716472,31.5344341522352,0.6478751084128361,0.9791030758393988,0.8333826575910033,0.9003850439740814,0.986616576661188,0.8477360165729506,0.9119189077046096,0.99483446818502,0.887984610831607,0.9383776783635858,0.911481486785335,0.9616794200563834,20.7209021345147,1.0,6,0,7.675177097320557,0.98982173204422,0.0008735656738281,,0,indomain,0.78984946,78,0.848198413848877,0.8702472448348999,0.8242573142051697,0.8430578649044036,0.2357979714870453,0.2553309798240661,0.85716337,0.8833487
ind_边框-2_s_seed1.png,ind_边框-2,0.9985912185959144,0.8550289017341041,0.921250631186902,0.999765203099319,0.8821965317919075,0.937308531229439,1.0,0.9476300578034682,0.9731109396331692,0.9320395557900962,0.9693717277486912,20.519532823197743,0.6216797220095412,0.9884949518666354,0.8607415793942825,0.9202053839081488,0.9950692650857008,0.8828191338805548,0.9355893430490316,0.999765203099319,0.9399943390885932,0.9689588950505889,0.8978100596746268,0.9536649214659686,16.6733789770439,1.0,6,0,8.203497886657715,1.1230556964874268,0.0013160705566406,,1,indomain,0.84848666,80,0.8275718688964844,0.841451108455658,0.7526037096977234,0.8612448930740356,0.2391754984855651,0.2534367144107818,0.8487623,0.8610548
ind_边框-9_s_seed0.png,ind_边框-9,0.992267244045778,0.9847328244274808,0.9884856772621684,0.997422414681926,0.9915394402035624,0.9944722270776194,0.9996906897618312,0.9962468193384224,0.9979657834542284,0.96309963099631,0.9747132272062468,1.607853093001608,0.4470288354309383,0.9876275904732448,0.9867635080097746,0.9871953601608092,0.9959789669038044,0.9911077925604128,0.9935374090971149,0.9994844829363853,0.9959951126798804,0.9977367469864624,0.9602755323099604,0.966417233834214,1.5836748510015837,1.0,8,0,7.445268154144287,2.165827751159668,0.0012855529785156,,0,indomain,0.9009481,74,0.8764299154281616,0.8784531354904175,0.7873561978340149,0.8745570182800293,0.2477627843618393,0.3263902962207794,0.89359695,0.8919521
ind_边框-9_s_seed1.png,ind_边框-9,0.9943293123002372,0.9844311377245508,0.9893554686403104,0.9977317249200948,0.990912293060937,0.994310316437585,1.0,0.9972525537160972,0.998624387146838,0.9591635895345678,0.9674181007917318,1.5594966090015594,0.2076116598994,0.9897927621404268,0.983320811419985,0.986546172554373,0.9956696566656356,0.989481592787378,0.9925659800874468,1.0,0.9969196093163036,0.9984574287971708,0.9604441360166552,0.9673722513025712,1.6924769400016926,1.0,7,0,8.662817001342773,2.8010354042053223,0.0015296936035156,,1,indomain,0.9362218,74,0.8735449314117432,0.8781970739364624,0.783156156539917,0.8569352746009826,0.2645894885063171,0.315543532371521,0.8874377,0.8871591
ood_bicycle_s_seed0.png,ood_bicycle,0.9582025856658716,0.9290759051371644,0.9434144869668843,0.9792895694740806,0.9518994870269868,0.9654002912818814,0.989079954813606,0.9672886774217532,0.97806295356807,0.8836943898415652,0.9616652085156022,7.450527313662756,0.322383619180959,0.9073678925567968,0.9325551232166018,0.9197891102964544,0.9441445964603992,0.9485825458588104,0.9463583682451376,0.976151625455002,0.9652584769316288,0.9706744907556708,0.8396084347381608,0.9437421539719149,6.354425879843584,0.9948,7,0,9.731045722961426,2.1565020084381104,0.0012893676757812,,0,ood,0.33687013,238,0.774251401424408,0.7669432163238525,0.8589986562728882,0.7917138934135437,0.187482938170433,0.2918116152286529,0.7742514,0.7669433
ood_bicycle_s_seed1.png,ood_bicycle,0.9379942261830048,0.9281271078468112,0.933034580816094,0.9512991088238986,0.953608633740538,0.9524524712392604,0.9619681184887662,0.9659746683654352,0.9639672303258864,0.887178425906442,0.964186080479077,6.650669510605522,0.2821818563628727,0.8867829797916406,0.9315764254911356,0.9086279820156954,0.9157775825279276,0.95361763296598,0.9343146311015428,0.9489142713693988,0.9662673694298036,0.95751220383241,0.7994427078698926,0.9364397492657696,5.021329541414859,0.9912,9,0,9.210229873657228,2.031371116638184,0.0011329650878906,,1,ood,0.32105204,238,0.7407937049865723,0.7698547840118408,0.837913990020752,0.7867724865674972,0.182765930891037,0.3007363677024841,0.7407938,0.7698547
ood_carp_fish_s_seed0.png,ood_carp_fish,0.9513241327862738,0.8476367550640963,0.8964923099497576,0.9685751585229392,0.8992562873079558,0.9326294436001364,0.9863856769861992,0.9457383305607202,0.9656344414728568,0.8908592441768985,0.9539183869204948,15.39564021359717,0.1497344110854503,0.8548116374487131,0.8580300049188392,0.8564177975857632,0.8831592689295039,0.9003935071323168,0.8916931219312417,0.9193397985826184,0.942326610919823,0.9306912906202226,0.8466655214235029,0.9282008854702384,14.609676599089209,0.9988,7,0,14.214761734008787,4.723799228668213,0.002655029296875,,0,ood,0.33879536,187,0.8343582153320312,0.8457834124565125,0.8716427087783813,0.7841419696807861,0.2012649625539779,0.4577434360980987,0.8343582,0.84578335
ood_carp_fish_s_seed1.png,ood_carp_fish,0.9774337933606864,0.8962001392619119,0.9350559748915392,0.9862924281984334,0.9293245797274444,0.9569614307364052,0.9939388287952255,0.9628966477668358,0.9781715200847284,0.9449993771914248,0.9750319663896246,13.742804965440715,0.2351428470778877,0.9332338679597164,0.8852051388313303,0.908585234439272,0.9596232748974264,0.920075780001184,0.9394335022487572,0.9839612085042896,0.9606891243857676,0.9721859152156276,0.920693424616834,0.96099781542016,13.164890543008392,0.90565,14,0,12.32837963104248,4.08203125,0.0030097961425781,,1,ood,0.37281907,187,0.8511869311332703,0.8431203365325928,0.8522729873657227,0.8141458928585052,0.1874507963657379,0.4737880825996399,0.851187,0.84312034
ood_cat_s_seed0.png,ood_cat,0.9269471799462848,0.5943309535590584,0.7242770263014768,0.9589973142345568,0.6703187955043473,0.7890843535237928,0.9856759176365264,0.7272920053721638,0.8369966596056103,0.6603147986255608,0.5515731837960085,20.14226353968589,0.3936861394935584,0.8320501342882721,0.6374494126937124,0.7218646246241897,0.8734109221128021,0.6766360675155464,0.7625334401058795,0.9051029543419876,0.7321093672885204,0.8094666067188674,0.4034142004806675,0.6376076479418503,14.719346432847384,0.98215,10,0,16.727502822875977,4.66330623626709,0.0018539428710937,,0,ood,0.6314086,16,0.8101320266723633,0.8196930885314941,0.8370243310928345,0.8612929165363312,0.1805513799190521,0.4035338163375854,0.8101321,0.8196931
ood_cat_s_seed1.png,ood_cat,0.976544315129812,0.5037001797230151,0.6646004072283755,0.9921217547000896,0.577809493603975,0.7302961442369065,0.996598030438675,0.6520773866159213,0.7883407885780411,0.657880620273956,0.5505341328779635,60.91978308331573,0.3836017176596887,0.8470904207699195,0.6802071696963542,0.7545313777557807,0.8868397493285587,0.7131105920584949,0.7905430591757404,0.9190689346463742,0.7625672793744288,0.8335356853134114,0.4051286173150867,0.6390685640362225,19.132802779538466,0.8882,12,0,19.0248966217041,6.414018154144287,0.0019912719726562,,1,ood,0.5190874,16,0.7824761867523193,0.8254727125167847,0.8227313756942749,0.8315081059932709,0.1763322353363037,0.4171527624130249,0.7824761,0.82547265
ood_crane_bird_s_seed0.png,ood_crane_bird,0.976205307088576,0.6960043787629995,0.8126291505832535,0.9833063410987916,0.7423097974822113,0.8459794905769014,0.9919023296374736,0.8092501368363437,0.8913149896287051,0.6046084393692235,0.7585720561374304,30.904912552975585,0.2260662475512477,0.8779120468419086,0.7626737054576508,0.8162455792296459,0.9084340351314314,0.8014129337784334,0.8515742033955547,0.9355923757319048,0.8641409828429469,0.8984483298632048,0.587185973963631,0.6861234935778053,14.295946994568135,0.8712,15,0,13.727813720703123,4.146790504455566,0.0026359558105468,,0,ood,0.2680239,13,0.7913184762001038,0.8023627996444702,0.7728754281997681,0.849973177909851,0.225708320736885,0.4524092376232147,0.7913185,0.8023628
ood_crane_bird_s_seed1.png,ood_crane_bird,0.9801918524978198,0.6523341523341524,0.7833414222272305,0.9901582160209292,0.6912366912366913,0.8141260403357037,0.9986296250155724,0.7632063882063882,0.865188931937238,0.6143498743938648,0.687524826995045,42.45508267176028,0.4531731078534994,0.893609069390806,0.7328522487061739,0.8052861862506777,0.9321041484988164,0.769589620234711,0.8430866832124276,0.9663635231095056,0.8332968875282455,0.8949107412354707,0.5895114835699795,0.6754886516132796,23.637557452396585,0.90485,12,1,13.822163581848145,4.655180931091309,0.0032730102539062,,1,ood,0.35036373,13,0.8379460573196411,0.8305260539054871,0.7672416567802429,0.8492454946041108,0.2310608029365539,0.489091157913208,0.83794606,0.83052605
ood_deer_s_seed0.png,ood_deer,0.98461051965848,0.7454810084980515,0.8485197820197454,0.9939917782228312,0.7762336259918307,0.8717193193352382,0.9985242964056076,0.8200384994600686,0.900522508829941,0.7538198045453198,0.7020721428883357,10.185911752278626,0.4341032299211881,0.9096658585432698,0.8205363582715888,0.8628054033905603,0.9498260777906607,0.8545013441741525,0.8996456522508148,0.9737535574997364,0.8849911481214346,0.9272529747984212,0.6631136680978699,0.7586870191114421,5.115591235588822,0.79385,16,1,16.755958557128906,5.661460876464844,0.00286865234375,,0,ood,0.27931634,102,0.7866120338439941,0.7947098016738892,0.8102710247039795,0.843151754140854,0.1585123091936111,0.4408178925514221,0.7866121,0.7947097
ood_deer_s_seed1.png,ood_deer,0.9634236323389902,0.6655685861114772,0.7872652767024166,0.97691577948772,0.6945139895462731,0.8118578333744214,0.989037630441657,0.7380858259761937,0.8453300239464259,0.8018891904571053,0.7367060519061617,30.22574998490976,0.2463579480320978,0.9152524507220406,0.7665395966551893,0.8343210392845688,0.9471908928006746,0.7904574520413182,0.8617556042825735,0.9749130388953304,0.822429906542056,0.8922032842988677,0.7262079376406351,0.7951130193206213,14.848795798877289,0.962,11,0,15.840970993041992,5.113166809082031,0.0028076171875,,1,ood,0.3610607,102,0.8037915229797363,0.780210554599762,0.8097855448722839,0.8333790063858033,0.161857008934021,0.4312206208705902,0.80379164,0.7802106
ood_frog_s_seed0.png,ood_frog,0.9826345431789736,0.7958070298495831,0.879407554450263,0.9885794743429288,0.8202010755202245,0.8965531480915508,0.9949937421777222,0.8650923544540566,0.9255071371655694,0.9573521625531084,0.9722974213086172,26.229772345372098,0.437956990534088,0.9748122653316644,0.8199769938650306,0.8907158618356977,0.983729662077597,0.8413535276073619,0.9069881593110872,0.9921777221526908,0.8822852760736196,0.9340102166134024,0.949929603870566,0.9592543733868656,18.840779872476578,0.99935,7,0,7.914021492004394,2.548753261566162,0.0013351440429687,,0,ood,0.35060507,12,0.855558454990387,0.8369221091270447,0.8727821707725525,0.8755382299423218,0.1678674668073654,0.4642612934112549,0.8555584,0.83692205
ood_frog_s_seed1.png,ood_frog,0.9371088861076344,0.8667505322237276,0.9005575684348273,0.9438360450563203,0.8823301722469518,0.9120473397401871,0.9613579474342928,0.911747629185214,0.9358958088774416,0.9546091256381612,0.970496128477201,13.742144879497271,0.2226805607185255,0.8055381727158949,0.8689877498388137,0.8360608751278202,0.8207133917396746,0.8885880077369439,0.8533030838356408,0.853566958698373,0.9227595099935524,0.8868156191302019,0.9356746768777928,0.9535926941477462,9.702368620951592,0.99835,8,0,10.3426513671875,3.319352865219116,0.0009346008300781,,1,ood,0.33329257,12,0.842185378074646,0.8383705019950867,0.8655905723571777,0.8451204001903534,0.1631902754306793,0.4478943347930908,0.84218526,0.8383706
ood_potted_chrysanthemum_s_seed0.png,ood_potted_chrysanthemum,0.9617639101812608,0.9673794853207685,0.964563524516142,0.9808819550906304,0.982904433973662,0.9818921530693744,0.9963928217152132,0.9919656880512264,0.9941743263171732,0.9713406484340114,0.9753965905728657,3.0311317744655635,0.3816401376233506,0.917395617278384,0.9697832275016424,0.9428622889462234,0.9504012985841824,0.9816801693307058,0.9657875438690796,0.9893588240598792,0.9908765783519452,0.9901171195634244,0.8725646883045289,0.9362598331075466,2.6892748074205755,0.9891,10,0,10.538094520568848,3.2694387435913086,0.0028419494628906,,0,ood,0.36542222,129,0.8411524295806885,0.8175285458564758,0.853466808795929,0.8689733803272247,0.1873364150524139,0.47406667470932,0.8411524,0.81752855
ood_potted_chrysanthemum_s_seed1.png,ood_potted_chrysanthemum,0.9274957164757868,0.867785195250192,0.8966474785741025,0.9550004508972856,0.877473858332841,0.9145971936823564,0.9878257732888448,0.8971465705677321,0.9403050476712308,0.234369035232827,0.7866458007303078,6.347144354801951,0.3285137952508596,0.8880872937144918,0.8397674261375161,0.8632517216400326,0.9287582288754622,0.847542424447299,0.8862936570495739,0.9729461628640996,0.866608072476506,0.916703604193494,0.2445840027262548,0.8225406785569594,4.740416609690506,0.9794,11,0,8.97511100769043,3.8099329471588135,0.002716064453125,,1,ood,0.38874823,214,0.7996509075164795,0.8439393043518066,0.7789236307144165,0.8551867187023163,0.192941129207611,0.5328079462051392,0.7996508,0.84393936
ood_rabbit_s_seed0.png,ood_rabbit,0.9933091720100362,0.3398678534374488,0.5064501557510207,0.9991636465012546,0.3746518866379075,0.5449618761644723,1.0,0.4578168514170261,0.6280855526838222,0.7834522179624956,0.8087340718447845,151.51089905510338,0.2296288603585476,0.897407304153889,0.4297022578033642,0.581139577045075,0.9266796766099804,0.4625348565260412,0.6170704970942427,0.9648731530526904,0.5304488621030854,0.6845560500322028,0.7635373889790852,0.8960796157275578,83.73093834783423,0.99815,7,3,18.9924259185791,7.1729230880737305,0.0033836364746093,,0,ood,0.56085575,39,0.7764483690261841,0.8402090072631836,0.7829298973083496,0.7913372695446015,0.1582735031843185,0.4641211330890655,0.77644837,0.84020907
ood_rabbit_s_seed1.png,ood_rabbit,0.9690549205464176,0.2582110412299092,0.4077692820243978,0.9788123780317814,0.2777777777777778,0.4327462314964318,0.990521327014218,0.3175227113906359,0.4808905636347697,0.0089126559714795,0.3460531924652101,87.06770199893973,0.5424603131778596,0.927237245609144,0.403367943460431,0.5621769461500548,0.9498187900752718,0.428409388360527,0.5904846429294478,0.9676609980485084,0.4790157926882471,0.6408133496047105,0.0100401606425702,0.7490684825902608,59.43805157950541,0.9919,9,0,22.95579719543457,16.254467010498047,0.0018730163574218,,1,ood,0.5838766,38,0.8256452679634094,0.8355327844619751,0.7747185826301575,0.8256464838981629,0.1872487664222717,0.7411814332008362,0.8256453,0.8355328
ood_rooster_s_seed0.png,ood_rooster,0.9456402042246472,0.8936024632227164,0.9188851811385684,0.960957052758034,0.9296955183031133,0.9450678341494382,0.9790769846831516,0.9633937735203558,0.9711720671802389,0.8178965257816317,0.9359663777800982,11.717128433118631,0.1300200075390727,0.8934828311142257,0.8844027709747393,0.8889196140936348,0.9252177395134648,0.9216989713805892,0.9234550034471508,0.9570527580338372,0.9587152753481212,0.9578832953187222,0.6584210148774083,0.8877592410860321,10.016470934825984,0.96005,10,0,12.189828872680664,4.96136474609375,0.0029792785644531,,0,ood,0.52677786,10,0.7441903948783875,0.7858715653419495,0.822533905506134,0.8337872564792632,0.194672405719757,0.3995998501777649,0.74419034,0.7858716
ood_rooster_s_seed1.png,ood_rooster,0.967864651116228,0.8797301743994735,0.9216953052289534,0.9834818300130144,0.9156520785346056,0.948355645485916,0.993893282610872,0.9574969836569048,0.97535571087673,0.8968487284598908,0.9561175451036004,17.301177069244883,0.4150573824762745,0.9207127840624688,0.8944591029023746,0.9073960838389892,0.9540494543998398,0.9233475407617888,0.9384474565107936,0.9831814996496144,0.9630606860158312,0.9730170854424128,0.8815219968050162,0.946399936910176,12.252768590061196,0.9676,11,0,9.86793613433838,2.784273147583008,0.0027236938476562,,1,ood,0.5336362,158,0.7888458371162415,0.7958410978317261,0.838183581829071,0.8467245101928711,0.187254250049591,0.3960751593112945,0.78884584,0.7958412
ood_teapot_s_seed0.png,ood_teapot,0.9677224736048264,0.4747267759562841,0.6369773772694476,0.9897435897435898,0.5231386612021858,0.6844857042221522,0.9993966817496228,0.5871755464480874,0.7397347341587446,0.9753494558368314,0.9859221170126042,85.7461549337816,0.1676643314387144,0.8036199095022625,0.4626298454522422,0.587212045776442,0.8380090497737557,0.4898657208006081,0.6182991292579332,0.8787330316742081,0.5402837598175829,0.6691466782852242,0.7982166752933731,0.8128061032274269,62.90355521342278,1.0,7,1,9.83768367767334,2.014622211456299,0.0024490356445312,,0,ood,0.5488636,60,0.8244835734367371,0.847748875617981,0.8399840593338013,0.8031473875045776,0.1583369225263595,0.3936952948570251,0.8244836,0.84774894
ood_teapot_s_seed1.png,ood_teapot,0.9155354449472096,0.3694881727519987,0.5264954106429743,0.9405731523378582,0.4015494931179428,0.5628199089560039,0.958974358974359,0.4713591032720679,0.6320502258223515,0.926040061633282,0.9866163996229972,114.07160699417152,0.1137557483981451,0.8380090497737557,0.3923329682365827,0.5344507024779073,0.8627450980392157,0.4086527929901424,0.5546071712716701,0.9318250377073908,0.4663745892661555,0.6216272853245819,0.7918326147505936,0.8011248487895307,84.81925439492247,0.99815,8,0,15.23979949951172,4.175103664398193,0.0016746520996093,,1,ood,0.51841986,60,0.8139442205429077,0.8693411350250244,0.8139786720275879,0.7931506603956222,0.1753267645835876,0.3517671227455139,0.8139443,0.869341
ood_tiger_s_seed0.png,ood_tiger,0.9128264847779072,0.4204862685213905,0.5757553903867879,0.9462651805024124,0.4624561570947961,0.6212813667097057,0.9797038762269172,0.5300279162988237,0.6878975546215506,0.3370320506822397,0.6317309876983999,42.86481555682487,0.4023624012501085,0.7952087838961903,0.6024666081700302,0.6855479341490097,0.8486940608883713,0.6466315686848007,0.7340105206146562,0.9090833471968058,0.7201423418153456,0.803657117575388,0.1839213595230138,0.8076222026627117,25.50746383174622,0.9894,9,0,20.426719665527344,14.856817245483398,0.0060844421386718,,0,ood,0.51537955,23,0.7635163068771362,0.7928422689437866,0.7191194295883179,0.7837261319160461,0.1922912895679474,0.7695881724357605,0.7635162,0.7928422
ood_tiger_s_seed1.png,ood_tiger,0.9075860921643654,0.5226758834550036,0.6633377250039225,0.9366162036266844,0.570741003940823,0.7092748416651539,0.96157045416736,0.6409651786291104,0.769197470940896,0.2084455402630438,0.6253332473340213,36.64992881439739,0.4356397663851835,0.8069372816503078,0.612313289927231,0.6962807436364554,0.8568457827316587,0.6555438529299119,0.7427979834481623,0.9175677923806356,0.729940635771735,0.8130702171704391,0.1913541416122407,0.801612847641038,26.58164178722751,0.99545,8,0,19.216371536254883,13.601282119750977,0.0044937133789062,,1,ood,0.5432373,23,0.8133834600448608,0.75584876537323,0.7762150168418884,0.8335207879543305,0.209101989865303,0.7002633213996887,0.81338334,0.7558487
ood_woman_beating_a_drum_s_seed0.png,ood_woman_beating_a_drum,0.9432753888380604,0.5943631686057674,0.7292326876995711,0.954051031818644,0.6254655761625004,0.7555806318080823,0.9661482159194876,0.7036055753945398,0.8142365358469701,0.7204955155138165,0.8895287010430573,52.06540447504303,0.2298111234856922,0.907593778591034,0.6333438785194558,0.7460638802621687,0.9356511131442512,0.6678793630707582,0.7794077864715786,0.9564908000406628,0.7397975324264473,0.8343033670809038,0.7197577952004308,0.8867124863305929,32.417485066315685,0.9564,13,1,10.682782173156738,7.188246726989746,0.0047569274902343,,0,ood,0.46324888,91,0.8030255436897278,0.8188067078590393,0.8151085376739502,0.8211507618427276,0.1969633102416992,0.577622652053833,0.8030255,0.81880665
ood_woman_beating_a_drum_s_seed1.png,ood_woman_beating_a_drum,0.965029988817729,0.6874821104856407,0.8029482551734727,0.9778387719833282,0.7167732086632955,0.8271965997578092,0.9941038934634544,0.77077568934262,0.8683097943081256,0.7791371510564378,0.8972694781987134,36.815328541054974,0.5599691432650571,0.9270102673579343,0.6974163136225312,0.7959880623977331,0.9495781234116092,0.7225371442210156,0.820643742432854,0.9773304869370744,0.7749269049465959,0.8644388579670224,0.7775992412106844,0.8945041747683862,26.222537207654145,0.96165,15,1,7.790450572967529,5.179476737976074,0.0026512145996093,,1,ood,0.41716558,91,0.8170593976974487,0.769986093044281,0.7967939972877502,0.8210057616233826,0.1873302161693573,0.6054610013961792,0.8170594,0.7699861
repo_bird_s_seed0.png,repo_bird,0.9332247557003256,0.9583433085946852,0.9456172547231514,0.9742671009771988,0.9813263107493416,0.9777839648603835,0.9985342019543972,0.9899449365573378,0.9942210185256556,0.8970472270555085,0.9379767273537108,4.3431053203040175,0.185669941438126,0.8296416938110749,0.9490937746256896,0.8853567950247422,0.9006514657980456,0.9763593380614656,0.9369785908131468,0.9666123778501629,0.9907013396375098,0.9785086254599208,0.6498346273638044,0.8340989448481305,4.176062807984632,1.0,7,0,13.943675994873049,1.717149019241333,0.0022621154785156,,0,repo,0.81416464,160,0.873188316822052,0.8629903793334961,0.8750693798065186,0.7998290598392486,0.2096223384141922,0.2387089133262634,0.87318826,0.86299044
repo_bird_s_seed1.png,repo_bird,0.9198697068403908,0.9556181281845,0.9374032195871564,0.9693811074918568,0.9782783588093322,0.9738094110454276,0.9956026058631922,0.997586484312148,0.9965935577820202,0.8974748821865487,0.9405951618740084,4.510147832623403,0.1645222055489927,0.6969055374592834,0.9338496964622148,0.7981639562844625,0.7872964169381107,0.967134184634708,0.8679981728301648,0.8864820846905538,0.9945572535063848,0.9374149381453766,0.661443378933481,0.8166986831481946,4.370945739023915,1.0,6,0,15.664392471313477,1.9097615480422967,0.0025711059570312,,1,repo,0.790464,159,0.8828234672546387,0.7275550365447998,0.879611611366272,0.7990444898605347,0.218732088804245,0.2359441667795181,0.8828234,0.72755504
repo_fish_s_seed0.png,repo_fish,0.9892840857273142,0.7700448636834234,0.8660041991501608,0.9958960328317372,0.7954676176233751,0.8844692638883972,0.9995440036479708,0.8524099850454389,0.9201322434613428,0.996294335627316,0.9705209490816392,38.74144768379309,0.2990719309678434,0.9662562699498404,0.7858342665173572,0.86675576559516,0.9831281349749202,0.8078107502799552,0.8868884168790611,0.9952120383036936,0.8629619260918253,0.9243807241952312,0.9874509968162823,0.9519991284453644,29.91676471869961,1.0,6,0,9.572821617126465,1.6466004848480225,0.0015754699707031,,0,repo,0.70509875,185,0.8340755105018616,0.834013819694519,0.8643039464950562,0.8511524498462677,0.1927133202552795,0.3060110211372375,0.8340755,0.8340137
repo_fish_s_seed1.png,repo_fish,0.9842681258549932,0.7367512142471667,0.842710735401037,0.9906520747834018,0.7656772800863465,0.8637557460722437,0.9984040127678978,0.8355099838100378,0.909722617418426,0.996012965456014,0.9686240331190762,47.30465856103194,0.2456812090362395,0.9699042407660738,0.7650455537020403,0.8553802874074754,0.9835841313269492,0.7937892980880277,0.8785532002394437,0.9943000455996353,0.8569228795072501,0.9205141602492144,0.9866335086695354,0.952259554625877,35.015470431864735,0.96945,9,1,11.103004455566406,1.9012713432312007,0.0014381408691406,,1,repo,0.6484958,187,0.8480660319328308,0.8718135952949524,0.8405760526657104,0.8607930660247802,0.1726011484861374,0.2908176779747009,0.84806603,0.8718136
repo_motif_s_seed0.png,repo_motif,0.9946389151687164,0.9711742692424395,0.9827665510224148,0.9976348155156102,0.9800748457570548,0.9887768736581268,0.999684642068748,0.9907959947405685,0.9952204719289216,0.997584541062802,0.9776334557373068,2.9892871233043,0.5213165657506599,0.967518133081047,0.9752257749572858,0.9713566643705804,0.9755597603279722,0.9835245301440078,0.9795259546211882,0.9850204982655314,0.9915792042958262,0.9882889698096516,0.990782080825141,0.9665412278838276,2.048496252010561,1.0,8,0,8.683819770812988,2.159024953842163,0.0009384155273437,,0,repo,0.7283361,165,0.8426598906517029,0.8647450804710388,0.8022208213806152,0.8551051020622253,0.1980156898498535,0.3763790130615234,0.84265995,0.8647451
repo_motif_s_seed1.png,repo_motif,0.9758751182592242,0.8089999172801721,0.884636598336315,0.9817092399873856,0.8235586069980975,0.8957065241163337,0.9911699779249448,0.8592935726693689,0.9205325780993662,0.162998657848353,0.6046334176051482,16.13001122879427,0.3518794073882383,0.9481236203090508,0.9113508442776737,0.9293736249723672,0.9615263323872596,0.9255393996247656,0.9431897249835024,0.9742983286029644,0.9537992495309568,0.9639398183780375,0.9726942418551944,0.964098206427726,9.635519407605232,0.9833,9,0,8.224675178527832,3.4646129608154297,0.0013275146484375,,1,repo,0.7004618,165,0.8256394863128662,0.8579455018043518,0.7528257966041565,0.8686232388019561,0.2066080272197723,0.3832043409347534,0.82563937,0.85794544
