file,content,set,style,seed,layers,fg_frac,purity,palette_de,flatness,interior_de,cut_residual,fragments,chroma,edge_p,edge_r,edge_f1,sil_iou,clip_style,clip_text,dino_styleref,dino_gt,clip_gt,palette_js
ind_人物-16_s_seed0.png,ind_人物-16,indomain,,0,8,0.2668266296386719,1.0,1.028378817154085e-05,0.7005018085121592,0.4952310673452472,0.8046578168869019,1,65.01824188232422,0.8119256546673116,0.7449387947269304,0.7769911103449955,0.7325293720748413,0.8850440382957458,0.2754842936992645,0.5622708797454834,0.6221855878829956,0.785145103931427,0.40862422544562477
ind_人物-16_s_seed1.png,ind_人物-16,indomain,,1,14,0.2997016906738281,0.9403,1.1593891024431022e-05,0.6607140584229618,0.8079853824640173,1.0590285062789917,13,33.85429382324219,0.8429028937435663,0.8415136534839924,0.8422077007185232,0.827263881412778,0.8751360774040222,0.2948718965053558,0.6368394494056702,0.7410452961921692,0.8192092180252075,0.5563837129122783
ind_人物-26_s_seed0.png,ind_人物-26,indomain,,0,10,0.2978096008300781,0.9987,7.105690953385248e-06,0.6570341620873842,1.3000560410350863,1.537584900856018,16,40.182167053222656,0.9193597100573844,0.8104160519327235,0.861457170232889,0.8801338702086493,0.8435529470443726,0.2334524989128112,0.6010817885398865,0.7198419570922852,0.8772658109664917,0.44546672725718234
ind_人物-26_s_seed1.png,ind_人物-26,indomain,,1,9,0.3309822082519531,1.0,9.977012425569743e-06,0.648153057108281,0.9836387058476408,1.2824450731277466,12,38.48063278198242,0.813813051862377,0.8014163470050162,0.8075671277725355,0.8469818154731422,0.8694092035293579,0.2357145249843597,0.5689985752105713,0.7859688997268677,0.8566768765449524,0.44594132665024255
ind_人物-3_s_seed0.png,ind_人物-3,indomain,,0,13,0.3486862182617187,0.98615,8.658305608975847e-06,0.6693980701485679,0.7641275795076711,0.9175788164138794,14,50.60504913330078,0.6030339805825242,0.8415916867317197,0.7026157659492744,0.6723323277866079,0.876761794090271,0.2574815154075622,0.6304334402084351,0.6672783493995667,0.836053729057312,0.4935558397795923
ind_人物-3_s_seed1.png,ind_人物-3,indomain,,1,8,0.2710151672363281,1.0,7.0914698363663325e-06,0.6110493349285664,1.5615301247457931,1.490927815437317,30,37.2728157043457,0.6205784324266208,0.8835382080851603,0.7290721229916738,0.7085919103573873,0.8513166904449463,0.2567740678787231,0.6036745309829712,0.6272634863853455,0.8234397172927856,0.46116796782943353
ind_人物-4_s_seed0.png,ind_人物-4,indomain,,0,12,0.2135848999023437,0.98345,1.1823111930605726e-05,0.667065547419182,1.0261643486850378,1.1249701976776123,4,52.5268440246582,0.8484281437125748,0.819535975444615,0.8337318271612315,0.8657647412956955,0.8986696004867554,0.2464653849601745,0.5326281189918518,0.6219902634620667,0.8396693468093872,0.42798594706098425
ind_人物-4_s_seed1.png,ind_人物-4,indomain,,1,11,0.1833076477050781,0.9893,8.404177947846568e-06,0.6605206750879238,0.8457564871492658,1.301992893218994,3,41.300777435302734,0.8091811640404408,0.7865848153832266,0.7977230054224008,0.8411174594738241,0.8756213188171387,0.2365518361330032,0.5786054134368896,0.6837390661239624,0.8592796325683594,0.4386991227112769
ind_人物-5_s_seed0.png,ind_人物-5,indomain,,0,8,0.2853240966796875,1.0,4.718370347337578e-06,0.749264666559709,0.4030728777596269,0.5305963158607483,15,38.92966842651367,0.6650489299069139,0.8868967578066637,0.7601164710682714,0.8446174567195559,0.8702840805053711,0.2605128586292267,0.6290498375892639,0.8579601049423218,0.8765742182731628,0.4373810305944097
ind_人物-5_s_seed1.png,ind_人物-5,indomain,,1,8,0.3014869689941406,1.0,8.405014279110426e-06,0.6827021623878633,0.919193780252694,1.1012617349624634,38,30.84041404724121,0.5685090287945339,0.8942178395338414,0.6951002630656588,0.8099592754996823,0.8544840812683105,0.2787908315658569,0.6349828839302063,0.8473777770996094,0.8937053680419922,0.5217637999680977
ind_动物-18_s_seed0.png,ind_动物-18,indomain,,0,9,0.4523773193359375,1.0,1.1821960616469033e-05,0.7371319189125375,0.4113874068551925,0.6278305053710938,4,70.39132690429688,0.593421052631579,0.9137534776823516,0.7195457986661749,0.8131781779271372,0.8792282938957214,0.1927338540554046,0.4500018656253814,0.8311660885810852,0.9048444032669068,0.46121445286926444
ind_动物-18_s_seed1.png,ind_动物-18,indomain,,1,13,0.4562644958496094,0.99245,9.23537138472403e-06,0.7807318969625524,0.3277910360989307,0.4632003009319305,10,44.186317443847656,0.734738321039691,0.8904076448530301,0.8051173639173367,0.8081115209517163,0.8650193214416504,0.1817603260278701,0.489545464515686,0.8732047080993652,0.925313413143158,0.37231787337893457
ind_动物-38_s_seed0.png,ind_动物-38,indomain,,0,13,0.4247283935546875,0.9795,6.234159751412834e-06,0.7208101311298725,0.4584890265268136,0.6282857656478882,8,46.25771331787109,0.7548118685136926,0.8708212344575981,0.8086771878856706,0.8126083055363393,0.9304957389831544,0.1726875901222229,0.6272211074829102,0.6987465023994446,0.8696088790893555,0.32132961126724324
ind_动物-38_s_seed1.png,ind_动物-38,indomain,,1,11,0.5571975708007812,0.9987,1.0082503971426903e-05,0.6837936275382361,0.604383348140741,0.7836009860038757,12,43.86471939086914,0.8093878349305691,0.9161640979822798,0.8594723364312062,0.8091720718324364,0.8822759389877319,0.1810552775859832,0.6777854561805725,0.7183552384376526,0.8302000164985657,0.46793109691044266
ind_动物-鸟-3_s_seed0.png,ind_动物-鸟-3,indomain,,0,10,0.1949310302734375,0.99145,8.713754641107493e-06,0.7202739726027397,0.2682603138019738,0.4574316143989563,8,60.85359954833984,0.4629315822918873,0.9498389323515876,0.6224796388632475,0.1132472826086956,0.8000380396842957,0.1761490553617477,0.4972116947174072,0.5133603811264038,0.8369824886322021,0.47511361660287876
ind_动物-鸟-3_s_seed1.png,ind_动物-鸟-3,indomain,,1,11,0.2155342102050781,0.99225,7.902704572944765e-06,0.6997044300100883,0.3822894821166537,0.4621403217315674,4,46.33140182495117,0.3146067415730337,0.8950759318913943,0.4655715561938712,0.1115610119529655,0.8292231559753418,0.202308177947998,0.5547811388969421,0.5322228670120239,0.8418279886245728,0.3137411390987134
ind_日常-25_s_seed0.png,ind_日常-25,indomain,,0,15,0.5644378662109375,0.98145,8.398555565559547e-06,0.6395271822875834,0.9591646813878024,1.1083714962005615,19,49.53881072998047,0.6880733944954128,0.939397949057228,0.794330097608786,0.7204531616380148,0.8692986965179443,0.1773907095193863,0.5764263868331909,0.6003756523132324,0.8221701979637146,0.36125665551376335
ind_日常-25_s_seed1.png,ind_日常-25,indomain,,1,13,0.5375213623046875,0.97655,1.184697741103635e-05,0.6891163028358929,0.4213697876104043,0.537491500377655,12,38.83975982666016,0.7616929698708752,0.9058551108170692,0.827542519009482,0.7098407821592699,0.8792845606803894,0.2105320692062378,0.5416064858436584,0.7259135246276855,0.8597265481948853,0.5094779515941494
ind_日常-3_s_seed0.png,ind_日常-3,indomain,,0,11,0.3386154174804687,0.99695,9.286638362196703e-06,0.7722889394588018,0.4886269234269748,0.4472249150276184,7,45.48207473754883,0.6340330208246909,0.9423892100192678,0.7580530976161478,0.8480132305265925,0.8320761322975159,0.1929573565721511,0.4911546111106872,0.6421189308166504,0.7895627021789551,0.42280935049509266
ind_日常-3_s_seed1.png,ind_日常-3,indomain,,1,14,0.3489608764648437,0.9914,1.1528930955038507e-05,0.7495791337807998,0.3038324499557043,0.3788894116878509,8,49.74177551269531,0.5487057466291729,0.9057803468208092,0.6834123526137855,0.8340801378716071,0.8254513740539551,0.2123264074325561,0.540855348110199,0.6816486120223999,0.7717779278755188,0.4617900476863691
ind_日常-6_s_seed0.png,ind_日常-6,indomain,,0,11,0.4210357666015625,0.9983,1.0765521688133466e-05,0.8001938897546479,0.1819315571355033,0.2413445711135864,6,41.83483123779297,0.5682081318531635,0.8685943775100402,0.6870010114359854,0.8724116310055647,0.8517826795578003,0.1962562203407287,0.5464608669281006,0.7366890907287598,0.8790445327758789,0.40208989418050683
ind_日常-6_s_seed1.png,ind_日常-6,indomain,,1,8,0.3462715148925781,1.0,6.736854618266002e-06,0.7360118096790896,0.3193381415131348,0.5183829665184021,21,29.9481143951416,0.5068021723933968,0.9105220883534136,0.651163019176056,0.8716098667246575,0.6580364108085632,0.1937043070793151,0.5079037547111511,0.7876726984977722,0.6951411962509155,0.4534300192364022
ind_植物-17_s_seed0.png,ind_植物-17,indomain,,0,11,0.4829902648925781,0.99685,1.368423887698455e-05,0.8079581085670507,0.1813775187159224,0.2067177593708038,7,39.16712188720703,0.6208278676577759,0.922398001665279,0.7421472072093311,0.8215502920738412,0.8470500707626343,0.1863557696342468,0.5733906030654907,0.8147958517074585,0.8814969062805176,0.6304572223985025
ind_植物-17_s_seed1.png,ind_植物-17,indomain,,1,12,0.4921417236328125,0.98095,1.4009439704762817e-05,0.766858896846805,0.2781313918658468,0.4296399056911468,25,38.68781280517578,0.5138813610358326,0.911240632805995,0.6571641987717027,0.8161608650524391,0.8357124328613281,0.1763073951005935,0.5761294960975647,0.7444539070129395,0.8609852194786072,0.48621736650613046
ind_植物-29_s_seed0.png,ind_植物-29,indomain,,0,11,0.6555633544921875,0.99515,7.945508485406939e-06,0.7218944207806718,0.9350308095232106,0.9931680560112,17,42.61012268066406,0.5288519866545345,0.8680784745141181,0.6572768488916261,0.7301118926011229,0.8438642621040344,0.1762053370475769,0.5554824471473694,0.6848092079162598,0.8575534820556641,0.31626882217313385
ind_植物-29_s_seed1.png,ind_植物-29,indomain,,1,8,0.6922492980957031,1.0,9.535234692352762e-06,0.7432454027960699,0.3362732415388637,0.4584324657917022,16,35.02030563354492,0.6563736221530898,0.9568206820682068,0.7786189861899562,0.7125921284769741,0.833925724029541,0.1790615022182464,0.5131640434265137,0.8861348628997803,0.783750057220459,0.5445207681052309
ind_植物-8_s_seed0.png,ind_植物-8,indomain,,0,12,0.4765625,0.99725,9.697673235819935e-06,0.7343669953893442,0.3980392431515071,0.6594894528388977,3,53.26933288574219,0.7613622291021672,0.9080772368778895,0.8282728704516511,0.8422110232202092,0.8640342950820923,0.2047024965286255,0.5521727204322815,0.8691000938415527,0.861456036567688,0.38217054779344317
ind_植物-8_s_seed1.png,ind_植物-8,indomain,,1,11,0.4805374145507812,0.99905,1.244880561032045e-05,0.7512344208938636,0.3246541776431668,0.5295688509941101,7,42.20170593261719,0.8140628721124077,0.8807904995014051,0.8461131278521186,0.8336529431725814,0.8496941328048706,0.2141316086053848,0.5976941585540771,0.8458418846130371,0.849031925201416,0.49638163292434584
ind_窗花-3_s_seed0.png,ind_窗花-3,indomain,,0,8,0.3773727416992187,1.0,1.0390915167678597e-05,0.7314760528071488,0.3692120675222458,0.4738681018352508,4,27.954980850219727,0.7249175444196191,0.975130023640662,0.8316106860868361,0.5747543523463937,0.8317462205886841,0.197574496269226,0.4739638268947601,0.8658416271209717,0.8135175704956055,0.6625510138699034
ind_窗花-3_s_seed1.png,ind_窗花-3,indomain,,1,11,0.5806083679199219,0.9989,1.6012611407126423e-05,0.7695117704644455,0.2396191454969834,0.2848489284515381,4,41.402645111083984,0.7703088930416621,0.936548463356974,0.845333217077444,0.7810860432143534,0.8736399412155151,0.1798427999019622,0.5353495478630066,0.8520125150680542,0.8436721563339233,0.5922722068081617
ind_窗花-4_s_seed0.png,ind_窗花-4,indomain,,0,12,0.6409339904785156,0.9947,1.3391130931859936e-05,0.7744930572501592,0.3079223827067521,0.2689995169639587,13,36.36167907714844,0.7466011709834276,0.9447955390334573,0.8340863519537721,0.8438549205943515,0.7247434258460999,0.1932661533355713,0.633784830570221,0.8288676738739014,0.7567590475082397,0.6152431404052776
ind_窗花-4_s_seed1.png,ind_窗花-4,indomain,,1,11,0.6564674377441406,0.99725,9.262917183470705e-06,0.7981102801457386,0.2147285709455494,0.3290930688381195,1,50.1024284362793,0.7229783373029375,0.8525092936802974,0.782419029587217,0.8438549205943515,0.8481281399726868,0.2152522504329681,0.5554257035255432,0.867678165435791,0.8655965924263,0.6587411983999998
ind_边框-12_s_seed0.png,ind_边框-12,indomain,,0,14,0.5341529846191406,0.9765,1.6242157521241352e-05,0.7553294054633102,0.2019817725385587,0.289359837770462,3,36.58804321289063,0.6923893429572232,0.92306182531894,0.7912565644722948,0.8035016148223696,0.7878820896148682,0.1979259401559829,0.4509383141994476,0.4731232821941376,0.7487338185310364,0.47034947692013884
ind_边框-12_s_seed1.png,ind_边框-12,indomain,,1,13,0.5391006469726562,0.87735,9.35791231262464e-06,0.6076124028813631,0.5924362396238765,0.7998671531677246,38,42.17837905883789,0.5769015137357504,0.9842983316977428,0.7274445986975235,0.8025807547009636,0.8344680070877075,0.2585399746894836,0.4268474876880646,0.5053169131278992,0.7804000377655029,0.5774628513405001
ind_边框-2_s_seed0.png,ind_边框-2,indomain,,0,10,0.2489547729492187,0.99595,1.0019192458554315e-05,0.7823695259109436,0.1791303191455059,0.2344655990600586,2,43.21376800537109,0.652290502793296,0.8797839868513736,0.7491473071467568,0.7586891757696127,0.7939077019691467,0.2004783898591995,0.3582824468612671,0.5799822807312012,0.7476579546928406,0.6298864094216491
ind_边框-2_s_seed1.png,ind_边框-2,indomain,,1,10,0.2467918395996093,0.9986,9.367501866478183e-06,0.7580338511476931,0.218028028097855,0.3569677174091339,1,51.76287460327149,0.6396135265700483,0.9058464428269548,0.7497983115713378,0.7652833212618083,0.7905484437942505,0.2188986390829086,0.408218502998352,0.8019331693649292,0.759901225566864,0.3243782597463669
ind_边框-9_s_seed0.png,ind_边框-9,indomain,,0,8,0.4025535583496094,1.0,1.961397917604287e-05,0.695518682422508,0.2459208480815967,0.3109469413757324,2,31.65864372253418,0.7474825716498839,0.9557686359418496,0.8388902291239249,0.7779867943339792,0.796664297580719,0.2187373638153076,0.4727091491222381,0.7749536037445068,0.7392523288726807,0.6036255954189595
ind_边框-9_s_seed1.png,ind_边框-9,indomain,,1,10,0.411834716796875,0.9988,1.3715380806832668e-05,0.674481289366432,0.8165005577520337,0.641444742679596,12,33.16099166870117,0.7645834318966741,0.9754613877719353,0.8572441435013151,0.7610333692142088,0.8640379309654236,0.2534072399139404,0.4399161636829376,0.8295879364013672,0.8283513784408569,0.6230389153768275
ood_bicycle_s_seed0.png,ood_bicycle,ood,,0,8,0.3310012817382812,1.0,9.072268364049193e-06,0.7601475164227267,0.3447107383813441,0.3217130601406097,7,38.03091430664063,0.7146633622470053,0.7999246893435421,0.7548942003474799,0.7760126902386316,0.7719756364822388,0.2653060257434845,0.3116320669651031,,,0.44371891314151984
ood_bicycle_s_seed1.png,ood_bicycle,ood,,1,12,0.3267707824707031,0.9755,1.0666686044251187e-05,0.6828194861138674,0.3448394869909075,0.4879454970359802,8,52.8972282409668,0.6591427846817144,0.9165306890925066,0.7668144456447843,0.7829178604985674,0.7515602707862854,0.2571190595626831,0.2725281715393066,,,0.566000991681933
ood_carp_fish_s_seed0.png,ood_carp_fish,ood,,0,14,0.3916053771972656,0.95175,9.63963942009296e-06,0.6442229950222585,0.5234609876660496,0.797058641910553,37,61.786991119384766,0.7061676082862524,0.9027415143603134,0.7924460208764331,0.786112776899453,0.8153164386749268,0.2425942718982696,0.1742865741252899,,,0.5010697571556959
ood_carp_fish_s_seed1.png,ood_carp_fish,ood,,1,10,0.4251441955566406,0.99925,9.897492418346863e-06,0.7189207619628709,0.3251592134526469,0.4623983204364776,27,34.44052505493164,0.7831842786538009,0.8403580753450205,0.8107644761209157,0.77455684870188,0.8154125213623047,0.2629396319389343,0.2057827860116958,,,0.5708341111135341
ood_cat_s_seed0.png,ood_cat,ood,,0,9,0.2917671203613281,1.0,1.0980256173585035e-05,0.7155782179512322,0.3872448929344952,0.5981375575065613,11,66.29164123535156,0.4864146060954571,0.8436884512085945,0.6170685548136507,0.515858310626703,0.8056915402412415,0.2283457368612289,0.4501990675926208,,,0.5122812450478234
ood_cat_s_seed1.png,ood_cat,ood,,1,8,0.3164100646972656,1.0,1.1649748341370349e-05,0.7804689854723009,0.1739617308968539,0.2590654194355011,1,44.91575622558594,0.5815060184753196,0.8028648164726947,0.6744879493484659,0.5109820903758262,0.8073551654815674,0.2248486578464508,0.436468243598938,,,0.4993940524711411
ood_crane_bird_s_seed0.png,ood_crane_bird,ood,,0,10,0.3614234924316406,0.99565,1.0502666796663747e-05,0.7539606311678717,0.2013964035774453,0.2983090281486511,3,47.3984260559082,0.5920642293145777,0.7665379344711598,0.6680979958819345,0.5230118791172448,0.8364714980125427,0.2380227446556091,0.2904118299484253,,,0.4104503775201748
ood_crane_bird_s_seed1.png,ood_crane_bird,ood,,1,9,0.4351654052734375,1.0,1.6641889835840603e-05,0.7609137767803921,0.254304294437015,0.3009696900844574,1,51.40224075317383,0.6256749031315505,0.842282297246792,0.7179976290909325,0.5863432731345373,0.7804265022277832,0.2277138829231262,0.2548815608024597,,,0.48589096146641647
ood_deer_s_seed0.png,ood_deer,ood,,0,13,0.3941764831542969,0.99185,9.350887404089151e-06,0.71576777540138,0.3726094838535446,0.4676182568073272,14,63.853271484375,0.6402764510872619,0.8717191946874671,0.7382842323373917,0.6048375319459657,0.8060486316680908,0.2199106365442276,0.3145036995410919,,,0.505562119399795
ood_deer_s_seed1.png,ood_deer,ood,,1,11,0.4213752746582031,0.9818,1.5716150456959717e-05,0.7377626492608251,0.341057990271118,0.4913562536239624,15,37.94092178344727,0.6784602973377896,0.8802571940550227,0.766296087533663,0.5962711681393633,0.691024899482727,0.2359175533056259,0.3078991174697876,,,0.4742281404002158
ood_frog_s_seed0.png,ood_frog,ood,,0,9,0.3534698486328125,1.0,8.64815203336557e-06,0.7258040146773149,0.2430812976393222,0.3495071530342102,12,57.23011016845703,0.6164258753091241,0.9191176470588236,0.7379379247116338,0.7641678843682329,0.8426370024681091,0.257553219795227,0.323952317237854,,,0.5498043730558553
ood_frog_s_seed1.png,ood_frog,ood,,1,13,0.4361534118652344,0.9777,1.4806204697221452e-05,0.7824463200244894,0.2420361199401994,0.3234935998916626,8,40.329681396484375,0.6410382321992283,0.9081664580725908,0.7515719833295139,0.7495341614906832,0.8035659193992615,0.237805426120758,0.2337124794721603,,,0.506230392510215
ood_potted_chrysanthemum_s_seed0.png,ood_potted_chrysanthemum,ood,,0,10,0.3254852294921875,0.99825,1.1768887516850453e-05,0.760208147766162,0.2623996808281006,0.391367107629776,1,48.982887268066406,0.7664732241239991,0.8094508071061413,0.7873759871637035,0.5875219247736655,0.842079758644104,0.2929671704769134,0.2309087961912155,,,0.5282480195249133
ood_potted_chrysanthemum_s_seed1.png,ood_potted_chrysanthemum,ood,,1,10,0.3474388122558594,0.99415,1.078128302868884e-05,0.7710339375706804,0.2735817070806707,0.4392282962799072,16,38.05956268310547,0.7402719513959207,0.7731084858869149,0.7563339836951957,0.7581773884194702,0.8193500638008118,0.287160575389862,0.2244442105293274,,,0.4912802261406715
ood_rabbit_s_seed0.png,ood_rabbit,ood,,0,11,0.1825790405273437,0.993,1.0167217200237558e-05,0.7609376958756424,0.3189525196443003,0.4887683987617492,11,47.81427764892578,0.4795757165425411,0.7805965988291051,0.5941333080369011,0.6147295769339489,0.7865553498268127,0.2348639070987701,0.2892089784145355,,,0.3199593011611486
ood_rabbit_s_seed1.png,ood_rabbit,ood,,1,10,0.3287582397460937,1.0,1.4638242705240531e-05,0.788215636675872,0.2201491472861809,0.3227861523628235,1,46.972412109375,0.3992977665073637,0.8224142737663785,0.5375868810871511,0.7440139211136891,0.7547383904457092,0.2333125472068786,0.3334011435508728,,,0.482327784754939
ood_rooster_s_seed0.png,ood_rooster,ood,,0,13,0.379791259765625,0.9874,9.50720764439279e-06,0.7196163117717959,0.3327079549203691,0.4461203515529632,2,56.54547882080078,0.7140104066294084,0.7951746921613775,0.7524100333967944,0.7358137335080649,0.7979101538658142,0.2506102323532104,0.1251517087221145,,,0.4135180218024339
ood_rooster_s_seed1.png,ood_rooster,ood,,1,8,0.3826141357421875,1.0,1.4021278604497793e-05,0.6917746759720838,0.7632658037143876,0.7031257748603821,15,54.12044525146485,0.7544968997482964,0.876564220642707,0.8109628494444886,0.7307733709107634,0.7975009679794312,0.2483927905559539,0.1429346948862075,,,0.5803592215739618
ood_teapot_s_seed0.png,ood_teapot,ood,,0,10,0.2763595581054687,0.99865,1.3151728226541398e-05,0.7994230185241421,0.4247361864053659,0.5770055651664734,12,24.085145950317383,0.3374986177153599,0.6850678733031674,0.4522140365673906,0.789142212469471,0.8024472594261169,0.2572216391563415,0.2162603884935379,,,0.545228925266646
ood_teapot_s_seed1.png,ood_teapot,ood,,1,11,0.2902374267578125,0.9827,1.1340636882414782e-05,0.7684270017349245,0.2072169921200578,0.303364485502243,3,32.22298812866211,0.3990735791911634,0.9230769230769232,0.5572370330444878,0.7791827841159477,0.8088591694831848,0.2433809489011764,0.2308917045593261,,,0.6647798207267699
ood_tiger_s_seed0.png,ood_tiger,ood,,0,10,0.5428810119628906,0.99955,8.27500173801957e-06,0.7321959343138013,0.456808194314253,0.6016878485679626,19,63.98960113525391,0.6358019281332165,0.8173348860422559,0.715229414611001,0.7661406870214033,0.8016135692596436,0.2285887151956558,0.2426818311214447,,,0.5288754646961569
ood_tiger_s_seed1.png,ood_tiger,ood,,1,12,0.5599517822265625,0.98545,1.0724970159673298e-05,0.6903834100880181,0.4733732759054422,0.7691494822502136,43,50.10609436035156,0.6474185042228762,0.8762269173182499,0.7446424373411094,0.766784544859201,0.7216781377792358,0.2438659518957138,0.2741939127445221,,,0.4636293920056753
ood_woman_beating_a_drum_s_seed0.png,ood_woman_beating_a_drum,ood,,0,11,0.7169570922851562,0.9981,1.1352384997499224e-05,0.7740414799995744,0.2911942763074828,0.436689019203186,33,48.429420471191406,0.5384418574900857,0.8499542543458372,0.6592512663931419,0.8147323269817702,0.7496557831764221,0.3024436235427856,0.3473872542381286,,,0.6093214036972395
ood_woman_beating_a_drum_s_seed1.png,ood_woman_beating_a_drum,ood,,1,10,0.735260009765625,0.9964,1.1297375932538553e-05,0.8527424978209438,0.4191965774372218,0.3200709521770477,21,32.2094841003418,0.6167058516196448,0.7142421469960354,0.6619001072678635,0.8146693266935763,0.7759972810745239,0.3147476315498352,0.3389196693897247,,,0.35944719048170704
repo_bird_s_seed0.png,repo_bird,repo,,0,11,0.1821708679199218,0.9725,9.665455455307092e-06,0.6423620563291802,0.5594155954207636,0.8163255453109741,5,57.06922912597656,0.6831971447356062,0.8786644951140065,0.7686994275629223,0.7030005284688106,0.8642945885658264,0.2155514359474182,0.5297538638114929,,,0.4668009846191679
repo_bird_s_seed1.png,repo_bird,repo,,1,10,0.1972198486328125,0.99575,9.899048864707566e-06,0.675899419729207,0.8640097785602675,0.8673037886619568,3,49.15378952026367,0.690414653331835,0.854885993485342,0.7638977153683322,0.6910689549022626,0.8738653063774109,0.2451337724924087,0.5775008797645569,,,0.29979130969998957
repo_fish_s_seed0.png,repo_fish,repo,,0,8,0.2657356262207031,1.0,9.304188590347456e-06,0.7778958097070097,0.202229512752685,0.2727482318878174,3,41.37808990478516,0.6297401879491432,0.8600091199270405,0.7270784446182053,0.6581766553370907,0.7649320960044861,0.2228734195232391,0.5074306726455688,,,0.4841803348732929
repo_fish_s_seed1.png,repo_fish,repo,,1,12,0.266448974609375,0.99425,1.1118875313084156e-05,0.7736943076394457,0.292392574927145,0.3044854998588562,2,30.53332901000977,0.6469722693831352,0.9341085271317828,0.7644673377612368,0.6566510709533416,0.7952108383178711,0.2416663169860839,0.3758784532546997,,,0.4563833170052572
repo_motif_s_seed0.png,repo_motif,repo,,0,10,0.33251953125,0.98915,5.302304810356441e-06,0.6749839390602056,0.970531913887816,1.106785535812378,17,44.02346420288086,0.5662817274148924,0.8755912961210974,0.6877600781529892,0.7346852320486951,0.8570395112037659,0.2165056318044662,0.650600016117096,,,0.5397539906586455
repo_motif_s_seed1.png,repo_motif,repo,,1,12,0.3452644348144531,0.9902,8.79484576535799e-06,0.690671645913666,0.8017650584181272,1.047313213348389,41,38.04490661621094,0.5939570095984859,0.9175339009776096,0.7211101148099927,0.7135880805171462,0.8753462433815002,0.2574163377285003,0.6973187923431396,,,0.42992802101021
