file,content,raw_line_recall_t2,raw_edge_prec_t2,raw_edge_f1_t2,raw_line_recall_t3,raw_edge_prec_t3,raw_edge_f1_t3,raw_line_recall_t5,raw_edge_prec_t5,raw_edge_f1_t5,raw_contour_f,raw_sil_iou,raw_decoration_density,raw_palette_conformance,proj_line_recall_t2,proj_edge_prec_t2,proj_edge_f1_t2,proj_line_recall_t3,proj_edge_prec_t3,proj_edge_f1_t3,proj_line_recall_t5,proj_edge_prec_t5,proj_edge_f1_t5,proj_contour_f,proj_sil_iou,proj_decoration_density,proj_purity,proj_colours_used,proj_pieces_below_alpha,proj_cut_residual_fg,proj_cut_residual_all,proj_idempotence_changed,style,seed,set,nn_train_dino,nn_train_idx,clip_style_dedup,proj_clip_style_dedup,clip_style_allrefs,proj_clip_style_allrefs
ind_人物-16_s_seed0.png,ind_人物-16,0.90689736346516,0.446097543473581,0.5980283945633397,0.971045197740113,0.4982180017700385,0.6585507596021817,0.997587099811676,0.5266582151314373,0.6893738642648508,0.0440153190571228,0.5084955185659411,13.750390991554582,0.3196706471913041,0.6278248587570622,0.7192292567833268,0.6704259336645783,0.75765065913371,0.8008913356927514,0.7786711559859575,0.888771186440678,0.8600734041158736,0.8741868361886548,0.2753670654968885,0.8332675914360221,12.048795746011884,0.97505,10,0,17.134628295898438,9.780715942382812,0.0057296752929687,,0,indomain,0.6869307,101,0.8511240482330322,0.8695312738418579,0.85676104,0.87230897
ind_人物-26_s_seed0.png,ind_人物-26,0.9005114586407003,0.5409360261216593,0.6758749036138862,0.9716238811842236,0.5981618091667674,0.7404683354819505,0.9974918855119504,0.620728020316846,0.7652497180954314,0.0049443174739175,0.6599801249290176,8.797780120028394,0.4098820483314154,0.6403068751844202,0.7709805273134586,0.6995940463981563,0.7615815874889348,0.8507094031822621,0.8036819922904823,0.8925936854529359,0.8875868803492446,0.8900832420149499,0.0417846832986305,0.8610665801788444,6.743530727699025,0.99335,8,1,14.336358070373535,8.066544532775879,0.007232666015625,,0,indomain,0.7001918,101,0.8226855993270874,0.8547837138175964,0.82268554,0.85478365
ind_人物-3_s_seed0.png,ind_人物-3,0.897478139652769,0.2737133808392716,0.419490359237738,0.9717399569129388,0.3485880179466877,0.5131102453174858,0.9960714738309466,0.4222222222222222,0.5930556024375085,0.0495846049307596,0.4286230097835672,44.478010058971925,0.4486404576643454,0.6995311113927258,0.523923967664409,0.5991247601309849,0.8125712837409708,0.6482412060301508,0.7211633151360091,0.9105309846660752,0.7828271793751366,0.841863720972927,0.2790905559782696,0.6925741377921495,29.759131007664745,0.9944,7,0,12.07190227508545,6.540922164916992,0.0048599243164062,,0,indomain,0.6643197,98,0.7957250475883484,0.8205973505973816,0.8053335,0.8290469
ind_人物-4_s_seed0.png,ind_人物-4,0.8852577412656857,0.3149793716280545,0.4646380687237135,0.9671391170894648,0.3559980958425897,0.5204292959696437,0.9976527940778188,0.3758330688670263,0.5459843765091407,0.0,0.2002029418945312,11.394382836019968,0.3431146510165583,0.5823779001534711,0.6979232221522971,0.6349366621711475,0.7131894917396407,0.7999790224459828,0.754095300122847,0.8588065360657218,0.8538913362701909,0.8563418832050781,0.1414205653953559,0.8220451740113176,8.155177013071148,0.99795,7,1,16.740934371948242,9.34214687347412,0.0043487548828125,,0,indomain,0.6838478,89,0.802288830280304,0.8882366418838501,0.80228895,0.8882367
ind_人物-5_s_seed0.png,ind_人物-5,0.975197968026296,0.3046958215405216,0.4643178183292643,0.9977588525324966,0.3788611948020329,0.5491887347226858,0.9995517705064992,0.430901731641255,0.6021986567611537,0.0879393834639817,0.6185837689482576,41.84378151367773,0.4963074796274738,0.7527267294187957,0.5439066687687214,0.6315016850000084,0.7951591214701927,0.6294340217562667,0.7026570444240888,0.845360824742268,0.7165379158127069,0.7756368165778867,0.3370662845791882,0.8352739689139262,30.87861729151508,0.98345,10,0,11.12194538116455,5.765645980834961,0.0042762756347656,,0,indomain,0.72381157,101,0.8226348161697388,0.8277996778488159,0.8333849,0.8442884
ind_动物-18_s_seed0.png,ind_动物-18,0.946534413934922,0.3714148055775989,0.5334908054411662,0.9820974960687068,0.4191418206552545,0.5875343742503559,0.9958872626103786,0.4760231266296338,0.6441497688771564,0.0455822915757117,0.5888018602374251,39.35275613216276,0.4956902105727171,0.8543607112616427,0.5837261371670988,0.69357796892029,0.916535623563566,0.6601461230261607,0.7674946955142166,0.9639530664086126,0.7488215884987037,0.8428766322039651,0.2999481902796146,0.8378717385309267,29.39120422723441,0.95195,11,1,10.173768043518066,6.562270164489746,0.0045890808105468,,0,indomain,0.6160619,33,0.8546075224876404,0.8605983257293701,0.8662145,0.8732008
ind_动物-38_s_seed0.png,ind_动物-38,0.9309061127242946,0.6343316942333482,0.7545220911886161,0.973866428411883,0.698978714624669,0.8138373204250401,0.9967239967239968,0.756610845569272,0.8602260877610379,0.0402553836164917,0.8048931074488944,18.89750505731625,0.6264305030714401,0.8391780209962029,0.7035248672139063,0.7653873086024519,0.9053681780954508,0.7645581844519556,0.8290265559366328,0.9677611495793312,0.823322066634476,0.8897175770141295,0.2140673496046093,0.7939755754952269,15.534389750505731,0.98735,10,1,9.283576965332031,4.798168182373047,0.0067672729492187,,0,indomain,0.67267245,31,0.863902747631073,0.9133212566375732,0.86873704,0.9177715
ind_动物-鸟-3_s_seed0.png,ind_动物-鸟-3,0.9456971928209849,0.1237255351932596,0.2188225259244371,0.975609756097561,0.1465757466478707,0.2548611224919501,0.990796134376438,0.1812608595875815,0.3064570407719257,0.0,0.0262794494628906,1.0161126433444625,0.2336030898205139,0.8527381500230097,0.3534201954397394,0.4997268970094135,0.9056603773584906,0.413304936106239,0.5675871845558019,0.9549010584445468,0.5060135304434978,0.6614936416995242,0.3054822945421107,0.1245972938144329,0.7257947452460444,0.9743,8,0,23.85505104064941,14.345786094665527,0.0017852783203125,,0,indomain,0.60993093,28,0.8318802714347839,0.8459031581878662,0.8377119,0.8573253
ind_日常-25_s_seed0.png,ind_日常-25,0.9655970889844524,0.6165978617550545,0.7526064978357307,0.9875620244789944,0.7122896157510321,0.8276371399697741,0.9983460138934832,0.8049380755795491,0.8912702373154854,0.0506601798400077,0.7184937746735499,27.610699033490672,0.6551294343240652,0.8262652993714853,0.6277576096062553,0.7134610136214589,0.8950711214025803,0.7010013164718554,0.7862375410413677,0.9526959973536222,0.7887661068336858,0.8630154064470267,0.0645612099601861,0.742805971745145,17.541020454034616,0.95635,13,0,10.621082305908203,6.815129280090332,0.0074043273925781,,0,indomain,0.697643,89,0.846618115901947,0.8792667388916016,0.85488766,0.88614607
ind_日常-3_s_seed0.png,ind_日常-3,0.9741811175337188,0.2716212918743682,0.4247998425205273,0.9905587668593449,0.303342977655384,0.46445419392251,0.998651252408478,0.3544811238540105,0.5232348652683496,0.0453833886848765,0.619203469716005,34.51882845188285,0.3640060877652828,0.9317919075144508,0.5360494025182453,0.6805728819327634,0.9703275529865124,0.5991659315101452,0.7408596695660403,0.9894026974951832,0.6970887801748336,0.8179128428819203,0.2967892541821762,0.8873983553084945,36.10723694405703,0.98735,9,1,12.369024276733398,6.324723243713379,0.0032310485839843,,0,indomain,0.62302023,140,0.8005353212356567,0.8288505673408508,0.8038019,0.8359896
ind_日常-6_s_seed0.png,ind_日常-6,0.9685140562248996,0.3226790217582546,0.484078134479973,0.9876305220883534,0.3916779074541082,0.5609087104001725,0.9958232931726908,0.4750161280863292,0.6432138249002866,0.0023992733629243,0.7362444154327589,78.50300735130318,0.5374776918500892,0.8930120481927711,0.4247080516287645,0.5756448689222092,0.9384738955823292,0.4944683466502765,0.647682260800727,0.9751004016064256,0.5988014751075599,0.7419669135651057,0.081672689726381,0.8824920259612485,63.95188237914903,0.93535,13,0,8.578231811523438,5.23666524887085,0.0047035217285156,,0,indomain,0.6661469,89,0.7871692180633545,0.8491604924201965,0.796087,0.8592721
ind_植物-17_s_seed0.png,ind_植物-17,0.965195670274771,0.3869575641333013,0.5524370403847547,0.9928393005828476,0.444138096379765,0.6137295658288717,0.9996669442131556,0.5164628786062495,0.6810641936925182,0.1279923481701757,0.7794840986745767,66.3958697137651,0.7652882267132156,0.902248126561199,0.4332371087337974,0.5853862841478974,0.9540383014154872,0.4906888549272655,0.6480614137044107,0.9800166527893422,0.57287598347201,0.7230738180809472,0.2182560882628488,0.8113863363963244,55.29192923847848,0.9909,10,1,6.747663497924805,3.864492893218994,0.0039749145507812,,0,indomain,0.71125305,141,0.8833795785903931,0.9118565320968628,0.8833796,0.9118566
ind_植物-29_s_seed0.png,ind_植物-29,0.9652548588192152,0.4955646875442823,0.6549011802342317,0.9916574990832416,0.5781493552501062,0.7304416363596326,0.9995416208287496,0.6910301827972226,0.8171358678445565,0.0401334226879493,0.7315666186887929,47.88128403288753,0.7160319699106723,0.8399339933993399,0.5034715254645423,0.6295684259268526,0.8936560322698937,0.5631496568607778,0.6909117553277396,0.9483865053171984,0.674439137937954,0.7882904484983578,0.085687141447729,0.75435357429906,32.87210575840314,0.9978,8,1,8.139511108398438,5.807014465332031,0.0061569213867187,,0,indomain,0.802505,135,0.8184390068054199,0.858902096748352,0.8323005,0.87216467
ind_植物-8_s_seed0.png,ind_植物-8,0.9485994016861572,0.4519285960280105,0.6121965380152702,0.9777898649261172,0.5030995293307312,0.6643651075312763,0.992113135708458,0.5429629204454138,0.7018292591002744,0.0318462145119372,0.7427779809288065,17.832128118729415,0.6350588083699021,0.8714531774091198,0.6888767123287671,0.7694831762825465,0.9291995286012148,0.7551232876712328,0.833165942016678,0.9683618892212856,0.8122739726027397,0.8834767124920485,0.0859399405359118,0.8555606867105785,13.92306818612047,0.9713,10,0,8.413124084472656,5.295957565307617,0.0041999816894531,,0,indomain,0.7712213,113,0.8420833349227905,0.8893033862113953,0.84208333,0.8893035
ind_窗花-3_s_seed0.png,ind_窗花-3,0.9591489361702128,0.6485965489679816,0.7738795670047711,0.9895981087470448,0.7180873571865156,0.8322585215638147,0.9996217494089834,0.7977337909633739,0.8873392378675,0.2657897952385815,0.8235542598350496,23.380121459521856,0.7327552310814975,0.8919148936170213,0.6529709565680789,0.7539644708282405,0.93645390070922,0.7176125766053824,0.8125563340732503,0.9680378250591016,0.7906741273647748,0.8704125329105922,0.2881888501741845,0.5611342149670623,20.84553226373112,1.0,7,0,7.750110149383545,3.3942551612854004,0.0032806396484375,,0,indomain,0.84038717,146,0.8416637778282166,0.8549712300300598,0.8416638,0.85497123
ind_窗花-4_s_seed0.png,ind_窗花-4,0.967007434944238,0.5701676359904208,0.7173631079406876,0.9855947955390336,0.656209373930893,0.787860764099567,0.9929368029739776,0.7652411905576463,0.8643449571678906,0.0586610378856778,0.8574325322928675,45.54872550301845,0.7234355410404445,0.8955390334572491,0.5769580464995454,0.7017853662877837,0.9355947955390336,0.6497380612200718,0.7668945306335647,0.9613382899628252,0.7497943455860069,0.8424899379915745,0.1234124273651491,0.871459406012227,37.70143109869005,0.99915,7,0,7.268646240234375,4.448152542114258,0.0052604675292968,,0,indomain,0.77319324,152,0.8356977701187134,0.8670660853385925,0.83569777,0.8670661
ind_边框-12_s_seed0.png,ind_边框-12,0.9813542688910696,0.5162796488825251,0.6766049184110987,0.9947006869479882,0.5947519143372969,0.7444073982156528,0.9999018645731108,0.6754964825997635,0.8062920601585001,0.021450053625134,0.784623365843536,47.72230449192582,0.6340697361144592,0.8949950932286556,0.6164482559259973,0.730054705115749,0.9490677134445534,0.6774908460204279,0.7906074876562925,0.9869479882237489,0.7489400655232222,0.8516273723674694,0.0290999906053299,0.8189426708357103,32.14688667935971,0.87625,13,1,7.382222652435303,4.950373649597168,0.0045356750488281,,0,indomain,0.68366015,66,0.8496207594871521,0.8409020900726318,0.8561044,0.84704214
ind_边框-2_s_seed0.png,ind_边框-2,0.949753463254285,0.1930315436043943,0.3208519116986726,0.99741723409251,0.2325567696521662,0.3771724105546268,1.0,0.2785026359968191,0.4356700223455965,0.0,0.1894378662109375,56.00080547724527,0.2640014442750542,0.8837755341629491,0.4773882559158632,0.6199166682956386,0.958206151678798,0.5666082383873795,0.7121227385467036,0.984268607654379,0.6799298860648554,0.8042714192872736,0.0,0.7624516366762881,49.21465968586387,0.9223,11,0,14.89064121246338,8.936164855957031,0.0017280578613281,,0,indomain,0.64489675,66,0.7896020412445068,0.8453713655471802,0.79330164,0.8548886
ind_边框-9_s_seed0.png,ind_边框-9,0.9463862253840604,0.4391583982418151,0.5999279298131147,0.9828848334879884,0.5011796645228015,0.6638550976353566,0.9996906897618312,0.5687598978701399,0.7250263146244351,0.0108779509334979,0.5611694539921475,38.3950482960384,0.5247084522425396,0.8776162490978452,0.5887573964497042,0.7047358761113899,0.9415403649860812,0.6638118966054188,0.7786523996824922,0.989277245076812,0.7427592650264715,0.8484750005839642,0.0257127881562941,0.7681780969746586,25.43551058402544,0.9892,10,0,9.283220291137695,6.049914836883545,0.0038337707519531,,0,indomain,0.6503194,71,0.7844455242156982,0.8169899582862854,0.7984153,0.8249205
ood_bicycle_s_seed0.png,ood_bicycle,0.91427136939877,0.3166992824527071,0.4704402760864196,0.9703778084598972,0.3649706457925636,0.5304374514210864,0.99322204091879,0.4048212061910692,0.575200152715597,0.023135245597231,0.522421855008181,24.262353359402773,0.4537416377119743,0.7641521275260449,0.6103673723536738,0.6786568341843914,0.8486255805196435,0.6903019925280199,0.7613196870374276,0.9182879377431906,0.7587173100871731,0.8309108810618194,0.3517766107047667,0.7994050570153693,19.92238416874037,0.9928,8,0,11.775967597961426,6.16569709777832,0.003143310546875,,0,ood,0.3143583,53,0.7721729278564453,0.7808589935302734,0.7721729,0.780859
ood_carp_fish_s_seed0.png,ood_carp_fish,0.9340731070496084,0.4951216745135856,0.6471893780281908,0.968295412159642,0.5665948153610528,0.7148799965372765,0.9905818724356584,0.6140450394236769,0.7581349663484329,0.10383502170767,0.7663248833620124,20.52752028479623,0.6851745147121334,0.8136889220440134,0.6890175985742927,0.7461816121255488,0.886236478925774,0.774782802405881,0.8267703938824181,0.9487131667288324,0.8404433058587659,0.8913022895131719,0.2460408082212183,0.8039108411232585,15.303173906008,0.9972,8,0,8.73216438293457,5.16566276550293,0.0053253173828125,,0,ood,0.38184923,187,0.8153125047683716,0.8253655433654785,0.8153125,0.8253655
ood_cat_s_seed0.png,ood_cat,0.911727842435094,0.2284586889998389,0.3653650378508438,0.964189794091316,0.2664411875234874,0.4175091925584702,0.99319606087735,0.3050947549256456,0.4667966608068067,0.0,0.1780930162552679,35.87107073268071,0.2656142076118896,0.7751119068934647,0.445948913123033,0.566163956391938,0.8481647269471799,0.5022323062285003,0.630889607147013,0.9255147717099372,0.5787162409426919,0.7121385280793924,0.0263627625978305,0.5248936301412098,26.2225039322018,0.9702,10,0,18.82373809814453,12.55765151977539,0.0030059814453125,,0,ood,0.535018,14,0.8077234029769897,0.8083001971244812,0.8077234,0.8083004
ood_crane_bird_s_seed0.png,ood_crane_bird,0.877538308209792,0.3161225156709545,0.4648047620211211,0.9394543415971096,0.382014794569383,0.5431613156757353,0.97907063660147,0.4602061733163007,0.6261121529533424,0.0652559954980205,0.389045081245393,38.11257685190712,0.3952867327127761,0.7443627756322412,0.4442242355605889,0.556398449370814,0.8445247290394917,0.5354473386183466,0.6553734371291606,0.928865080353806,0.6545300113250283,0.7679322422539335,0.2022468717132298,0.5135160538386345,33.06870411269623,0.9898,9,0,11.595721244812012,6.662020206451416,0.0044288635253906,,0,ood,0.42816532,18,0.8028227686882019,0.8263989686965942,0.80282265,0.82639897
ood_deer_s_seed0.png,ood_deer,0.9217877094972068,0.3523465362904178,0.5098186595489329,0.9721724465057447,0.4136611634663076,0.5803726831528688,0.9966269632128176,0.470795247880205,0.6394986182475474,0.0,0.3057318963608179,40.63801533168347,0.4359575490039111,0.8332454938336671,0.5193909538737125,0.6399061219838811,0.9196795615052176,0.6047469771607703,0.7296821731580789,0.9879835564456624,0.6877742946708464,0.8109879279134181,0.0721643031983368,0.6236363293193915,32.036578740870404,0.9275,13,1,11.135814666748049,8.486196517944336,0.0065650939941406,,0,ood,0.4907908,89,0.8144190907478333,0.8312485218048096,0.8144191,0.8312485
ood_frog_s_seed0.png,ood_frog,0.9031602002503129,0.3632249761282019,0.5180893590589688,0.949468085106383,0.4169469008178685,0.5794400377463783,0.9832603254067585,0.4888113920371985,0.6529965119247995,0.1009597522669458,0.677307704437226,38.9706051607854,0.6507630128075246,0.8591989987484355,0.5206559223027658,0.6483972196065099,0.916927409261577,0.5862481525793511,0.7152151929221631,0.9629224030037546,0.6899148427053277,0.803871597073995,0.2179623186629993,0.7649539178900586,35.276108924337635,0.98545,9,1,9.111523628234863,4.311539649963379,0.0025634765625,,0,ood,0.4832577,157,0.7867486476898193,0.8126195073127747,0.7867487,0.8126197
ood_potted_chrysanthemum_s_seed0.png,ood_potted_chrysanthemum,0.8811434755162774,0.5437235278683609,0.6724816252012932,0.9498602218414646,0.619888301660482,0.7501930798680876,0.9909820542880332,0.680347839124405,0.8067976309205522,0.1211249777496489,0.7198233521119666,20.29490861023748,0.6053666296485278,0.7728379475155559,0.6498015285265715,0.7059993597198276,0.8672558391198485,0.7250429527815629,0.7897986704639032,0.9555415276400036,0.8033058830499438,0.8728353875230599,0.1578292360204549,0.7089954300562384,14.380783080359178,0.9926,10,0,8.520487785339355,4.290890693664551,0.0040092468261718,,0,ood,0.32794523,167,0.8036531805992126,0.7104126214981079,0.8036532,0.71041274
ood_rabbit_s_seed0.png,ood_rabbit,0.9456370225815444,0.1822183972725166,0.305557715329612,0.9866183440200724,0.2154182251497798,0.3536258014442934,0.999721215500418,0.2554036609182086,0.4068638318522915,0.0185895282170223,0.3453452967962708,53.04518664047151,0.2318554199922647,0.799832729300251,0.38495531768634,0.51975518015535,0.8734318371898523,0.4427968182264558,0.587668163664206,0.9381098410928352,0.5319650397721694,0.6789336317806793,0.125852778485689,0.7247533546172495,43.79892100913712,0.99155,6,0,14.4909086227417,8.267799377441406,0.0018043518066406,,0,ood,0.6020187,35,0.8137838840484619,0.8217459917068481,0.8137839,0.821746
ood_rooster_s_seed0.png,ood_rooster,0.9070978075883472,0.3776218177936702,0.5332524174935193,0.9611572730003004,0.431819394780381,0.595912855564209,0.9931925117629392,0.475422959918877,0.6430362920947118,0.0245287069218006,0.4845012727474986,24.090416058491904,0.4156495028696144,0.7809590549604565,0.6411631509951138,0.704190070838759,0.8632495745319851,0.7202955547610536,0.7853200009050011,0.942737010711783,0.7954355857466333,0.8628447690965508,0.2108048553106137,0.7261590150164915,18.800969508684062,0.99595,7,1,9.960585594177246,5.920039176940918,0.0034866333007812,,0,ood,0.59188586,10,0.7927021980285645,0.8028475642204285,0.7927023,0.80284756
ood_teapot_s_seed0.png,ood_teapot,0.963499245852187,0.17952744403462,0.3026605738388429,0.9879336349924586,0.1981521381879268,0.3300961306307722,0.9993966817496228,0.2186393017565643,0.3587864326414703,0.0062875506497135,0.415467261963042,51.96927089061003,0.5191520762058094,0.8787330316742081,0.4068759342301943,0.5562116206149119,0.9143288084464556,0.4493273542600897,0.6025462365932728,0.971342383107089,0.4899850523168909,0.6513848120099839,0.212535559132165,0.7676066298910877,50.1783105273907,0.9888,9,1,9.828723907470703,5.210574150085449,0.0020294189453125,,0,ood,0.61496514,60,0.7948806881904602,0.8387000560760498,0.7948807,0.8387
ood_tiger_s_seed0.png,ood_tiger,0.8585925802695059,0.4783015630362212,0.6143585491948617,0.9296290134752953,0.5687455152403831,0.7057278699266286,0.9792879720512394,0.6616853336661155,0.789751407026907,0.1349127407983014,0.7398135751635638,41.219447736127336,0.6890221301646136,0.6931458991848278,0.5214058432166618,0.5951336767621488,0.7942106138745633,0.6112236042811686,0.6908046889704801,0.9010979870237896,0.7186867225918426,0.799621277054663,0.2054549158467498,0.7943343237413,33.32509228552673,0.99365,7,0,8.971617698669434,5.431219100952148,0.0057525634765625,,0,ood,0.5212872,23,0.7896460294723511,0.7911893129348755,0.7896461,0.79118925
ood_woman_beating_a_drum_s_seed0.png,ood_woman_beating_a_drum,0.911355087933313,0.4409047276217903,0.5942952118961288,0.9645217037714752,0.525287976961843,0.6801562119807448,0.9882077869269086,0.6302795776337893,0.7696658005455254,0.0513927030207924,0.8272103287417344,70.85273868583577,0.7151331574691464,0.8151875571820677,0.4327263049842223,0.5653484750560527,0.8888888888888888,0.505873854693381,0.64479159725966,0.944901900986073,0.6122875717598752,0.7430716693529074,0.0908581071227682,0.8351987812876881,57.00111369849144,0.9261,15,2,7.278981208801269,4.710955619812012,0.0055351257324218,,0,ood,0.50511086,89,0.8504966497421265,0.8330979943275452,0.85049665,0.83309793
repo_bird_s_seed0.png,repo_bird,0.9131921824104234,0.2426024218923815,0.3833598708303306,0.9833876221498372,0.2795346915424467,0.4353252019447541,0.9993485342019544,0.3044846327432222,0.4667564518731928,0.0537758930909782,0.2534962601554544,18.124112586653304,0.199407224764832,0.6855048859934854,0.6508891563043188,0.6677487069900581,0.8030944625407166,0.7355261398582699,0.7678266741692165,0.9151465798045604,0.8071934750635111,0.85778687647314,0.3005460182737774,0.718937675163486,12.082741724435536,0.95505,10,1,14.36894989013672,7.427177429199219,0.0028457641601562,,0,repo,0.6392694,160,0.828674852848053,0.9004969596862793,0.8286749,0.90049696
repo_fish_s_seed0.png,repo_fish,0.9509803921568628,0.2254210004952947,0.3644520531688858,0.98609211126311,0.2587295690936107,0.4099080070016164,0.996124031007752,0.2917904903417533,0.4513646125278506,0.0,0.1750717163085937,36.60609229964701,0.286888584189734,0.8431372549019608,0.5463372532096235,0.6630381330966413,0.8996808025535795,0.6149530693710217,0.7305547317273375,0.9386684906520748,0.6931707843348797,0.7974530137484747,0.3374903504749843,0.7439534998275947,24.491218895716216,0.99605,8,0,14.384825706481934,8.607345581054688,0.0021324157714843,,0,repo,0.6561107,187,0.7928594350814819,0.8240997195243835,0.79285944,0.8240997
repo_motif_s_seed0.png,repo_motif,0.956165247555976,0.2672562553925798,0.417748327918795,0.9944812362030904,0.3272487057808456,0.4924496103679129,0.999842321034374,0.3952491371872303,0.5665389353266908,0.0064680557110881,0.5233349480254433,51.88006433795636,0.5956311401551934,0.695679596341848,0.4678357911518533,0.5594490933959433,0.771838536739199,0.542367477082503,0.6370692501534759,0.8552507095553453,0.6591470705460343,0.7445018834458202,0.0475362410484215,0.7595103057131,35.67418287760614,0.98905,8,0,10.626229286193848,5.97219181060791,0.0034675598144531,,0,repo,0.6343131,32,0.7986566424369812,0.8853501677513123,0.7986567,0.88535017
