file,content,raw_line_recall_t2,raw_edge_prec_t2,raw_edge_f1_t2,raw_line_recall_t3,raw_edge_prec_t3,raw_edge_f1_t3,raw_line_recall_t5,raw_edge_prec_t5,raw_edge_f1_t5,raw_contour_f,raw_sil_iou,raw_decoration_density,raw_palette_conformance,proj_line_recall_t2,proj_edge_prec_t2,proj_edge_f1_t2,proj_line_recall_t3,proj_edge_prec_t3,proj_edge_f1_t3,proj_line_recall_t5,proj_edge_prec_t5,proj_edge_f1_t5,proj_contour_f,proj_sil_iou,proj_decoration_density,proj_purity,proj_colours_used,proj_pieces_below_alpha,proj_cut_residual_fg,proj_cut_residual_all,proj_idempotence_changed,style,seed,set,nn_train_dino,nn_train_idx,clip_style_dedup,proj_clip_style_dedup
ind_人物-16_s0_seed0.png,ind_人物-16,0.4190207156308851,0.6300551886365693,0.5033118670546476,0.5564383239171374,0.7410657739980095,0.6356163311674959,0.7327565913370998,0.8366959196598208,0.7812844871440563,0.126460761196878,0.587637097579098,13.112292774476073,0.6125511355621385,0.3757062146892655,0.6205057078843487,0.4680286300931818,0.5154190207156308,0.7342366371492585,0.6056700917748735,0.7083921845574388,0.8353782140189907,0.7666624499424313,0.1294064648210705,0.5820483288418745,11.635908664372849,0.9934,8,0,7.386038303375244,2.086803913116455,0.00225830078125,0,0,indomain,0.5929935,57,0.8248355,0.8548807
ind_人物-16_s1_seed0.png,ind_人物-16,0.6646068738229756,0.4544094574378808,0.539766293853997,0.8123234463276836,0.5359579669427519,0.6458165461729006,0.9277895480225988,0.6072536213376145,0.7340556593085669,0.0763710777385626,0.6234241828228904,31.97998123240538,0.4335346087840844,0.5581450094161958,0.6199100834938985,0.5874083843297851,0.7200447269303202,0.7360950545921644,0.7279814332445528,0.8865348399246704,0.8330764290301863,0.8589746903719329,0.1850331594874766,0.6233332576153374,23.947450735064123,0.95285,9,1,13.35147476196289,5.025308132171631,0.0046730041503906,1,0,indomain,0.66073644,95,0.82821363,0.8760313
ind_人物-26_s0_seed0.png,ind_人物-26,0.3902331071112422,0.5409151193633952,0.4533821398378094,0.5332448116455198,0.6540450928381963,0.5874995669062625,0.7342874004131013,0.7421750663129973,0.7382101643298872,0.0813109801997989,0.7071468303098813,11.292994041601238,0.7745676593223815,0.3690370807514507,0.570891041549916,0.448289520021801,0.5078685944723124,0.6852934112561044,0.5833893468025724,0.716927313858562,0.7780001601152831,0.7462162207646197,0.0939769899978292,0.7205581997135068,10.238981264385124,0.99905,7,0,5.53347635269165,3.093544006347656,0.0019607543945312,0,0,indomain,0.5314338,116,0.8402552,0.8163036
ind_人物-26_s1_seed0.png,ind_人物-26,0.6934690665879807,0.5102499920788315,0.5879155658220327,0.8566440444575588,0.6046386362916257,0.708911552366594,0.9766892888757746,0.6809987009283609,0.8024720466408579,0.001699579151829,0.6924600810295519,23.25281249327798,0.6544598895160322,0.5902921215697846,0.6192259017085003,0.6044129384029429,0.7714665092947772,0.7359206918371651,0.7532744961919322,0.9474771318973148,0.828569921957393,0.8840430792964734,0.0072828389830508,0.8506367562028837,17.380455591645337,0.99935,6,2,9.148677825927734,7.008101463317871,0.0053749084472656,1,0,indomain,0.49320465,90,0.76503575,0.7695731
ind_人物-3_s0_seed0.png,ind_人物-3,0.4808009124318844,0.3605551497443389,0.4120853293210915,0.6316056266632872,0.4807888970051132,0.5459735123187058,0.7964769991129135,0.6073776479181885,0.6891914734409408,0.0953131751597294,0.6233694171769857,32.39438882907782,0.6484984682811207,0.4508934228868331,0.4127458542229078,0.4309771357683836,0.6025852236725383,0.5530273814114924,0.5767436714670489,0.7759472817133443,0.7077709217123024,0.7402927611326983,0.106606746223453,0.6664775255896751,30.03229797695756,0.99825,9,0,6.343704700469971,3.5636637210845947,0.0022468566894531,0,0,indomain,0.63178766,91,0.8574337,0.8366439
ind_人物-3_s1_seed0.png,ind_人物-3,0.6346470662780382,0.227090019630449,0.3344918469826462,0.7944493727030795,0.3172031284080641,0.4533823764735012,0.9232036497275375,0.4323995886953541,0.5889523823927388,0.0821175610620558,0.3996224040276904,59.51826201532949,0.3266906176858692,0.5605119756684831,0.3855603731441335,0.4568597882851764,0.7309593207451527,0.5390224674812771,0.6204868453219773,0.9005195792675199,0.7342004992773618,0.8088992523977254,0.2219876739009407,0.57772534214252,49.73245705654556,0.9791,9,0,12.342569351196287,5.356529235839844,0.0045394897460937,1,0,indomain,0.74280864,104,0.87143433,0.8961808
ind_人物-4_s0_seed0.png,ind_人物-4,0.3921639433059493,0.2971428571428571,0.3381040619546117,0.5247810779091812,0.3617077175697865,0.4282453808381963,0.6995576419608197,0.4135303776683087,0.5197941776018714,0.0553831302160054,0.4596907108040818,11.20384131702298,0.4608270633834929,0.3565947458698204,0.5474985947161327,0.431891517131072,0.4901146519815834,0.6718662169758292,0.5667760733560929,0.6759953055881557,0.7726250702641934,0.7210873589583531,0.0966537789727788,0.6331486866258387,9.77477992454556,0.99515,8,0,8.477182388305664,3.825789451599121,0.0014724731445312,0,0,indomain,0.6214024,17,0.7727432,0.77222055
ind_人物-4_s1_seed0.png,ind_人物-4,0.6003430531732419,0.2323085927701441,0.3349896695490113,0.7348560079443893,0.2845675743471111,0.4102635946582217,0.846167734946285,0.3238663284929903,0.4684397594386892,0.0116040955631399,0.2568449220835814,20.064021950382987,0.1990101568556818,0.5130450482982757,0.5789617237930721,0.5440139258063545,0.6647106617315157,0.7119738158014365,0.6875309396746754,0.822515121422768,0.8152559323574871,0.8188694392245885,0.1055444744286701,0.6172440681742231,15.491025494455242,0.8818,12,0,16.032041549682617,8.775456428527832,0.0030632019042968,1,0,indomain,0.5994878,44,0.8334593,0.8004041
ind_人物-5_s0_seed0.png,ind_人物-5,0.328253399073659,0.2781228433402346,0.3011159155016756,0.4319438219034812,0.3671497584541063,0.3969198946802697,0.5523681458239952,0.4802326727792566,0.5137807877897881,0.1297461488392276,0.7277235772357724,31.93811511507678,0.7777274066686312,0.292693859255939,0.2930327868852459,0.2928632250112514,0.3933960854624234,0.3892161885245901,0.3912949746727819,0.518452114149111,0.5167776639344263,0.5176135348576151,0.1209841134952671,0.7436859997080231,26.84486654156933,1.0,5,0,5.090909004211426,2.5735466480255127,0.0012245178222656,0,0,indomain,0.5238344,91,0.737951,0.7936851
ind_人物-5_s1_seed0.png,ind_人物-5,0.45555057522785,0.1681002793706807,0.2455802903134715,0.584043030031376,0.2350389648581091,0.3351871242870861,0.7288211564320932,0.3324143508307602,0.456582181672312,0.0872220273894885,0.3140311972571843,63.13585825706225,0.2912920508634367,0.4017630360077693,0.3001034839599862,0.3435709879360311,0.5462423427461527,0.4228182131769575,0.4766703379057955,0.7076049604063948,0.6012418075198345,0.6501015945186961,0.1706166877985052,0.4279340078307138,50.06446342179502,0.9759,9,0,13.06375217437744,5.6654887199401855,0.0032005310058593,1,0,indomain,0.6021822,122,0.83701164,0.8613353
ind_动物-18_s0_seed0.png,ind_动物-18,0.3607112616426757,0.2448085349590398,0.2916674103854399,0.4987298899237934,0.3455896361211659,0.4082716930375363,0.6902141042699891,0.481742554137296,0.5674365226859034,0.1037646146173879,0.6078614411356272,44.36951292226083,0.6327753540229174,0.3396637232369662,0.2857266286504233,0.3103692604865264,0.4759888714164751,0.4034905823397269,0.4367515945819982,0.6727954517962985,0.5638500086400553,0.6135238165585084,0.1116071612178841,0.8057073413825965,39.46583876472644,0.99005,9,0,6.644256114959717,3.7118563652038574,0.0017814636230468,0,0,indomain,0.64661825,42,0.7946826,0.7835775
ind_动物-18_s1_seed0.png,ind_动物-18,0.5777186403774042,0.2222326542108722,0.3209894094971028,0.7479133905890891,0.3116452289299909,0.4399636519133524,0.9016571912422886,0.4303195318123494,0.5825938151543865,0.0604492875929863,0.5759093758835605,79.59989308551103,0.3779062360659914,0.5061086246522317,0.3168937795769428,0.389750197856952,0.6811418894399419,0.4452933462569132,0.53852710144819,0.8715374380065319,0.619875705570443,0.724473814170154,0.1501840061497128,0.7902355099497028,63.55243950079158,0.9647,12,0,12.42006778717041,7.1522321701049805,0.0042991638183593,1,0,indomain,0.6497831,25,0.83372104,0.871103
ind_动物-38_s0_seed0.png,ind_动物-38,0.5465713647531829,0.4435843099943778,0.489721945508293,0.6868438686620505,0.5933053669506552,0.636657261821984,0.8149802695257241,0.7602387233490464,0.786658315397997,0.1029920014889521,0.8195025976390192,42.11901550910317,0.7185377690352779,0.47457374730102,0.4446725740220445,0.4591368491350566,0.6178988906261633,0.5965528420142641,0.6070382698192186,0.7741046831955923,0.764750378214826,0.7693990994955822,0.0760719794995898,0.8317078686624546,32.38368172623061,1.0,7,0,5.96331787109375,3.4774038791656494,0.0043563842773437,0,0,indomain,0.3867274,17,0.64649844,0.79799205
ind_动物-38_s1_seed0.png,ind_动物-38,0.633087633087633,0.3434458015669929,0.4453125349155754,0.797408979227161,0.4733426543910096,0.5940542162246372,0.95272131635768,0.6244756905057114,0.7544413276248426,0.0577853686307998,0.7239067965618967,66.38570465273095,0.5378324810118922,0.5392748120020847,0.4132485558741636,0.4679245565933996,0.7157322611868067,0.5693803765116568,0.6342228570499889,0.9155684610230064,0.7453351618667664,0.8217278325992032,0.1177847113884555,0.7902133123355112,47.90964261631827,0.97505,12,1,10.551509857177734,6.379182815551758,0.0071640014648437,1,0,indomain,0.6711432,56,0.8721422,0.86084306
ind_动物-鸟-3_s0_seed0.png,ind_动物-鸟-3,0.6543948458352508,0.1525163529568816,0.2473776926878025,0.7749654855039116,0.223735148845281,0.3472252090080256,0.8527381500230097,0.3259911894273127,0.4716691347068363,0.2256455243813564,0.074601297677521,9.725649586296996,0.289923384410393,0.5167970547630004,0.2236860546601261,0.3122293885405897,0.6617579383341003,0.3275402943237561,0.4381942325130908,0.7924528301886793,0.4836720392431675,0.6007049710613731,0.3358387335678577,0.120070505906185,7.257947452460444,1.0,7,0,12.538026809692385,5.062066078186035,0.0020484924316406,0,0,indomain,0.5110311,1,0.7302319,0.8083184
ind_动物-鸟-3_s1_seed0.png,ind_动物-鸟-3,0.6203405430280718,0.1115915173975705,0.1891561969822143,0.7565577542567878,0.1604900144121886,0.2648061944702326,0.8702254947077772,0.2415585752522133,0.3781497438748658,0.2022924101946852,0.067065885927521,12.048192771084338,0.2054204239177453,0.543948458352508,0.2292625213619035,0.3225691262141087,0.693971468016567,0.3350861049033785,0.4519478836775271,0.8366313851817764,0.5101879847508873,0.6338478491092304,0.40889555738171,0.1252554278416347,10.45144433154304,0.99585,8,0,14.2294282913208,4.977396488189697,0.0021476745605468,1,0,indomain,0.5619731,157,0.8061764,0.8310454
ind_日常-25_s0_seed0.png,ind_日常-25,0.4437975521005624,0.4228892660161222,0.4330912092914537,0.5767118756202448,0.5591854051760713,0.5678134269543794,0.7368177307310618,0.7311731014000848,0.7339845638723624,0.1789791994450822,0.6216414880360668,30.253989660597888,0.7376295181752898,0.3695666556400926,0.4116894743573347,0.3894925015205164,0.499900760833609,0.5509016498273437,0.5241635365490946,0.6737677803506451,0.7194654047832204,0.6958671584804269,0.1831429139252047,0.614576391350585,25.65070802427512,0.9929,9,0,7.018501281738281,3.541651964187622,0.003387451171875,0,0,indomain,0.5134027,57,0.7413606,0.7606058
ind_日常-25_s1_seed0.png,ind_日常-25,0.5777704267284155,0.361350137621324,0.4446232595415574,0.71683757856434,0.4826597131681877,0.5768893726442753,0.8559708898445253,0.6316673909894249,0.7269090957351335,0.1815155248937014,0.5656928137717622,48.721060912564624,0.5272207776190427,0.5229904068805822,0.4351937463226023,0.4750697529285463,0.6704598081376116,0.5818693788350005,0.6230311265649635,0.8326166060205095,0.7590148777002605,0.7941139614962948,0.2535523327675069,0.5464567955785097,39.4965160710272,0.9881,8,1,12.07928466796875,4.933778762817383,0.0058860778808593,1,0,indomain,0.6346546,56,0.85535926,0.88659847
ind_日常-3_s0_seed0.png,ind_日常-3,0.5221579961464354,0.3166816070409909,0.3942537589322901,0.6655105973025048,0.4447070328416592,0.5331517623488767,0.7855491329479769,0.6172276098117513,0.6912897811027113,0.1933744855538631,0.6523284870513403,61.49594503848339,0.6175808991291494,0.4718689788053949,0.3252690826503406,0.3850885995504725,0.6148362235067437,0.4514663770119482,0.520636228678938,0.7674373795761079,0.6328626444159179,0.6936834123269628,0.198781037350822,0.6357411885055333,52.6628441551733,0.9654,10,0,7.096851825714111,3.41971492767334,0.0018882751464843,0,0,indomain,0.4818219,140,0.8168719,0.83351004
ind_日常-3_s1_seed0.png,ind_日常-3,0.6414258188824663,0.2134068731438269,0.3202607472509145,0.7994219653179191,0.2969876962240135,0.4330835382401669,0.9028901734104048,0.4277047093763258,0.5804477143463259,0.1581681981784353,0.6864608814627472,93.0574926390826,0.4913382955091756,0.5545279383429672,0.3007495556757592,0.3899881201896578,0.7219653179190751,0.4229194034464106,0.5333866997529104,0.8703275529865125,0.6126265358163975,0.7190859890235639,0.2832115305930454,0.7640232572079362,76.64393821994938,0.9875,8,2,11.058035850524902,3.586561679840088,0.003570556640625,1,0,indomain,0.6793481,136,0.84083796,0.83665174
ind_日常-6_s0_seed0.png,ind_日常-6,0.482570281124498,0.2854033464834716,0.3586768300244485,0.6175100401606426,0.3981091008026119,0.4841113305363209,0.7420080321285141,0.5712828186641273,0.6455484553325801,0.1108368229352032,0.7636522287127033,59.45199376253063,0.7848157869155244,0.4142971887550201,0.2684339314845024,0.3257839576478387,0.5450602409638554,0.3760195758564437,0.4450283610186323,0.7008835341365461,0.5431484502446982,0.6120161059325758,0.0841914337108074,0.7583532751977287,51.20962352417019,0.9526,10,0,5.918797016143799,3.1486220359802246,0.0021514892578125,0,0,indomain,0.46181923,91,0.69959396,0.8402595
ind_日常-6_s1_seed0.png,ind_日常-6,0.6170281124497992,0.2052714510815069,0.3080586725760348,0.7757429718875501,0.2897507520412548,0.4219116536253848,0.913574297188755,0.4307763930668958,0.5854815166818664,0.1067829748834411,0.7691547507734878,104.21920249498775,0.5307318467695826,0.5657831325301205,0.253622034707849,0.3502420414539473,0.7289959839357429,0.357851722124927,0.4800533999728547,0.8942971887550201,0.5305949158838826,0.6660287331199903,0.1966751575278187,0.790257037134928,88.84829583426153,0.97895,10,1,9.71081829071045,3.789827346801758,0.0045013427734375,1,0,indomain,0.59674287,56,0.8673784,0.86988884
ind_植物-17_s0_seed0.png,ind_植物-17,0.6096586178184846,0.2976142337242216,0.3999746759023918,0.7433805162364696,0.4215022240194096,0.5379709563170985,0.84496253122398,0.5868378487666801,0.6926328572634737,0.1083617415650235,0.8273637550955792,77.56624402095512,0.6315978857979034,0.4409658617818484,0.2461444805194805,0.3159356111904304,0.5925062447960033,0.354978354978355,0.4439689935692394,0.7563696919233972,0.5133928571428571,0.6116337223496955,0.096054946685604,0.840987812700449,56.99073722572318,1.0,7,1,6.577232360839844,3.7591962814331055,0.0034980773925781,0,0,indomain,0.5775825,141,0.77549297,0.7990936
ind_植物-17_s1_seed0.png,ind_植物-17,0.6073272273105745,0.2014236751911415,0.3025160943626451,0.7508742714404663,0.2990047455839705,0.4276968428875268,0.8574521232306411,0.4489520168731875,0.589335027774787,0.1307330601188959,0.600557347028146,130.5519702376433,0.5385939421034984,0.5252289758534554,0.2266342903394753,0.3166397443806824,0.6915903413821816,0.3339046802837689,0.4503683527422966,0.8388009991673605,0.5035947245631577,0.629346102153983,0.153359844089716,0.6119549655633963,104.595323058234,0.953,11,0,11.110504150390623,5.1161322593688965,0.0053977966308593,1,0,indomain,0.73190653,141,0.8877905,0.8764145
ind_植物-29_s0_seed0.png,ind_植物-29,0.3645947928126146,0.3067754814466886,0.3331953986835175,0.4833149981664833,0.4266087364960075,0.4531949059969346,0.6212871287128713,0.601397369657116,0.6111804729803295,0.1030025114132037,0.7649924637130752,39.14264118345751,0.8625080281593535,0.2993215988265493,0.290936730852758,0.2950696095505516,0.4093325999266593,0.4090053568843202,0.4091689129753042,0.5565639897323066,0.5804256551324743,0.5682444335751826,0.0945529375697248,0.763164907003322,31.167569068443704,1.0,5,2,5.083244323730469,3.347009658813477,0.0024299621582031,0,0,indomain,0.5085095,57,0.6950012,0.7339581
ind_植物-29_s1_seed0.png,ind_植物-29,0.5288778877887789,0.2970655886247996,0.3804410968383099,0.678951228456179,0.4234334704119328,0.521579581430747,0.8116061606160616,0.6204781487418972,0.7032880463194834,0.2556329650468926,0.7354147995049354,77.29032656146359,0.664076535139932,0.4503116978364503,0.2954999777886367,0.3568383307947193,0.6056105610561056,0.4254364532895029,0.4997809131602048,0.766960029336267,0.6269823641775132,0.6899430201139853,0.2668658644940695,0.7418784585410793,62.68221574344023,0.98565,9,1,8.285499572753906,4.873838424682617,0.0070457458496093,1,0,indomain,0.6995818,135,0.8395038,0.860823
ind_植物-8_s0_seed0.png,ind_植物-8,0.3088568579457891,0.3718326969802152,0.3374315872477351,0.4130178587616716,0.4968760846928149,0.4510826740764532,0.540386184389448,0.6660881638320028,0.5966887598576291,0.1117532326807772,0.8565061001089744,31.96342710029152,0.8423400554302503,0.2840177681080591,0.3626549380247901,0.3185551055869288,0.3875441936361164,0.4883046781287485,0.4321285300118614,0.5235246124558064,0.6593362654938025,0.5836337464622896,0.1101965424489037,0.8584826634692772,27.84613637224094,1.0,5,0,3.79114031791687,2.0651917457580566,0.0014610290527343,0,0,indomain,0.64445174,140,0.66115916,0.6883422
ind_植物-8_s1_seed0.png,ind_植物-8,0.4577100897470764,0.3373925168487102,0.3884478754962076,0.5743812890943704,0.4504299326051592,0.5049096260038747,0.7015683074970538,0.6072042760864513,0.6509844133692692,0.1749225234920729,0.6030761106343653,51.54658690796199,0.4011109595665273,0.4372223733115765,0.4073586520107944,0.4217625338035085,0.5709364518176049,0.5432106891331534,0.5567285900467716,0.7312120387997462,0.732640031593497,0.7319253386906494,0.213159225130668,0.6386244799159251,44.08813841668875,0.96675,12,2,9.828204154968262,4.573861598968506,0.0046768188476562,1,0,indomain,0.70528156,141,0.8601709,0.8824225
ind_窗花-3_s0_seed0.png,ind_窗花-3,0.5439243498817967,0.3673266899616065,0.4385134771773407,0.686903073286052,0.5121004270738967,0.5867595166862444,0.8241134751773049,0.7070445623571028,0.7611036053830397,0.0201660410444694,0.8053840970350404,60.37843173339133,0.7860473299903229,0.4817021276595745,0.3603553014446883,0.4122852181328376,0.6319621749408983,0.5065598039716167,0.562354774672535,0.8005673758865248,0.7000357343407014,0.746934038785339,0.0218191152562676,0.8043785500847982,50.91763839860807,0.9986,8,1,5.724487781524658,3.412231683731079,0.0045051574707031,0,0,indomain,0.562969,140,0.6319666,0.68470085
ind_窗花-3_s1_seed0.png,ind_窗花-3,0.6146572104018913,0.3514368115639876,0.4471887110716125,0.7691725768321513,0.4931721046596476,0.6009998126890528,0.911678486997636,0.6972792661315542,0.7901941553472157,0.2527960045692426,0.7693644858486884,78.03690629548458,0.6364855585597184,0.5491252955082743,0.3705094561578138,0.4424715665271917,0.7188652482269503,0.5212197991132024,0.6042921025037368,0.8873758865248227,0.7371731065061985,0.8053307616013575,0.3003219701040689,0.7732781337854998,62.678801465544645,0.9846,9,0,9.061598777770996,3.913476943969727,0.0049057006835937,1,0,indomain,0.77386105,143,0.86337245,0.8601973
ind_窗花-4_s0_seed0.png,ind_窗花-4,0.3277881040892193,0.3131185652607107,0.3202854511283174,0.4489776951672862,0.4431086017934241,0.4460238419081387,0.6037174721189591,0.6191962803055463,0.611358916113921,0.1339525067600858,0.7535778800946398,36.64135799494744,0.7828158066874447,0.3003717472118959,0.2977606976572315,0.2990605233792496,0.4220260223048327,0.4275367674229547,0.4247635219578977,0.5842936802973978,0.6036508757667578,0.5938145682237681,0.1134967748971542,0.7655258662762323,32.772779525445195,1.0,7,1,4.467272758483887,3.0426554679870605,0.0024261474609375,0,0,indomain,0.5445194,30,0.7648533,0.80128306
ind_窗花-4_s1_seed0.png,ind_窗花-4,0.5839219330855019,0.3222828086843073,0.4153321914419391,0.7462825278810409,0.4606429598902753,0.5696619982602535,0.8887546468401487,0.6523600843006724,0.7524268565080311,0.2063679816011135,0.8202824053618435,83.08495040372264,0.6037352821762079,0.5171933085501859,0.3213736971056019,0.396419903397148,0.6894052044609665,0.4626053735309995,0.5536799022796901,0.8626394052044609,0.6642581288152485,0.7505614808806387,0.2409812083029499,0.8244626147458768,71.38284471305748,0.9859,10,0,8.656817436218262,3.994806051254273,0.0057907104492187,1,0,indomain,0.7517656,135,0.8797278,0.86677086
ind_边框-12_s0_seed0.png,ind_边框-12,0.3442590775269872,0.3050639452267148,0.3234785420825229,0.4647693817468106,0.4044051156181372,0.4324910961628703,0.6207065750736016,0.5396589587908539,0.5773523157022438,0.0917071949080328,0.6791203851396421,37.38276567237853,0.7305881399724521,0.3241413150147203,0.3333065229630821,0.3286600348053323,0.442198233562316,0.4405211935976836,0.4413581205126238,0.6011776251226693,0.594385908469396,0.5977624757195644,0.0931870144895598,0.688551202698195,34.12135956561597,1.0,7,0,6.00446081161499,3.415414333343506,0.0019798278808593,0,0,indomain,0.52425313,122,0.82664007,0.81260353
ind_边框-12_s1_seed0.png,ind_边框-12,0.5860647693817468,0.3035875686574428,0.3999809157013689,0.7392541707556428,0.404227212681638,0.5226611595714179,0.8705593719332679,0.5485990405339637,0.6730581053881726,0.1019142626044756,0.7269696592249584,85.42239616388125,0.5159562377079153,0.50549558390579,0.3516747634875991,0.4147834568815499,0.6647693817468106,0.4690360521605727,0.5500076063971637,0.8325809617271835,0.6383022244950141,0.7226111290422735,0.1542570951585976,0.7513849279212408,68.1016853536422,0.98725,11,1,9.632124900817873,4.587471961975098,0.0052261352539062,1,0,indomain,0.75638,66,0.83391404,0.88965124
ind_边框-2_s0_seed0.png,ind_边框-2,0.5867574548015966,0.2056653042688465,0.304573913589619,0.7342099084292087,0.2806539509536784,0.4060818793080188,0.8588870626907725,0.3711398728428701,0.5183093573396318,0.0198509340534018,0.2589666571396215,49.83890455094644,0.2854636860994986,0.498473820145574,0.3676378641990746,0.423173717454548,0.6468654613759098,0.5023133675128173,0.5654980061644136,0.7886827893871801,0.6691259222208328,0.7240018454908168,0.1100095706915682,0.7106668163088615,41.562625855819576,0.9885,10,0,9.163737297058104,6.2848100662231445,0.0015830993652343,0,0,indomain,0.45255202,122,0.78092253,0.8284547
ind_边框-2_s1_seed0.png,ind_边框-2,0.6637708382249354,0.1326130258948512,0.2210608811243578,0.8196759802770603,0.1831653286654192,0.2994216911246301,0.9309697111998122,0.2581336391621899,0.4041946386386361,0.0770829570396079,0.2785286847925068,87.43455497382199,0.2042706600110926,0.6031932378492604,0.3346299898119848,0.430457555502274,0.7802301009626673,0.4665184773548207,0.5839056326476276,0.9255693824841512,0.6629619338705196,0.7725592330797127,0.2585898709036743,0.6043522611356681,73.29842931937172,0.97525,9,0,13.32407283782959,6.66654109954834,0.0028190612792968,1,0,indomain,0.675502,139,0.8595282,0.87017804
ind_边框-9_s0_seed0.png,ind_边框-9,0.3647798742138364,0.2962609083381107,0.3269692876159585,0.4974739663882874,0.3769666857761641,0.4289167295805172,0.6639859779358697,0.4792661952990636,0.5567031330923317,0.077701213798063,0.6107614163851557,29.56998996602957,0.6313762146393574,0.3757088359624703,0.3671987163246347,0.371405033782523,0.5084029281369213,0.4627142977789038,0.4844838452119163,0.6832663161150634,0.6069588717169158,0.6428560784931427,0.047714896544376,0.7610780578442596,30.464584920030465,0.99885,7,0,6.571543216705322,4.734389305114746,0.0038871765136718,0,0,indomain,0.60351115,71,0.8056635,0.7623225
ind_边框-9_s1_seed0.png,ind_边框-9,0.6502732240437158,0.2456410538474231,0.3565827757960317,0.827507990514486,0.3173092789175513,0.4587211789684683,0.9666975976904836,0.4157912106044772,0.5814793754864296,0.0453160104474996,0.5583762307825185,66.4901655000665,0.4208383984941767,0.6059387565728426,0.4259399718279337,0.5002400568991041,0.782554902567275,0.5435583486834976,0.6415202475240261,0.952160016496546,0.7044641889695525,0.8097945588109441,0.146835743637551,0.763076744050736,54.43731186305444,0.9969,8,2,10.987045288085938,6.58653450012207,0.0054512023925781,1,0,indomain,0.66111606,71,0.82120115,0.85610527
ood_bicycle_s0_seed0.png,ood_bicycle,0.3592318313041295,0.3080831843417709,0.3316972761297163,0.4796033638759884,0.3815752328973369,0.4250100175620041,0.616668758629346,0.461183777171356,0.5277115707799178,0.0926657065015409,0.7105679696966389,22.89963265789785,0.5500011930611564,0.3834567591314171,0.4112950569449337,0.3968883527979873,0.5149993724111962,0.5168486556299167,0.5159223568732199,0.6707669135182628,0.6448279910766702,0.6575417399596181,0.1470359419129701,0.7883977296206717,28.4838250977604,0.9923,9,0,7.081927299499512,3.596587896347046,0.0027809143066406,0,0,ood,0.64779264,82,0.62966985,0.736194
ood_bicycle_s1_seed0.png,ood_bicycle,0.5658340655202712,0.3107996702390767,0.4012189670556176,0.6983808208861554,0.3901999175597692,0.5006668391434866,0.7951550144345425,0.4807811211871393,0.5992392701867436,0.1689588250121386,0.4781128346766033,46.15475767271003,0.2407504493708807,0.4998117233588552,0.4760444614794941,0.4876386631231275,0.6393874733274758,0.6035837485626677,0.6209699486817554,0.7720597464541232,0.7427175162897662,0.7571044422399207,0.2352370423758467,0.5169120034635784,37.71181419599478,0.9746,10,0,14.332195281982422,4.949204444885254,0.0037193298339843,1,0,ood,0.6744369,84,0.75697505,0.641852
ood_carp_fish_s0_seed0.png,ood_carp_fish,0.2598843715031704,0.3530280649926144,0.2993787410094981,0.3618985453189108,0.4747415066469719,0.4107101022819628,0.5183700111898545,0.6059084194977843,0.5587312637546392,0.1300012310722639,0.5673236871207263,20.14609676599089,0.6883096211768739,0.2555016784781798,0.3762242485646741,0.3043279462739079,0.3569563595673256,0.5055724417426545,0.4184609210218465,0.520514733308467,0.6576607002138917,0.5811054521071833,0.1281506232226707,0.5787881415536993,18.9555930557803,1.0,7,0,5.744883060455322,3.1672167778015137,0.001556396484375,0,0,ood,0.5524429,38,0.7258916,0.80259544
ood_carp_fish_s1_seed0.png,ood_carp_fish,0.4726781051846326,0.3645133002046185,0.4116082772617733,0.6080753450205147,0.4878203254409042,0.5413499125799138,0.761189854531891,0.6017733606158043,0.6721586785871898,0.1310477702067373,0.5387375733196292,30.24804087010796,0.6324504106431007,0.4352853412905632,0.4677284793325749,0.4509241079324833,0.5805669526296158,0.6315510049298445,0.6049867342952964,0.7582991421111526,0.7780053090633295,0.7680258401511869,0.1779151136198613,0.5966067180128231,25.56693404840611,0.9889,10,1,8.223448753356934,3.704130172729492,0.0026397705078125,1,0,ood,0.45047155,157,0.823912,0.8285708
ood_cat_s0_seed0.png,ood_cat,0.4057296329453894,0.343559718969555,0.372065499972998,0.5034914950760967,0.4533957845433255,0.4771323149194997,0.5872873769024172,0.5765807962529274,0.5818848409363496,0.169249232192711,0.4493377108570134,19.555367748902505,0.7838246155912173,0.3362578334825425,0.3254411764705882,0.3307610961478121,0.4384959713518352,0.4222058823529411,0.4301967695222689,0.5623992837958818,0.5476470588235294,0.5549251447078967,0.1657378036983894,0.4414872351362157,16.456557973566213,0.99675,7,0,6.118758201599121,2.410440921783448,0.0013465881347656,0,0,ood,0.53035665,14,0.7712385,0.8024144
ood_cat_s1_seed0.png,ood_cat,0.6207699194270367,0.2017162290414425,0.3044899114285347,0.7618621307072516,0.2783533691869661,0.4077364564552055,0.8683974932855864,0.3804571338184119,0.5291056527158381,0.1446388281970185,0.3677885462555066,58.76000657323286,0.2869490852448001,0.5317815577439571,0.3259172193770464,0.4041436719722718,0.6830796777081468,0.4486609016875157,0.5415925693653348,0.8338406445837063,0.6169926958273865,0.7092111448808736,0.2565989641578629,0.406075861195542,46.787332441251735,0.98845,9,0,13.628735542297363,5.312699317932129,0.0037269592285156,1,0,ood,0.4811973,23,0.75855565,0.8124634
ood_crane_bird_s0_seed0.png,ood_crane_bird,0.5758066525476516,0.3297473512632436,0.4193470907716139,0.7579419459324779,0.4593317033414832,0.5720106818491872,0.8901208421577177,0.6047269763651182,0.7201804475448499,0.1091519303059824,0.5441936913644086,49.46875186533755,0.6745613471302783,0.5222374486109381,0.3428495374991682,0.4139441942737001,0.7020057306590258,0.4722832235309775,0.5646745261970997,0.8662015697022549,0.6241432088906634,0.7255151090213158,0.1594531974437973,0.5350629853820023,41.93278815734495,0.9871,10,0,7.428422927856445,3.690049171447754,0.0029640197753906,0,0,ood,0.37961435,13,0.7324499,0.7993361
ood_crane_bird_s1_seed0.png,ood_crane_bird,0.6537934471159835,0.2763267864605098,0.3884672878383124,0.8142518998380466,0.3881808051260621,0.5257291435099366,0.9301108757941946,0.5384802897339462,0.6820773345755977,0.1688437703411361,0.5730477707563849,79.20969378618754,0.3834048785414878,0.6012208795315809,0.3362409138110073,0.4312816999510086,0.7884639342220008,0.4714434060228453,0.5900689849200412,0.9372119098044102,0.654153686396677,0.7705088349238828,0.2534708068707286,0.6102282636573481,62.45150122366143,0.9781,11,1,11.98791217803955,5.632277488708496,0.0062026977539062,1,0,ood,0.47779733,18,0.76752365,0.8510113
ood_deer_s0_seed0.png,ood_deer,0.4767576683883208,0.4313681536277367,0.45292859239256,0.6169495098555918,0.548606441007248,0.5807743071149604,0.7372193527985664,0.6336396921467533,0.6815163754061164,0.0302980640585937,0.6120437180683488,13.59630590933784,0.7199443071065269,0.4115104880362601,0.3981770833333333,0.4047340027961504,0.546748181722357,0.5052083333333334,0.525158091019303,0.690945504374407,0.5863715277777778,0.6343777790679878,0.0280553877320374,0.6213397362546662,10.30663366934267,1.0,8,0,5.499831199645996,2.754713296890259,0.0019149780273437,0,0,ood,0.265832,14,0.74201304,0.7549129
ood_deer_s1_seed0.png,ood_deer,0.6553178033097924,0.3881391123799637,0.4875227077973116,0.7968799409718562,0.5031577126048966,0.6168379619113119,0.895962896595341,0.6298122674971883,0.7396744117717725,0.2025489307720188,0.5049727717104543,43.29389750709241,0.4114774586731604,0.5731000316222199,0.4299065420560747,0.491281830673145,0.7325814272161906,0.5579498779689267,0.6334502948906682,0.8703488984926742,0.6927198047502827,0.7714413547882999,0.2206465740702937,0.514209629773379,33.12307599444679,0.91635,13,0,12.032381057739258,4.59909725189209,0.0043449401855468,1,0,ood,0.41056445,28,0.82581794,0.8395743
ood_frog_s0_seed0.png,ood_frog,0.4269399249061326,0.2491383881230116,0.3146591827207102,0.5672715894868585,0.3486214209968186,0.4318474436519506,0.7252816020025031,0.4842258748674443,0.5807324468366003,0.1009880398894357,0.750821719409923,43.90810947678568,0.7400106802574504,0.3850125156445557,0.2793097313645258,0.3237517418717157,0.522215269086358,0.3904109589041096,0.4467953203740319,0.6857008760951189,0.5575520370040918,0.6150219576631155,0.1025769326995246,0.7797117386719067,37.75061574937274,0.9909,8,0,5.651009559631348,3.3120317459106445,0.0016403198242187,0,0,ood,0.5917306,12,0.8136014,0.8430669
ood_frog_s1_seed0.png,ood_frog,0.5711827284105131,0.1938747132030869,0.2894890805155365,0.7196495619524406,0.2747340610442884,0.3976578899964196,0.8662390488110138,0.404227212681638,0.551226595825496,0.1074069687632888,0.5432425764128762,80.4157171466059,0.4986424226370112,0.5245619524405507,0.2871422362947786,0.3711300106350656,0.6864831038798498,0.4101322406407152,0.513486985136666,0.8563829787234043,0.6034643322778916,0.7080145691058676,0.1651548937909222,0.6752326055528783,68.54959372050733,0.98005,10,0,10.602079391479492,5.084986686706543,0.0039596557617187,1,0,ood,0.5390161,157,0.77596277,0.8432209
ood_potted_chrysanthemum_s0_seed0.png,ood_potted_chrysanthemum,0.4557669762828027,0.420656057161416,0.4375082167205656,0.6016773379024258,0.549269243260799,0.5742800951592888,0.7730183064297953,0.6849626502111075,0.7263313905742137,0.1239073078093967,0.6707275408185284,30.96084598204112,0.5967141216192697,0.4123906574082424,0.4305674810709546,0.4212830945503563,0.5424294345748039,0.5654515650612755,0.5537012961073927,0.7078185589322752,0.7092342518148466,0.708525698206431,0.1379240884080947,0.6680731103424613,25.935548566479785,1.0,8,0,6.799338340759277,3.267005443572998,0.0025749206542968,0,0,ood,0.36567995,129,0.7539246,0.7719393
ood_potted_chrysanthemum_s1_seed0.png,ood_potted_chrysanthemum,0.5525295337722067,0.3659282562153187,0.4402731862146278,0.6869871043376319,0.4809717306768034,0.565809969701257,0.8053025520786364,0.6129680604710097,0.6960938752761711,0.1370684453508333,0.7449972747800359,46.81161402069374,0.6208098712236204,0.4704662277933087,0.4262593566659923,0.4472731347643483,0.6179096401839661,0.5612650886775912,0.5882268344190577,0.7672468211741366,0.7173106750286601,0.7414388955870158,0.1340465625189958,0.7839705626596124,35.39359132139113,0.9913,10,0,8.837085723876953,4.764448165893555,0.0039634704589843,1,0,ood,0.46054032,141,0.7449414,0.8216546
ood_rabbit_s0_seed0.png,ood_rabbit,0.6548647895177028,0.2118816930137685,0.3201717297839231,0.8187900752718149,0.3003569607343192,0.4394941693554534,0.9093950376359076,0.4043855175930647,0.559828932658953,0.1171131153457798,0.4459932154670443,71.14790906539433,0.3574933773396447,0.5422358516866462,0.2512504809542131,0.3433884439407215,0.7117368274323947,0.3538861100423239,0.4727258927642791,0.8488988012266518,0.4895151981531358,0.6209571404468073,0.1742634729760319,0.4941825334584678,62.94633111921914,0.97445,9,2,9.815503120422363,4.28237247467041,0.0026054382324218,0,0,ood,0.58095044,35,0.72854996,0.7842613
ood_rabbit_s1_seed0.png,ood_rabbit,0.7878449958182325,0.1556022041458934,0.2598776441952249,0.9027042096459436,0.2131986355287326,0.3449320101920387,0.9570671870643992,0.30615324061926,0.4639083003865132,0.0412568642886273,0.5561042366474309,143.24695169488882,0.286032393149137,0.6375801505436298,0.225131596706708,0.3327633772876841,0.8009478672985783,0.3102308003779187,0.4472344640175648,0.9261221076108168,0.4500607369415575,0.6057497372520543,0.1447257031799592,0.7083260603944842,104.6714691115477,0.92235,11,0,12.756791114807127,6.8090105056762695,0.0054779052734375,1,0,ood,0.5075741,39,0.7785846,0.76344097
ood_rooster_s0_seed0.png,ood_rooster,0.3458804685153669,0.3957242969928147,0.3691273616695196,0.4559014916408049,0.5119311629557349,0.4822944952321841,0.6028631494644109,0.6201543511044088,0.6113865175060497,0.089471844033517,0.5080694861720977,15.024706402238976,0.682906508229188,0.3181499649614576,0.4434701274406641,0.3704996937822576,0.4249674642106317,0.5728983982228458,0.4879677493914185,0.5866453098408249,0.6937916520519116,0.6357355040443874,0.1005373785961789,0.5393715187426195,13.404394927487711,0.9941,9,0,6.499835014343262,2.976914882659912,0.0018730163574218,0,0,ood,0.5514675,158,0.8040676,0.83214086
ood_rooster_s1_seed0.png,ood_rooster,0.5443988387225949,0.3586921183409967,0.4324516177611023,0.6774451897086795,0.4762435558032604,0.5592997370629837,0.7899689658624487,0.592587432074683,0.6771885495558759,0.1062921992347527,0.4773234693105275,36.7181327584129,0.4938718412710635,0.4686154770247272,0.462532697338052,0.4655542191250827,0.6080688757633397,0.6127865825511617,0.6104186139269487,0.7570327360096105,0.7729650715494691,0.7649159496359128,0.1329945606706346,0.5517052136417091,29.540554655382515,0.9314,11,0,11.41624355316162,4.816111564636231,0.0034637451171875,1,0,ood,0.57369226,10,0.8071444,0.76203483
ood_teapot_s0_seed0.png,ood_teapot,0.5333333333333333,0.2119943043806013,0.3033930939412782,0.6521870286576169,0.2813468464695535,0.3931100278416203,0.7378582202111614,0.357148839936343,0.4813214763207326,0.1554921694203756,0.4324307184983195,49.95836802664447,0.5337163528034897,0.3834087481146305,0.2401922778725383,0.2953549360189996,0.5125188536953242,0.3228407505039541,0.3961454936117622,0.6666666666666666,0.4220809427818266,0.5169008735282947,0.2039254921578436,0.4484445258869797,43.862818720248846,0.9815,7,0,9.214548110961914,4.257625102996826,0.0018768310546875,0,0,ood,0.51503134,17,0.7288925,0.8317874
ood_teapot_s1_seed0.png,ood_teapot,0.6108597285067874,0.1559353348729792,0.2484486947666923,0.7239819004524887,0.206189376443418,0.3209675041972397,0.8027149321266969,0.2695150115473441,0.4035397919592534,0.1129511404412113,0.3656800905709202,98.40855890531476,0.3587439719765634,0.485972850678733,0.2356766800867141,0.3174185340043295,0.6268476621417798,0.3156808093320946,0.4198998402741269,0.7559577677224736,0.417776401362651,0.5381479454200553,0.2266523615009533,0.4857421571260939,75.094653826214,0.98405,8,0,12.437555313110352,5.117762565612793,0.002777099609375,1,0,ood,0.44415385,103,0.78005534,0.8259379
ood_tiger_s0_seed0.png,ood_tiger,0.3842954583264016,0.3657845599124332,0.3748115979154389,0.5042422225919149,0.4820037344665507,0.4928722548884602,0.6437364831142904,0.6379499066383363,0.6408301322162198,0.1338198059152118,0.6891708014349135,36.09578939291895,0.7176659314216964,0.3663283979371153,0.3626249823968455,0.3644672826472172,0.4811179504242223,0.4768342486973665,0.4789665217861927,0.6254366993844618,0.6330798479087453,0.6292350646870194,0.1347370137103374,0.67240439232792,33.57232371972481,0.99885,7,0,5.59013032913208,2.879086494445801,0.0019569396972656,0,0,ood,0.51477057,23,0.77036315,0.7676984
ood_tiger_s1_seed0.png,ood_tiger,0.5259524205623024,0.386213449660951,0.4453793007036711,0.6518050241224422,0.512590161102233,0.5738753415709114,0.7749958409582433,0.6853539498121194,0.7274236132269476,0.1387785336139067,0.6108443099643288,51.50086531001969,0.5908933270772557,0.4393611711861587,0.3671123999785188,0.4000005450360581,0.5717850607220096,0.4963213576070028,0.5313873837420081,0.7235900848444519,0.6754739272863971,0.6987046083916664,0.1205510734393739,0.5438097045612703,43.62356030315689,0.93235,11,0,9.021726608276367,4.05344820022583,0.0048484802246093,1,0,ood,0.62711346,23,0.7496336,0.7976192
ood_woman_beating_a_drum_s0_seed0.png,ood_woman_beating_a_drum,0.3515299379892244,0.2711308826972606,0.3061397769541739,0.4691470976923859,0.3723366892999297,0.4151730071325755,0.6117718816712412,0.5105361741980801,0.5565881387324964,0.0956508438280732,0.8458544639698078,48.88883264149033,0.8898152814602187,0.3226593473620006,0.2551793496480053,0.284979191749283,0.4343804005286164,0.353402614817298,0.3897295737070232,0.582189691979262,0.4874958095876634,0.5306513639930188,0.0911725351053913,0.8466131610854194,42.30155917788802,1.0,7,1,3.4887287616729736,2.591879367828369,0.00189208984375,0,0,ood,0.5287132,82,0.7037018,0.6513198
ood_woman_beating_a_drum_s1_seed0.png,ood_woman_beating_a_drum,0.5292263901596015,0.2685141694066071,0.3562681698396667,0.6685981498424316,0.3668780335055581,0.473780041229998,0.8022771170072176,0.5094723657429153,0.6231952459796484,0.0701945220691977,0.8399076001043224,81.70497114508454,0.7963159289689902,0.4319406323065975,0.253429003758481,0.3194372156804306,0.5747687303039545,0.3530043442182847,0.437382511499605,0.7430110806140083,0.5020744862595793,0.5992309548992277,0.0576557744051864,0.8387875051813747,64.13258074314064,0.9983,8,1,5.391631126403809,3.870206356048584,0.0054435729980468,1,0,ood,0.5872474,84,0.81004184,0.8215446
repo_bird_s0_seed0.png,repo_bird,0.5236156351791531,0.3723009607153049,0.4351802498493246,0.6877850162866449,0.4627603918957481,0.5532674528329007,0.8488599348534202,0.5302007038904214,0.6527140610344977,0.1656944472168522,0.4153043540404852,14.950304852584985,0.5184498380357729,0.4625407166123778,0.541037653999653,0.4987192859540474,0.6293159609120521,0.6736074960957834,0.6507089060420992,0.8127035830618893,0.7853548499045636,0.7987951971289021,0.2399113938596727,0.5077322575409798,13.05715637963195,0.9797,9,0,9.805913925170898,3.2803661823272705,0.001495361328125,0,0,repo,0.54044896,160,0.80186987,0.7633654
repo_bird_s1_seed0.png,repo_bird,0.7742671009771988,0.3149189546807807,0.4477313766859765,0.9214983713355048,0.4026274750720665,0.560400755774741,0.984201954397394,0.4814044704881622,0.6465572375572646,0.1025789741439738,0.4442923769914562,35.91414014866783,0.382373179123051,0.6688925081433225,0.5186406796601699,0.5842613387247151,0.8486970684039088,0.6632683658170915,0.744612151697824,0.9726384364820848,0.7912043978010994,0.8725899989017489,0.2472215693516435,0.7008883870555401,28.11882290709652,0.9376,13,0,12.65138339996338,5.532408714294434,0.0027580261230468,1,0,repo,0.48851734,124,0.81124735,0.76479256
repo_fish_s0_seed0.png,repo_fish,0.6146830825353398,0.1962719823661891,0.2975382295708836,0.7601459188326494,0.2686281086779433,0.3969706758429407,0.898312813497492,0.3609181081987637,0.51494504404559,0.080866741601099,0.2301363775240952,61.59846603041792,0.2354273745506402,0.5574555403556771,0.3313105608299892,0.4156119533961421,0.7159142726858185,0.462660272095527,0.5620774581710357,0.8695850433196535,0.627483605755114,0.7289583665119983,0.2227331559802808,0.6566924225273554,53.92861812001569,0.98685,8,0,8.431275367736816,5.648217678070068,0.0021743774414062,0,0,repo,0.54612285,187,0.72792447,0.809845
repo_fish_s1_seed0.png,repo_fish,0.5761513907888737,0.1195056166454251,0.1979519404003029,0.7277701778385773,0.170455555884881,0.2762166915563034,0.842453260373917,0.2393669047689617,0.3728076733004724,0.0866716339109372,0.2776888759577151,77.78794613674991,0.2815152435936392,0.4904240766073871,0.3114754098360656,0.3809830105572258,0.6554947560419516,0.447530541923358,0.5319078790677021,0.8130414956680346,0.6274407434478438,0.7082841379689668,0.2249608756689446,0.5777265041566859,60.247526909835706,0.9706,11,0,15.663362503051758,7.035630226135254,0.0027503967285156,1,0,repo,0.58596015,188,0.7766069,0.82357436
repo_motif_s0_seed0.png,repo_motif,0.5698517817723115,0.271046674571521,0.3673604804071275,0.7366761274046042,0.3749595774496065,0.4969681492644557,0.8656575212866604,0.5109949337070173,0.64264093104732,0.0054546037925539,0.3100095992772309,58.01037904767686,0.34239501011614,0.5081993062125513,0.3278014984290663,0.3985366835825008,0.6761274046042258,0.4551679690646902,0.5440692939185516,0.8382213812677389,0.6249899299121888,0.7160687158807808,0.0715607808741301,0.7171870667184294,48.46590391793876,0.97645,10,2,7.783492088317871,6.155501365661621,0.0037307739257812,0,0,repo,0.4852447,157,0.778648,0.8351841
repo_motif_s1_seed0.png,repo_motif,0.6915799432355724,0.280600015464316,0.399221031106686,0.8282876064333018,0.3934122013453955,0.5334509320853734,0.9112267423525702,0.5501430449238383,0.686075569672434,0.0932464900949958,0.6276961517105881,92.06093896998574,0.4430762726419955,0.5726900031535793,0.3446675946178829,0.4303396763228779,0.73919899085462,0.4840591237489229,0.5850212829450853,0.8919899085462,0.6829720951812819,0.773611319229984,0.1888154348134486,0.6666708100784348,70.43792297654092,0.98295,9,0,13.770246505737305,7.226567268371582,0.0045089721679687,1,0,repo,0.66281855,71,0.8492767,0.83529395
