file,content,set,style,seed,layers,fg_frac,edge_p,edge_r,edge_f1,sil_iou,clip_style,clip_text,dino_styleref,dino_gt,clip_gt,purity,palette_de,flatness,interior_de,cut_residual,fragments,chroma,palette_js
ind_人物-16_s_seed0.png,ind_人物-16,indomain,,0,1,0.0,0.0,0.0,0.0,0.0,0.7292602062225342,0.1586453765630722,0.222346693277359,0.1317662000656128,0.5351918935775757,,,,,,,,
ind_人物-16_s_seed1.png,ind_人物-16,indomain,,1,2,0.2103157043457031,0.9788471708090956,0.6656661958568738,0.7924356052377447,0.9100520534980449,0.8629454374313354,0.277018129825592,0.5697628855705261,0.6823859214782715,0.8220357894897461,1.0,4.713203455200128e-06,0.7904884551901765,0.7921631236343547,0.325721800327301,8.0,44.30827331542969,0.0
ind_人物-26_s_seed0.png,ind_人物-26,indomain,,0,1,0.0,0.0,0.0,0.0,0.0,0.7292602062225342,0.1586453765630722,0.222346693277359,0.1253681778907776,0.5337226986885071,,,,,,,,
ind_人物-26_s_seed1.png,ind_人物-26,indomain,,1,1,0.0,0.0,0.0,0.0,0.0,0.7292602062225342,0.1586453765630722,0.222346693277359,0.1253681778907776,0.5337226986885071,,,,,,,,
ind_人物-3_s_seed0.png,ind_人物-3,indomain,,0,1,0.0,0.0,0.0,0.0,0.0,0.7292602062225342,0.1586453765630722,0.222346693277359,0.1869377046823501,0.5969666242599487,,,,,,,,
ind_人物-3_s_seed1.png,ind_人物-3,indomain,,1,1,0.0,0.0,0.0,0.0,0.0,0.7292602062225342,0.1586453765630722,0.222346693277359,0.1869377046823501,0.5969666242599487,,,,,,,,
ind_人物-4_s_seed0.png,ind_人物-4,indomain,,0,1,0.0,0.0,0.0,0.0,0.0,0.7292602062225342,0.1586453765630722,0.222346693277359,0.1504011303186416,0.5785741209983826,,,,,,,,
ind_人物-4_s_seed1.png,ind_人物-4,indomain,,1,1,0.0,0.0,0.0,0.0,0.0,0.7292602062225342,0.1586453765630722,0.222346693277359,0.1504011303186416,0.5785741209983826,,,,,,,,
ind_人物-5_s_seed0.png,ind_人物-5,indomain,,0,1,0.0,0.0,0.0,0.0,0.0,0.729260265827179,0.1586453765630722,0.222346693277359,0.1948664933443069,0.5877897143363953,,,,,,,,
ind_人物-5_s_seed1.png,ind_人物-5,indomain,,1,1,0.0,0.0,0.0,0.0,0.0,0.729260265827179,0.1586453765630722,0.222346693277359,0.1948664933443069,0.5877897143363953,,,,,,,,
ind_动物-18_s_seed0.png,ind_动物-18,indomain,,0,1,0.0,0.0,0.0,0.0,0.0,0.729260265827179,0.1641547232866287,0.222346693277359,0.1745111644268036,0.5932430624961853,,,,,,,,
ind_动物-18_s_seed1.png,ind_动物-18,indomain,,1,1,0.0,0.0,0.0,0.0,0.0,0.729260265827179,0.1641547232866287,0.222346693277359,0.1745111644268036,0.5932430624961853,,,,,,,,
ind_动物-38_s_seed0.png,ind_动物-38,indomain,,0,1,0.0,0.0,0.0,0.0,0.0,0.7292601466178894,0.1641546785831451,0.222346693277359,0.116968959569931,0.5486292243003845,,,,,,,,
ind_动物-38_s_seed1.png,ind_动物-38,indomain,,1,1,0.0,0.0,0.0,0.0,0.0,0.7292601466178894,0.1641546785831451,0.222346693277359,0.116968959569931,0.5486292243003845,,,,,,,,
ind_动物-鸟-3_s_seed0.png,ind_动物-鸟-3,indomain,,0,1,0.0,0.0,0.0,0.0,0.0,0.7292601466178894,0.1641546785831451,0.222346693277359,0.2127893567085266,0.6529609560966492,,,,,,,,
ind_动物-鸟-3_s_seed1.png,ind_动物-鸟-3,indomain,,1,1,0.0,0.0,0.0,0.0,0.0,0.7292601466178894,0.1641546785831451,0.222346693277359,0.2127893567085266,0.6529609560966492,,,,,,,,
ind_日常-25_s_seed0.png,ind_日常-25,indomain,,0,1,0.0,0.0,0.0,0.0,0.0,0.7292602062225342,0.1791521310806274,0.222346693277359,0.0771589428186416,0.6109130382537842,,,,,,,,
ind_日常-25_s_seed1.png,ind_日常-25,indomain,,1,1,0.0,0.0,0.0,0.0,0.0,0.7292602062225342,0.1791521310806274,0.222346693277359,0.0771589428186416,0.6109130382537842,,,,,,,,
ind_日常-3_s_seed0.png,ind_日常-3,indomain,,0,1,0.0,0.0,0.0,0.0,0.0,0.7292602062225342,0.1791521310806274,0.222346693277359,0.1658002287149429,0.6484670639038086,,,,,,,,
ind_日常-3_s_seed1.png,ind_日常-3,indomain,,1,1,0.0,0.0,0.0,0.0,0.0,0.7292602062225342,0.1791521310806274,0.222346693277359,0.1658002287149429,0.6484670639038086,,,,,,,,
ind_日常-6_s_seed0.png,ind_日常-6,indomain,,0,1,0.0,0.0,0.0,0.0,0.0,0.7292602062225342,0.1791521310806274,0.222346693277359,0.1976966261863708,0.6426362991333008,,,,,,,,
ind_日常-6_s_seed1.png,ind_日常-6,indomain,,1,1,0.0,0.0,0.0,0.0,0.0,0.7292602062225342,0.1791521310806274,0.222346693277359,0.1976966261863708,0.6426362991333008,,,,,,,,
ind_植物-17_s_seed0.png,ind_植物-17,indomain,,0,1,0.0,0.0,0.0,0.0,0.0,0.7292602062225342,0.1563904732465744,0.222346693277359,0.1834532171487808,0.6951961517333984,,,,,,,,
ind_植物-17_s_seed1.png,ind_植物-17,indomain,,1,1,0.0,0.0,0.0,0.0,0.0,0.7292602062225342,0.1563904732465744,0.222346693277359,0.1834532171487808,0.6951961517333984,,,,,,,,
ind_植物-29_s_seed0.png,ind_植物-29,indomain,,0,1,0.0,0.0,0.0,0.0,0.0,0.729260265827179,0.1563904732465744,0.222346693277359,0.1083678379654884,0.6103018522262573,,,,,,,,
ind_植物-29_s_seed1.png,ind_植物-29,indomain,,1,1,0.0,0.0,0.0,0.0,0.0,0.729260265827179,0.1563904732465744,0.222346693277359,0.1083678379654884,0.6103018522262573,,,,,,,,
ind_植物-8_s_seed0.png,ind_植物-8,indomain,,0,1,0.0,0.0,0.0,0.0,0.0,0.729260265827179,0.1563904732465744,0.222346693277359,0.1466668248176574,0.6461837887763977,,,,,,,,
ind_植物-8_s_seed1.png,ind_植物-8,indomain,,1,1,0.0,0.0,0.0,0.0,0.0,0.729260265827179,0.1563904732465744,0.222346693277359,0.1466668248176574,0.6461837887763977,,,,,,,,
ind_窗花-3_s_seed0.png,ind_窗花-3,indomain,,0,1,0.0,0.0,0.0,0.0,0.0,0.7292601466178894,0.1429368257522583,0.222346693277359,0.1811323463916778,0.7108907699584961,,,,,,,,
ind_窗花-3_s_seed1.png,ind_窗花-3,indomain,,1,1,0.0,0.0,0.0,0.0,0.0,0.7292601466178894,0.1429368257522583,0.222346693277359,0.1811323463916778,0.7108907699584961,,,,,,,,
ind_窗花-4_s_seed0.png,ind_窗花-4,indomain,,0,1,0.0,0.0,0.0,0.0,0.0,0.7292601466178894,0.1429368257522583,0.222346693277359,0.1675337851047516,0.7103679776191711,,,,,,,,
ind_窗花-4_s_seed1.png,ind_窗花-4,indomain,,1,1,0.0,0.0,0.0,0.0,0.0,0.7292601466178894,0.1429368257522583,0.222346693277359,0.1675337851047516,0.7103679776191711,,,,,,,,
ind_边框-12_s_seed0.png,ind_边框-12,indomain,,0,1,0.0,0.0,0.0,0.0,0.0,0.7292602062225342,0.1558417528867721,0.222346693277359,0.1221795678138732,0.5828961133956909,,,,,,,,
ind_边框-12_s_seed1.png,ind_边框-12,indomain,,1,1,0.0,0.0,0.0,0.0,0.0,0.7292602062225342,0.1558417528867721,0.222346693277359,0.1221795678138732,0.5828961133956909,,,,,,,,
ind_边框-2_s_seed0.png,ind_边框-2,indomain,,0,1,0.0,0.0,0.0,0.0,0.0,0.7292602062225342,0.1558417528867721,0.222346693277359,0.3104977011680603,0.7539588212966919,,,,,,,,
ind_边框-2_s_seed1.png,ind_边框-2,indomain,,1,1,0.0,0.0,0.0,0.0,0.0,0.7292602062225342,0.1558417528867721,0.222346693277359,0.3104977011680603,0.7539588212966919,,,,,,,,
ind_边框-9_s_seed0.png,ind_边框-9,indomain,,0,1,0.0,0.0,0.0,0.0,0.0,0.7292602062225342,0.1558417528867721,0.222346693277359,0.1505939662456512,0.6557193398475647,,,,,,,,
ind_边框-9_s_seed1.png,ind_边框-9,indomain,,1,1,0.0,0.0,0.0,0.0,0.0,0.7292602062225342,0.1558417528867721,0.222346693277359,0.1505939662456512,0.6557193398475647,,,,,,,,
ood_bicycle_s_seed0.png,ood_bicycle,ood,,0,1,0.0,0.0,0.0,0.0,0.0,0.7292602062225342,0.160829097032547,0.222346693277359,,,,,,,,,,
ood_bicycle_s_seed1.png,ood_bicycle,ood,,1,1,0.0,0.0,0.0,0.0,0.0,0.7292602062225342,0.160829097032547,0.222346693277359,,,,,,,,,,
ood_carp_fish_s_seed0.png,ood_carp_fish,ood,,0,1,0.0,0.0,0.0,0.0,0.0,0.729260265827179,0.161075472831726,0.222346693277359,,,,,,,,,,
ood_carp_fish_s_seed1.png,ood_carp_fish,ood,,1,1,0.0,0.0,0.0,0.0,0.0,0.729260265827179,0.161075472831726,0.222346693277359,,,,,,,,,,
ood_cat_s_seed0.png,ood_cat,ood,,0,1,0.0,0.0,0.0,0.0,0.0,0.729260265827179,0.1604836881160736,0.222346693277359,,,,,,,,,,
ood_cat_s_seed1.png,ood_cat,ood,,1,1,0.0,0.0,0.0,0.0,0.0,0.729260265827179,0.1604836881160736,0.222346693277359,,,,,,,,,,
ood_crane_bird_s_seed0.png,ood_crane_bird,ood,,0,1,0.0,0.0,0.0,0.0,0.0,0.7292601466178894,0.1585444808006286,0.222346693277359,,,,,,,,,,
ood_crane_bird_s_seed1.png,ood_crane_bird,ood,,1,1,0.0,0.0,0.0,0.0,0.0,0.7292601466178894,0.1585444808006286,0.222346693277359,,,,,,,,,,
ood_deer_s_seed0.png,ood_deer,ood,,0,1,0.0,0.0,0.0,0.0,0.0,0.7292601466178894,0.1617091298103332,0.222346693277359,,,,,,,,,,
ood_deer_s_seed1.png,ood_deer,ood,,1,1,0.0,0.0,0.0,0.0,0.0,0.7292601466178894,0.1617091298103332,0.222346693277359,,,,,,,,,,
ood_frog_s_seed0.png,ood_frog,ood,,0,1,0.0,0.0,0.0,0.0,0.0,0.7292602062225342,0.1618112027645111,0.222346693277359,,,,,,,,,,
ood_frog_s_seed1.png,ood_frog,ood,,1,1,0.0,0.0,0.0,0.0,0.0,0.7292602062225342,0.1618112027645111,0.222346693277359,,,,,,,,,,
ood_potted_chrysanthemum_s_seed0.png,ood_potted_chrysanthemum,ood,,0,1,0.0,0.0,0.0,0.0,0.0,0.7292602062225342,0.1516780853271484,0.222346693277359,,,,,,,,,,
ood_potted_chrysanthemum_s_seed1.png,ood_potted_chrysanthemum,ood,,1,1,0.0,0.0,0.0,0.0,0.0,0.7292602062225342,0.1516781002283096,0.222346693277359,,,,,,,,,,
ood_rabbit_s_seed0.png,ood_rabbit,ood,,0,1,0.0,0.0,0.0,0.0,0.0,0.7292602062225342,0.1598608791828155,0.222346693277359,,,,,,,,,,
ood_rabbit_s_seed1.png,ood_rabbit,ood,,1,1,0.0,0.0,0.0,0.0,0.0,0.7292602062225342,0.1598608791828155,0.222346693277359,,,,,,,,,,
ood_rooster_s_seed0.png,ood_rooster,ood,,0,1,0.0,0.0,0.0,0.0,0.0,0.7292602062225342,0.1616319119930267,0.222346693277359,,,,,,,,,,
ood_rooster_s_seed1.png,ood_rooster,ood,,1,1,0.0,0.0,0.0,0.0,0.0,0.7292602062225342,0.1616319119930267,0.222346693277359,,,,,,,,,,
ood_teapot_s_seed0.png,ood_teapot,ood,,0,1,0.0,0.0,0.0,0.0,0.0,0.729260265827179,0.1544179469347,0.222346693277359,,,,,,,,,,
ood_teapot_s_seed1.png,ood_teapot,ood,,1,1,0.0,0.0,0.0,0.0,0.0,0.729260265827179,0.1544179469347,0.222346693277359,,,,,,,,,,
ood_tiger_s_seed0.png,ood_tiger,ood,,0,1,0.0,0.0,0.0,0.0,0.0,0.729260265827179,0.155424952507019,0.222346693277359,,,,,,,,,,
ood_tiger_s_seed1.png,ood_tiger,ood,,1,1,0.0,0.0,0.0,0.0,0.0,0.729260265827179,0.155424952507019,0.222346693277359,,,,,,,,,,
ood_woman_beating_a_drum_s_seed0.png,ood_woman_beating_a_drum,ood,,0,1,0.0,0.0,0.0,0.0,0.0,0.7292601466178894,0.1596576124429702,0.222346693277359,,,,,,,,,,
ood_woman_beating_a_drum_s_seed1.png,ood_woman_beating_a_drum,ood,,1,1,0.0,0.0,0.0,0.0,0.0,0.7292601466178894,0.1596576124429702,0.222346693277359,,,,,,,,,,
repo_bird_s_seed0.png,repo_bird,repo,,0,1,0.0,0.0,0.0,0.0,0.0,0.7292601466178894,0.1667725592851638,0.222346693277359,,,,,,,,,,
repo_bird_s_seed1.png,repo_bird,repo,,1,1,0.0,0.0,0.0,0.0,0.0,0.7292601466178894,0.1667725592851638,0.222346693277359,,,,,,,,,,
repo_fish_s_seed0.png,repo_fish,repo,,0,1,0.0,0.0,0.0,0.0,0.0,0.7292602062225342,0.1634238213300705,0.222346693277359,,,,,,,,,,
repo_fish_s_seed1.png,repo_fish,repo,,1,1,0.0,0.0,0.0,0.0,0.0,0.7292602062225342,0.1634238213300705,0.222346693277359,,,,,,,,,,
repo_motif_s_seed0.png,repo_motif,repo,,0,1,0.0,0.0,0.0,0.0,0.0,0.7292602062225342,0.1632275283336639,0.222346693277359,,,,,,,,,,
repo_motif_s_seed1.png,repo_motif,repo,,1,1,0.0,0.0,0.0,0.0,0.0,0.7292602062225342,0.1632275283336639,0.222346693277359,,,,,,,,,,
