pieces,layers,base_pieces,depth2,depth3,depth4plus,decoration_share,colours,base_colours,base_area_share,largest_piece_mm2,median_piece_mm2,cut_length_flat_mm,cut_length_layered_mm,holes_flat,path,category
27,3,3,20,4,0,0.8888888888888888,5,1,0.6976731880894744,9962.7685546875,97.65625,4417.1875,2996.484375,19,data/整理的数据-常用_副本/库淑兰-data-处理后/Representative elements/animals/1.jpg,animals
8,4,1,1,5,1,0.875,3,1,0.41793438981825876,8656.158447265625,70.648193359375,4297.65625,2666.015625,8,data/整理的数据-常用_副本/库淑兰-data-处理后/Representative elements/animals/10.jpg,animals
12,2,1,11,0,0,0.9166666666666666,4,1,0.7386142667076041,5963.7451171875,170.2880859375,3203.515625,2487.5,1,data/整理的数据-常用_副本/库淑兰-data-处理后/Representative elements/animals/11.jpg,animals
17,3,3,11,3,0,0.8235294117647058,4,2,0.6223542688684677,4952.392578125,194.091796875,2674.21875,2047.265625,1,data/整理的数据-常用_副本/库淑兰-data-处理后/Representative elements/animals/13.jpg,animals
50,3,12,31,7,0,0.76,4,4,0.7823867078201171,3998.71826171875,29.754638671875,3653.515625,2708.59375,25,data/整理的数据-常用_副本/库淑兰-data-处理后/Representative elements/animals/14.jpg,animals
45,4,4,37,3,1,0.9111111111111111,4,2,0.7952180028129395,4158.02001953125,14.801025390625,3858.59375,2755.078125,35,data/整理的数据-常用_副本/库淑兰-data-处理后/Representative elements/animals/15.jpg,animals
4,2,2,2,0,0,0.5,2,1,0.9462275948311797,3738.4033203125,198.2879638671875,1546.484375,1569.140625,3,data/整理的数据-常用_副本/库淑兰-data-处理后/Representative elements/animals/16.jpg,animals
10,2,1,9,0,0,0.9,3,1,0.7928301206989732,5082.09228515625,111.1602783203125,2470.3125,1665.625,8,data/整理的数据-常用_副本/库淑兰-data-处理后/Representative elements/animals/17.jpg,animals
115,9,12,24,18,30,0.8956521739130435,6,4,0.3016114395035687,5127.105712890625,25.787353515625,9169.140625,8647.265625,46,data/整理的数据-常用_副本/库淑兰-data-处理后/Representative elements/animals/19.jpg,animals
44,3,4,32,8,0,0.9090909090909091,5,3,0.8200752644907813,5621.337890625,18.463134765625,3757.8125,2705.46875,30,data/整理的数据-常用_副本/库淑兰-data-处理后/Representative elements/animals/2.jpg,animals
85,5,10,27,27,21,0.8823529411764706,5,3,0.3947057726962033,4255.37109375,35.09521484375,8502.734375,7723.046875,26,data/整理的数据-常用_副本/库淑兰-data-处理后/Representative elements/animals/20.jpg,animals
97,14,11,14,27,17,0.8865979381443299,7,4,0.19851146900927283,7569.427490234375,41.656494140625,9671.09375,9565.234375,47,data/整理的数据-常用_副本/库淑兰-data-处理后/Representative elements/animals/21.jpg,animals
65,9,10,31,6,6,0.8461538461538461,6,3,0.6019351253031527,4794.921875,65.155029296875,6554.6875,6059.765625,13,data/整理的数据-常用_副本/库淑兰-data-处理后/Representative elements/animals/22.jpg,animals
67,5,14,46,5,2,0.7910447761194029,6,5,0.6766345175204769,4345.703125,21.3623046875,6101.953125,4501.953125,20,data/整理的数据-常用_副本/库淑兰-data-处理后/Representative elements/animals/23.jpg,animals
53,5,4,41,6,2,0.9245283018867925,5,1,0.651122528761309,9805.145263671875,67.291259765625,5940.234375,4137.890625,18,data/整理的数据-常用_副本/库淑兰-data-处理后/Representative elements/animals/24.jpg,animals
49,4,11,25,12,1,0.7755102040816326,6,4,0.7101100451151388,7686.004638671875,63.018798828125,7082.421875,5387.109375,24,data/整理的数据-常用_副本/库淑兰-data-处理后/Representative elements/animals/25.jpg,animals
70,6,8,21,18,20,0.8857142857142857,7,4,0.39302950002632364,4779.815673828125,44.4793701171875,6254.6875,5694.53125,16,data/整理的数据-常用_副本/库淑兰-data-处理后/Representative elements/animals/26.jpg,animals
41,5,6,22,11,2,0.8536585365853658,4,3,0.6678499655278638,9609.375,55.389404296875,5556.640625,3794.921875,18,data/整理的数据-常用_副本/库淑兰-data-处理后/Representative elements/animals/27.jpg,animals
94,13,19,24,17,16,0.7978723404255319,6,5,0.3744395390172582,7415.46630859375,42.4957275390625,9722.265625,9889.0625,21,data/整理的数据-常用_副本/库淑兰-data-处理后/Representative elements/animals/28.jpg,animals
75,4,12,29,29,5,0.84,4,3,0.3888760258290242,4131.317138671875,22.735595703125,6101.5625,4483.203125,23,data/整理的数据-常用_副本/库淑兰-data-处理后/Representative elements/animals/29.jpg,animals
6,2,1,5,0,0,0.8333333333333334,2,1,0.8599486632249878,5290.679931640625,146.78955078125,1466.015625,1185.9375,5,data/整理的数据-常用_副本/库淑兰-data-处理后/Representative elements/animals/3.jpg,animals
82,6,7,48,16,10,0.9146341463414634,5,4,0.546196011969388,7716.522216796875,41.7327880859375,7261.71875,5203.125,28,data/整理的数据-常用_副本/库淑兰-data-处理后/Representative elements/animals/30.jpg,animals
46,6,5,11,19,9,0.8913043478260869,5,2,0.5977611232330898,3686.370849609375,57.6019287109375,6222.265625,5426.5625,19,data/整理的数据-常用_副本/库淑兰-data-处理后/Representative elements/animals/31.jpg,animals
51,6,4,16,19,9,0.9215686274509803,5,3,0.39994550326223527,7723.69384765625,36.92626953125,6591.796875,5340.234375,24,data/整理的数据-常用_副本/库淑兰-data-处理后/Representative elements/animals/32.jpg,animals
48,3,13,23,12,0,0.7291666666666666,6,5,0.7528630611202543,8160.247802734375,50.811767578125,6727.34375,5232.421875,24,data/整理的数据-常用_副本/库淑兰-data-处理后/Representative elements/animals/33.jpg,animals
45,6,6,12,14,11,0.8666666666666667,6,2,0.417687799680341,8843.3837890625,119.476318359375,6694.921875,6184.765625,10,data/整理的数据-常用_副本/库淑兰-data-处理后/Representative elements/animals/34.jpg,animals
31,4,6,20,4,1,0.8064516129032258,5,3,0.7392855432648566,11601.86767578125,130.31005859375,6325.0,5286.328125,7,data/整理的数据-常用_副本/库淑兰-data-处理后/Representative elements/animals/35.jpg,animals
32,3,11,16,5,0,0.65625,5,2,0.7804157673520391,3111.26708984375,122.1466064453125,5437.890625,4859.375,9,data/整理的数据-常用_副本/库淑兰-data-处理后/Representative elements/animals/36.jpg,animals
59,3,10,40,9,0,0.8305084745762712,5,4,0.5829516689232943,10519.256591796875,68.66455078125,7047.65625,5781.640625,15,data/整理的数据-常用_副本/库淑兰-data-处理后/Representative elements/animals/37.jpg,animals
107,7,11,51,25,10,0.897196261682243,8,3,0.5078113733596116,7801.20849609375,26.2451171875,9039.0625,7737.890625,33,data/整理的数据-常用_副本/库淑兰-data-处理后/Representative elements/animals/39.jpg,animals
54,5,3,37,12,2,0.9444444444444444,4,2,0.7185568810008729,12702.0263671875,47.30224609375,6305.859375,4496.09375,35,data/整理的数据-常用_副本/库淑兰-data-处理后/Representative elements/animals/4.jpg,animals
93,6,4,11,46,30,0.956989247311828,3,1,0.1816805526313151,13583.67919921875,25.482177734375,11085.9375,8138.671875,41,data/整理的数据-常用_副本/库淑兰-data-处理后/Representative elements/animals/40.jpg,animals
55,7,5,21,15,10,0.9090909090909091,6,2,0.6434492818937606,4571.380615234375,103.607177734375,7578.125,7156.640625,15,data/整理的数据-常用_副本/库淑兰-data-处理后/Representative elements/animals/41.jpg,animals
56,4,11,36,7,2,0.8035714285714286,5,3,0.6518445948909912,7864.532470703125,65.765380859375,5726.5625,4317.1875,16,data/整理的数据-常用_副本/库淑兰-data-处理后/Representative elements/animals/42.jpg,animals
43,4,13,23,6,1,0.6976744186046512,5,4,0.77838113681566,3700.25634765625,102.84423828125,6487.5,5708.203125,11,data/整理的数据-常用_副本/库淑兰-data-处理后/Representative elements/animals/43.jpg,animals
21,3,17,3,1,0,0.19047619047619047,4,3,0.926665778843166,4376.678466796875,131.53076171875,3726.171875,3629.296875,4,data/整理的数据-常用_副本/库淑兰-data-处理后/Representative elements/animals/44.jpg,animals
130,5,50,51,14,15,0.6153846153846154,8,7,0.6196550340954673,2345.88623046875,25.2532958984375,8079.6875,7076.953125,36,data/整理的数据-常用_副本/库淑兰-data-处理后/Representative elements/animals/45.jpg,animals
132,5,30,57,33,12,0.7727272727272727,8,5,0.5609457345191041,8748.47412109375,47.9888916015625,12085.9375,9779.6875,30,data/整理的数据-常用_副本/库淑兰-data-处理后/Representative elements/animals/46.jpg,animals
23,3,2,16,5,0,0.9130434782608695,4,1,0.5847247334621859,10707.70263671875,199.27978515625,4542.578125,3446.484375,4,data/整理的数据-常用_副本/库淑兰-data-处理后/Representative elements/animals/5.jpg,animals
28,4,2,23,2,1,0.9285714285714286,3,2,0.7512899759911923,11330.26123046875,120.7733154296875,4036.328125,2767.96875,9,data/整理的数据-常用_副本/库淑兰-data-处理后/Representative elements/animals/6.jpg,animals
31,4,1,22,6,2,0.967741935483871,4,1,0.6957641751141806,10958.251953125,70.49560546875,4923.828125,3370.703125,16,data/整理的数据-常用_副本/库淑兰-data-处理后/Representative elements/animals/7.jpg,animals
8,2,1,7,0,0,0.875,3,1,0.8286809484064422,4936.065673828125,124.20654296875,1567.578125,1239.84375,5,data/整理的数据-常用_副本/库淑兰-data-处理后/Representative elements/animals/8.jpg,animals
17,3,1,14,2,0,0.9411764705882353,4,1,0.8004202365051959,9367.98095703125,88.348388671875,2901.953125,1916.015625,8,data/整理的数据-常用_副本/库淑兰-data-处理后/Representative elements/animals/9.jpg,animals
19,4,2,11,5,1,0.8947368421052632,5,1,0.577959069743837,12012.939453125,182.952880859375,4409.765625,2798.828125,6,data/整理的数据-常用_副本/库淑兰-data-处理后/Representative elements/daily/1.jpg,daily
33,4,3,23,6,1,0.9090909090909091,5,2,0.5246044995627633,6306.304931640625,83.92333984375,4673.4375,3293.359375,7,data/整理的数据-常用_副本/库淑兰-data-处理后/Representative elements/daily/10.jpg,daily
119,3,57,58,4,0,0.5210084033613446,11,10,0.7982168874393488,6322.32666015625,20.599365234375,9561.71875,8320.3125,21,data/整理的数据-常用_副本/库淑兰-data-处理后/Representative elements/daily/11.jpg,daily
154,5,59,68,15,12,0.6168831168831169,11,10,0.4921792058885979,8349.30419921875,26.6265869140625,13200.0,9942.1875,66,data/整理的数据-常用_副本/库淑兰-data-处理后/Representative elements/daily/12.jpg,daily
35,4,13,16,1,5,0.6285714285714286,3,2,0.7423913346142066,5427.398681640625,85.14404296875,6846.484375,5540.625,20,data/整理的数据-常用_副本/库淑兰-data-处理后/Representative elements/daily/13.jpg,daily
20,2,7,13,0,0,0.65,4,3,0.8084374154131704,3243.71337890625,61.2640380859375,4194.53125,3058.59375,10,data/整理的数据-常用_副本/库淑兰-data-处理后/Representative elements/daily/14.jpg,daily
34,4,5,18,7,4,0.8529411764705882,6,5,0.5560571301709465,8622.4365234375,125.1220703125,5748.828125,4266.40625,7,data/整理的数据-常用_副本/库淑兰-data-处理后/Representative elements/daily/15.jpg,daily
37,8,11,8,7,6,0.7027027027027027,5,4,0.4656077279290943,9853.973388671875,380.2490234375,5844.53125,5755.078125,3,data/整理的数据-常用_副本/库淑兰-data-处理后/Representative elements/daily/16.jpg,daily
59,2,21,38,0,0,0.6440677966101694,6,4,0.7553617904481611,8394.317626953125,43.64013671875,7620.3125,5193.359375,35,data/整理的数据-常用_副本/库淑兰-data-处理后/Representative elements/daily/17.jpg,daily
127,4,48,71,7,1,0.6220472440944882,6,5,0.7493445759229079,5386.505126953125,17.547607421875,7355.46875,5510.546875,29,data/整理的数据-常用_副本/库淑兰-data-处理后/Representative elements/daily/18.jpg,daily
65,5,6,23,23,13,0.9076923076923077,8,4,0.20653403013355337,5727.5390625,53.7109375,7302.734375,5244.921875,18,data/整理的数据-常用_副本/库淑兰-data-处理后/Representative elements/daily/19.jpg,daily
14,3,5,7,2,0,0.6428571428571429,7,4,0.8156430695146197,5776.9775390625,193.78662109375,2652.34375,1993.75,6,data/整理的数据-常用_副本/库淑兰-data-处理后/Representative elements/daily/2.jpg,daily
93,4,65,22,3,3,0.3010752688172043,12,8,0.7972959304089821,3221.13037109375,43.9453125,7280.46875,6802.734375,11,data/整理的数据-常用_副本/库淑兰-data-处理后/Representative elements/daily/20.jpg,daily
143,5,74,44,5,20,0.4825174825174825,8,8,0.7337714171679448,3464.202880859375,17.547607421875,9487.5,7969.140625,47,data/整理的数据-常用_副本/库淑兰-data-处理后/Representative elements/daily/21.jpg,daily
38,5,14,12,10,2,0.631578947368421,6,4,0.5944766375706008,3007.049560546875,217.0562744140625,6045.3125,5467.1875,8,data/整理的数据-常用_副本/库淑兰-data-处理后/Representative elements/daily/22.jpg,daily
113,4,26,60,26,1,0.7699115044247787,12,9,0.5653049370764763,8123.016357421875,34.48486328125,11443.359375,8594.53125,40,data/整理的数据-常用_副本/库淑兰-data-处理后/Representative elements/daily/23.jpg,daily
16,2,1,15,0,0,0.9375,2,1,0.8476222018155268,10135.955810546875,62.408447265625,5165.234375,3900.78125,15,data/整理的数据-常用_副本/库淑兰-data-处理后/Representative elements/daily/24.jpg,daily
7,2,2,5,0,0,0.7142857142857143,3,2,0.7034891222999303,11816.10107421875,134.124755859375,3405.859375,2127.34375,6,data/整理的数据-常用_副本/库淑兰-data-处理后/Representative elements/daily/4.jpg,daily
7,2,2,5,0,0,0.7142857142857143,3,2,0.7627690762348599,13054.50439453125,280.1513671875,2782.421875,1754.6875,6,data/整理的数据-常用_副本/库淑兰-data-处理后/Representative elements/daily/5.jpg,daily
40,3,14,14,12,0,0.65,6,5,0.6532784972581962,1796.417236328125,37.7655029296875,3720.3125,3140.625,14,data/整理的数据-常用_副本/库淑兰-data-处理后/Representative elements/daily/7.jpg,daily
23,2,2,21,0,0,0.9130434782608695,3,2,0.6030040743518538,7335.662841796875,77.972412109375,4139.84375,2439.453125,17,data/整理的数据-常用_副本/库淑兰-data-处理后/Representative elements/daily/8.jpg,daily
20,2,15,5,0,0,0.25,5,3,0.8052346144777175,2080.535888671875,70.343017578125,2325.78125,2141.40625,2,data/整理的数据-常用_副本/库淑兰-data-处理后/Representative elements/daily/9.jpg,daily
35,6,3,8,13,9,0.9142857142857143,6,3,0.5912980884587699,3699.951171875,41.961669921875,3681.25,4029.296875,1,data/整理的数据-常用_副本/库淑兰-data-处理后/Representative elements/frame/1.jpg,frame
77,5,48,9,12,8,0.37662337662337664,7,6,0.3974097839524342,7135.009765625,67.138671875,8753.515625,8116.796875,14,data/整理的数据-常用_副本/库淑兰-data-处理后/Representative elements/frame/10.jpg,frame
1,1,1,0,0,0,0.0,1,1,1.0,9846.343994140625,9846.343994140625,2579.296875,2579.296875,8,data/整理的数据-常用_副本/库淑兰-data-处理后/Representative elements/frame/11.jpg,frame
140,54,5,40,10,4,0.9642857142857143,10,3,0.21491342179053566,6325.836181640625,74.6917724609375,9423.4375,17534.375,14,data/整理的数据-常用_副本/库淑兰-data-处理后/Representative elements/frame/13.jpg,frame
203,9,30,47,21,71,0.8522167487684729,10,5,0.16238478367425013,6159.66796875,20.44677734375,13862.109375,14017.96875,36,data/整理的数据-常用_副本/库淑兰-data-处理后/Representative elements/frame/14.jpg,frame
35,4,4,22,3,6,0.8857142857142857,6,4,0.5514875439458663,7915.0390625,63.629150390625,5200.78125,3437.109375,13,data/整理的数据-常用_副本/库淑兰-data-处理后/Representative elements/frame/15.jpg,frame
171,7,28,74,26,39,0.8362573099415205,9,5,0.48861886211270156,5282.28759765625,32.501220703125,13167.578125,10758.203125,46,data/整理的数据-常用_副本/库淑兰-data-处理后/Representative elements/frame/16.jpg,frame
60,3,33,26,1,0,0.45,8,6,0.7631662053463618,5978.3935546875,27.5421142578125,6641.015625,4937.5,17,data/整理的数据-常用_副本/库淑兰-data-处理后/Representative elements/frame/17.jpg,frame
143,19,32,11,36,20,0.7762237762237763,7,4,0.1662859647908447,3505.706787109375,39.520263671875,7126.953125,9984.765625,10,data/整理的数据-常用_副本/库淑兰-data-处理后/Representative elements/frame/18.jpg,frame
72,4,19,48,3,2,0.7361111111111112,4,3,0.7722524085039498,11049.957275390625,24.7955322265625,7694.53125,5189.84375,22,data/整理的数据-常用_副本/库淑兰-data-处理后/Representative elements/frame/19.jpg,frame
62,6,24,5,3,26,0.6129032258064516,6,4,0.07576092860447806,6632.232666015625,23.7274169921875,6660.15625,6714.0625,16,data/整理的数据-常用_副本/库淑兰-data-处理后/Representative elements/frame/20.jpg,frame
53,3,42,2,9,0,0.20754716981132076,4,3,0.5327175175618121,4767.76123046875,10.223388671875,4646.09375,4428.515625,9,data/整理的数据-常用_副本/库淑兰-data-处理后/Representative elements/frame/3.jpg,frame
12,2,11,1,0,0,0.08333333333333333,5,5,0.9839708889690846,2126.15966796875,94.451904296875,2603.90625,2596.875,0,data/整理的数据-常用_副本/库淑兰-data-处理后/Representative elements/frame/4.jpg,frame
100,5,3,71,21,5,0.97,3,2,0.4458519463943842,9382.01904296875,17.7764892578125,7939.0625,4953.90625,30,data/整理的数据-常用_副本/库淑兰-data-处理后/Representative elements/frame/5.jpg,frame
79,6,30,17,29,2,0.620253164556962,10,7,0.19367308418271045,6885.833740234375,97.96142578125,7884.765625,6895.703125,20,data/整理的数据-常用_副本/库淑兰-data-处理后/Representative elements/frame/6.jpg,frame
12,3,2,1,9,0,0.8333333333333334,6,2,0.013517420847188088,10483.245849609375,465.545654296875,5228.515625,3647.65625,3,data/整理的数据-常用_副本/库淑兰-data-处理后/Representative elements/frame/7.jpg,frame
11,2,6,5,0,0,0.45454545454545453,4,3,0.6304095106490316,5998.687744140625,374.45068359375,3012.890625,2330.859375,4,data/整理的数据-常用_副本/库淑兰-data-处理后/Representative elements/frame/8.jpg,frame
29,3,4,23,2,0,0.8620689655172413,5,3,0.8163681331035,9566.802978515625,63.78173828125,4050.0,2783.984375,15,data/整理的数据-常用_副本/库淑兰-data-处理后/Representative elements/person/1.jpg,person
113,4,45,34,32,2,0.6017699115044248,5,4,0.6206113484925448,2858.58154296875,26.092529296875,7890.234375,6788.28125,40,data/整理的数据-常用_副本/库淑兰-data-处理后/Representative elements/person/10.jpg,person
66,6,19,31,9,6,0.7121212121212122,5,4,0.6951116834233074,1913.909912109375,39.2913818359375,7303.125,6448.828125,22,data/整理的数据-常用_副本/库淑兰-data-处理后/Representative elements/person/11.jpg,person
85,4,35,36,11,3,0.5882352941176471,4,4,0.6763576854695329,2180.633544921875,51.8798828125,6730.46875,5750.78125,15,data/整理的数据-常用_副本/库淑兰-data-处理后/Representative elements/person/12.jpg,person
184,9,39,16,30,86,0.7880434782608695,7,7,0.13426205622090337,7859.4970703125,21.820068359375,12036.328125,10725.0,55,data/整理的数据-常用_副本/库淑兰-data-处理后/Representative elements/person/13.jpg,person
216,7,50,59,40,59,0.7685185185185185,9,6,0.3625077463334022,4042.96875,21.3623046875,13256.25,12335.9375,50,data/整理的数据-常用_副本/库淑兰-data-处理后/Representative elements/person/14.jpg,person
195,6,63,79,16,18,0.676923076923077,5,4,0.5869701198094597,8790.130615234375,19.22607421875,10972.65625,9506.640625,51,data/整理的数据-常用_副本/库淑兰-data-处理后/Representative elements/person/15.jpg,person
147,4,36,78,26,7,0.7551020408163265,6,6,0.5322395516845587,8902.89306640625,21.3623046875,11730.859375,9242.1875,32,data/整理的数据-常用_副本/库淑兰-data-处理后/Representative elements/person/17.jpg,person
141,9,33,21,14,44,0.7659574468085106,5,5,0.23534625499172104,7962.646484375,21.209716796875,12689.84375,12276.5625,47,data/整理的数据-常用_副本/库淑兰-data-处理后/Representative elements/person/18.jpg,person
102,4,35,29,26,12,0.6568627450980392,6,6,0.5981506984064529,5467.071533203125,41.656494140625,9248.828125,7232.421875,53,data/整理的数据-常用_副本/库淑兰-data-处理后/Representative elements/person/19.jpg,person
84,4,41,36,5,2,0.5119047619047619,4,4,0.84301503240025,2414.703369140625,23.7274169921875,6369.921875,5544.140625,23,data/整理的数据-常用_副本/库淑兰-data-处理后/Representative elements/person/2.jpg,person
165,6,78,52,22,10,0.5272727272727272,5,4,0.6413975939774404,6013.946533203125,27.313232421875,10622.265625,8578.90625,40,data/整理的数据-常用_副本/库淑兰-data-处理后/Representative elements/person/20.jpg,person
291,7,132,100,24,28,0.5463917525773195,9,7,0.6390890886049009,1836.5478515625,19.378662109375,16210.546875,15725.78125,72,data/整理的数据-常用_副本/库淑兰-data-处理后/Representative elements/person/21.jpg,person
181,11,79,43,25,16,0.56353591160221,7,6,0.5332121021205917,1919.403076171875,33.111572265625,10108.203125,11661.328125,26,data/整理的数据-常用_副本/库淑兰-data-处理后/Representative elements/person/22.jpg,person
88,4,34,34,17,3,0.6136363636363636,8,7,0.5695993106419647,3908.843994140625,28.7628173828125,6857.421875,6110.9375,15,data/整理的数据-常用_副本/库淑兰-data-处理后/Representative elements/person/24.jpg,person
191,5,88,65,31,7,0.5392670157068062,7,6,0.628780236950889,1877.593994140625,30.517578125,12660.15625,11813.28125,39,data/整理的数据-常用_副本/库淑兰-data-处理后/Representative elements/person/25.jpg,person
190,8,93,33,12,44,0.5105263157894737,8,6,0.38316365487401377,7177.581787109375,24.261474609375,12134.765625,11075.78125,39,data/整理的数据-常用_副本/库淑兰-data-处理后/Representative elements/person/27.jpg,person
149,6,53,54,21,20,0.6442953020134228,6,5,0.5497106343623447,3042.6025390625,37.994384765625,10178.90625,8756.640625,59,data/整理的数据-常用_副本/库淑兰-data-处理后/Representative elements/person/28.jpg,person
233,4,142,76,11,4,0.3905579399141631,7,7,0.8148256348665347,2777.7099609375,19.53125,12611.328125,11249.21875,22,data/整理的数据-常用_副本/库淑兰-data-处理后/Representative elements/person/29.jpg,person
96,5,40,35,16,5,0.5833333333333334,5,4,0.7331951977573283,8845.367431640625,16.4794921875,8476.5625,6976.953125,44,data/整理的数据-常用_副本/库淑兰-data-处理后/Representative elements/person/30.jpg,person
96,4,34,48,12,2,0.6458333333333334,5,4,0.8303137929080158,5140.07568359375,14.5721435546875,5796.484375,4616.796875,35,data/整理的数据-常用_副本/库淑兰-data-处理后/Representative elements/person/4.jpg,person
191,5,76,92,18,5,0.6020942408376964,10,10,0.7358463336844991,2282.40966796875,23.345947265625,9408.59375,8408.203125,29,data/整理的数据-常用_副本/库淑兰-data-处理后/Representative elements/person/6.jpg,person
136,4,60,52,20,4,0.5588235294117647,6,4,0.7785402963784769,6561.279296875,14.34326171875,8050.0,6358.59375,24,data/整理的数据-常用_副本/库淑兰-data-处理后/Representative elements/person/7.jpg,person
158,5,55,67,22,14,0.6518987341772152,6,6,0.6548892959285324,1466.827392578125,18.61572265625,8594.53125,8271.09375,28,data/整理的数据-常用_副本/库淑兰-data-处理后/Representative elements/person/8.jpg,person
52,3,26,19,7,0,0.5,6,5,0.701152220268602,6651.91650390625,33.1878662109375,5194.140625,3753.515625,9,data/整理的数据-常用_副本/库淑兰-data-处理后/Representative elements/person/9.jpg,person
12,4,4,6,1,1,0.6666666666666666,3,3,0.5855971770651957,12055.511474609375,290.069580078125,5327.734375,4152.34375,5,data/整理的数据-常用_副本/库淑兰-data-处理后/Representative elements/plants/1.jpg,plants
72,3,55,9,8,0,0.2361111111111111,4,4,0.8734471044163503,1597.137451171875,140.68603515625,6373.4375,6550.78125,2,data/整理的数据-常用_副本/库淑兰-data-处理后/Representative elements/plants/10.jpg,plants
24,6,1,5,15,2,0.9583333333333334,6,1,0.6973227806082487,20455.474853515625,173.64501953125,5632.8125,4165.625,2,data/整理的数据-常用_副本/库淑兰-data-处理后/Representative elements/plants/11.jpg,plants
46,6,6,31,5,2,0.8695652173913043,4,2,0.5509494466800805,6417.54150390625,177.001953125,7660.9375,7516.40625,16,data/整理的数据-常用_副本/库淑兰-data-处理后/Representative elements/plants/12.jpg,plants
38,5,4,5,4,25,0.8947368421052632,6,3,0.23940868623151051,13406.06689453125,49.591064453125,7850.78125,5839.84375,10,data/整理的数据-常用_副本/库淑兰-data-处理后/Representative elements/plants/13.jpg,plants
84,3,58,21,5,0,0.30952380952380953,3,3,0.953967443830291,2292.022705078125,27.4658203125,7611.328125,7276.953125,57,data/整理的数据-常用_副本/库淑兰-data-处理后/Representative elements/plants/14.jpg,plants
70,4,5,33,29,3,0.9285714285714286,8,3,0.6106215371432466,11856.38427734375,53.863525390625,7101.5625,4742.96875,28,data/整理的数据-常用_副本/库淑兰-data-处理后/Representative elements/plants/15.jpg,plants
23,3,1,3,19,0,0.9565217391304348,3,1,0.24658909807071872,23553.16162109375,233.45947265625,6806.25,4278.515625,11,data/整理的数据-常用_副本/库淑兰-data-处理后/Representative elements/plants/16.jpg,plants
78,4,15,54,8,1,0.8076923076923077,4,3,0.7061407245430191,7289.886474609375,71.1822509765625,7663.671875,5897.65625,25,data/整理的数据-常用_副本/库淑兰-data-处理后/Representative elements/plants/18.jpg,plants
73,4,4,23,42,4,0.9452054794520548,4,2,0.4440997888067582,15615.53955078125,69.88525390625,8694.921875,6350.390625,14,data/整理的数据-常用_副本/库淑兰-data-处理后/Representative elements/plants/19.jpg,plants
18,2,13,5,0,0,0.2777777777777778,4,2,0.9651343602701783,4608.917236328125,147.247314453125,2308.59375,2099.21875,4,data/整理的数据-常用_副本/库淑兰-data-处理后/Representative elements/plants/2.jpg,plants
43,5,9,1,9,24,0.7906976744186046,6,2,0.4709282492514119,13163.75732421875,147.552490234375,6161.71875,4420.703125,3,data/整理的数据-常用_副本/库淑兰-data-处理后/Representative elements/plants/20.jpg,plants
44,4,5,27,11,1,0.8863636363636364,5,3,0.6815193301000584,14921.2646484375,120.54443359375,6008.984375,4525.78125,7,data/整理的数据-常用_副本/库淑兰-data-处理后/Representative elements/plants/21.jpg,plants
39,4,1,1,20,17,0.9743589743589743,4,1,0.19737119357112237,21000.518798828125,70.648193359375,9076.5625,5506.640625,9,data/整理的数据-常用_副本/库淑兰-data-处理后/Representative elements/plants/22.jpg,plants
64,2,50,14,0,0,0.21875,3,2,0.9524963970103565,8574.8291015625,57.830810546875,7745.703125,7438.671875,11,data/整理的数据-常用_副本/库淑兰-data-处理后/Representative elements/plants/23.jpg,plants
54,5,10,12,22,10,0.8148148148148148,6,3,0.41325076257577736,17199.554443359375,95.9014892578125,8461.328125,7017.1875,7,data/整理的数据-常用_副本/库淑兰-data-处理后/Representative elements/plants/24.jpg,plants
42,4,2,13,23,4,0.9523809523809523,3,2,0.4108734325508743,13914.1845703125,64.4683837890625,7297.65625,4874.21875,26,data/整理的数据-常用_副本/库淑兰-data-处理后/Representative elements/plants/25.jpg,plants
73,3,24,17,32,0,0.6712328767123288,8,7,0.3517528565870809,2867.279052734375,54.01611328125,6675.0,5389.0625,5,data/整理的数据-常用_副本/库淑兰-data-处理后/Representative elements/plants/26.jpg,plants
43,2,25,18,0,0,0.4186046511627907,3,2,0.9332088195431556,2421.875,29.754638671875,4825.0,4569.921875,13,data/整理的数据-常用_副本/库淑兰-data-处理后/Representative elements/plants/27.jpg,plants
45,7,29,7,2,4,0.35555555555555557,6,5,0.7094986415063734,4496.15478515625,157.16552734375,6021.09375,5660.15625,11,data/整理的数据-常用_副本/库淑兰-data-处理后/Representative elements/plants/28.jpg,plants
23,1,23,0,0,0,0.0,2,2,1.0,2041.168212890625,684.356689453125,2439.453125,2439.453125,0,data/整理的数据-常用_副本/库淑兰-data-处理后/Representative elements/plants/3.jpg,plants
105,5,50,30,18,7,0.5238095238095238,8,7,0.6231312785087141,2577.056884765625,35.247802734375,7895.3125,7627.34375,15,data/整理的数据-常用_副本/库淑兰-data-处理后/Representative elements/plants/30.jpg,plants
29,4,4,14,6,5,0.8620689655172413,5,2,0.8551264223448317,5606.38427734375,87.432861328125,5460.15625,4700.0,13,data/整理的数据-常用_副本/库淑兰-data-处理后/Representative elements/plants/31.jpg,plants
25,4,14,2,8,1,0.44,4,3,0.6623244901201227,10434.112548828125,149.383544921875,4849.609375,3866.015625,4,data/整理的数据-常用_副本/库淑兰-data-处理后/Representative elements/plants/32.jpg,plants
104,4,14,51,33,6,0.8653846153846154,5,5,0.5307909338044233,8302.459716796875,47.760009765625,10744.921875,8480.078125,13,data/整理的数据-常用_副本/库淑兰-data-处理后/Representative elements/plants/33.jpg,plants
35,2,31,4,0,0,0.11428571428571428,3,3,0.9783538944780807,4440.61279296875,45.623779296875,4393.359375,4300.390625,0,data/整理的数据-常用_副本/库淑兰-data-处理后/Representative elements/plants/34.jpg,plants
186,4,32,88,52,14,0.8279569892473119,6,4,0.45531866529015635,6998.138427734375,25.0244140625,12812.109375,8833.59375,75,data/整理的数据-常用_副本/库淑兰-data-处理后/Representative elements/plants/35.jpg,plants
95,2,7,88,0,0,0.9263157894736842,3,2,0.7796057662893852,14953.91845703125,39.215087890625,10533.59375,7019.921875,79,data/整理的数据-常用_副本/库淑兰-data-处理后/Representative elements/plants/36.jpg,plants
146,5,102,38,4,2,0.3013698630136986,4,4,0.8741839347672193,627.899169921875,95.977783203125,10873.828125,10389.84375,17,data/整理的数据-常用_副本/库淑兰-data-处理后/Representative elements/plants/37.jpg,plants
131,2,100,31,0,0,0.2366412213740458,2,2,0.9121416323215307,2153.472900390625,19.83642578125,8653.125,8208.203125,19,data/整理的数据-常用_副本/库淑兰-data-处理后/Representative elements/plants/38.jpg,plants
11,4,3,5,2,1,0.7272727272727273,3,2,0.477314413274374,21012.5732421875,230.40771484375,5580.46875,3715.234375,5,data/整理的数据-常用_副本/库淑兰-data-处理后/Representative elements/plants/4.jpg,plants
42,3,28,11,3,0,0.3333333333333333,4,3,0.8903771360678715,4180.60302734375,243.3013916015625,5963.28125,5965.625,2,data/整理的数据-常用_副本/库淑兰-data-处理后/Representative elements/plants/5.jpg,plants
116,8,4,42,35,9,0.9655172413793104,9,3,0.311968687616356,6313.78173828125,26.4739990234375,9254.6875,9844.53125,26,data/整理的数据-常用_副本/库淑兰-data-处理后/Representative elements/plants/6.jpg,plants
39,4,1,17,8,13,0.9743589743589743,5,1,0.25779901085715956,20856.3232421875,101.9287109375,7899.609375,5391.796875,16,data/整理的数据-常用_副本/库淑兰-data-处理后/Representative elements/plants/7.jpg,plants
83,5,8,59,8,8,0.9036144578313253,7,3,0.6808256535640399,6793.365478515625,47.91259765625,8891.015625,6074.609375,30,data/整理的数据-常用_副本/库淑兰-data-处理后/Representative elements/plants/9.jpg,plants
1,1,1,0,0,0,0.0,1,1,1.0,16404.72412109375,16404.72412109375,6744.140625,6744.140625,62,data/整理的数据-常用_副本/库淑兰-data-处理后/Representative elements/window decoration/10.jpg,window decoration
1,1,1,0,0,0,0.0,1,1,1.0,14484.100341796875,14484.100341796875,6132.421875,6132.421875,58,data/整理的数据-常用_副本/库淑兰-data-处理后/Representative elements/window decoration/12.jpg,window decoration
1,1,1,0,0,0,0.0,1,1,1.0,18549.49951171875,18549.49951171875,7247.265625,7247.265625,76,data/整理的数据-常用_副本/库淑兰-data-处理后/Representative elements/window decoration/13.jpg,window decoration
1,1,1,0,0,0,0.0,1,1,1.0,15144.805908203125,15144.805908203125,6632.03125,6632.03125,69,data/整理的数据-常用_副本/库淑兰-data-处理后/Representative elements/window decoration/14.jpg,window decoration
1,1,1,0,0,0,0.0,1,1,1.0,13082.427978515625,13082.427978515625,6983.984375,6983.984375,92,data/整理的数据-常用_副本/库淑兰-data-处理后/Representative elements/window decoration/16.jpg,window decoration
1,1,1,0,0,0,0.0,1,1,1.0,13265.68603515625,13265.68603515625,6840.625,6840.625,93,data/整理的数据-常用_副本/库淑兰-data-处理后/Representative elements/window decoration/17.jpg,window decoration
1,1,1,0,0,0,0.0,1,1,1.0,15575.5615234375,15575.5615234375,7149.609375,7149.609375,68,data/整理的数据-常用_副本/库淑兰-data-处理后/Representative elements/window decoration/18.jpg,window decoration
1,1,1,0,0,0,0.0,1,1,1.0,14748.22998046875,14748.22998046875,5861.328125,5861.328125,56,data/整理的数据-常用_副本/库淑兰-data-处理后/Representative elements/window decoration/2.jpg,window decoration
1,1,1,0,0,0,0.0,1,1,1.0,16868.59130859375,16868.59130859375,9112.5,9112.5,97,data/整理的数据-常用_副本/库淑兰-data-处理后/Representative elements/window decoration/20.jpg,window decoration
1,1,1,0,0,0,0.0,1,1,1.0,16998.138427734375,16998.138427734375,6583.203125,6583.203125,72,data/整理的数据-常用_副本/库淑兰-data-处理后/Representative elements/window decoration/6.jpg,window decoration
1,1,1,0,0,0,0.0,1,1,1.0,13952.789306640625,13952.789306640625,7314.84375,7314.84375,43,data/整理的数据-常用_副本/库淑兰-data-处理后/Representative elements/window decoration/7.jpg,window decoration
1,1,1,0,0,0,0.0,1,1,1.0,15829.77294921875,15829.77294921875,7000.0,7000.0,49,data/整理的数据-常用_副本/库淑兰-data-处理后/Representative elements/window decoration/8.jpg,window decoration
1,1,1,0,0,0,0.0,1,1,1.0,14705.50537109375,14705.50537109375,6389.453125,6389.453125,64,data/整理的数据-常用_副本/库淑兰-data-处理后/Representative elements/window decoration/9.jpg,window decoration
4,2,1,3,0,0,0.75,3,1,0.9515797918780529,6466.522216796875,151.214599609375,1789.453125,1676.171875,3,data/整理的数据-常用_副本/库淑兰-data-处理后/Pattern_symbols/Bird/1.jpg,Pattern_symbols
8,4,1,1,5,1,0.875,3,1,0.41793438981825876,8656.158447265625,70.648193359375,4297.65625,2666.015625,8,data/整理的数据-常用_副本/库淑兰-data-处理后/Pattern_symbols/Bird/2.jpg,Pattern_symbols
19,3,1,17,1,0,0.9473684210526315,3,1,0.8740106879523777,4511.41357421875,30.82275390625,2393.75,1925.0,13,data/整理的数据-常用_副本/库淑兰-data-处理后/Pattern_symbols/Bird/4.jpg,Pattern_symbols
56,6,11,34,8,2,0.8035714285714286,6,5,0.6343145943615416,4094.390869140625,31.585693359375,4627.734375,3502.34375,23,data/整理的数据-常用_副本/库淑兰-data-处理后/Pattern_symbols/Bird/5.jpg,Pattern_symbols
48,4,16,19,11,2,0.6666666666666666,7,4,0.6138219478191596,1288.14697265625,30.8990478515625,3782.8125,3373.046875,10,data/整理的数据-常用_副本/库淑兰-data-处理后/Pattern_symbols/Bird/6.jpg,Pattern_symbols
97,5,30,37,27,3,0.6907216494845361,7,6,0.5317955656424581,1389.312744140625,26.702880859375,6615.625,6062.890625,13,data/整理的数据-常用_副本/库淑兰-data-处理后/Pattern_symbols/Bird/7.jpg,Pattern_symbols
4,1,4,0,0,0,0.0,2,2,1.0,4359.893798828125,248.260498046875,1715.234375,1715.234375,3,data/整理的数据-常用_副本/库淑兰-data-处理后/Pattern_symbols/Butterfly/1.jpg,Pattern_symbols
5,2,1,4,0,0,0.8,3,1,0.8199729282598887,5072.784423828125,243.377685546875,1427.734375,1149.609375,4,data/整理的数据-常用_副本/库淑兰-data-处理后/Pattern_symbols/Butterfly/2.jpg,Pattern_symbols
8,2,1,7,0,0,0.875,3,1,0.8620881522991932,3839.263916015625,78.3538818359375,1868.359375,1594.53125,7,data/整理的数据-常用_副本/库淑兰-data-处理后/Pattern_symbols/Butterfly/3.jpg,Pattern_symbols
19,2,11,8,0,0,0.42105263157894735,4,3,0.8608682983682984,1901.55029296875,74.462890625,2197.65625,2011.328125,3,data/整理的数据-常用_副本/库淑兰-data-处理后/Pattern_symbols/Butterfly/4.jpg,Pattern_symbols
12,2,1,11,0,0,0.9166666666666666,4,1,0.7111013574944353,4867.095947265625,148.8494873046875,2564.453125,1848.4375,3,data/整理的数据-常用_副本/库淑兰-data-处理后/Pattern_symbols/Butterfly/5.jpg,Pattern_symbols
11,5,1,1,7,2,0.9090909090909091,6,1,0.40831120361731144,4252.01416015625,55.5419921875,2387.109375,1517.578125,6,data/整理的数据-常用_副本/库淑兰-data-处理后/Pattern_symbols/Chrysanthemum/1.jpg,Pattern_symbols
36,2,32,4,0,0,0.1111111111111111,3,3,0.9786721251939648,2670.8984375,31.9671630859375,3635.9375,3557.8125,0,data/整理的数据-常用_副本/库淑兰-data-处理后/Pattern_symbols/Chrysanthemum/2.jpg,Pattern_symbols
7,2,6,1,0,0,0.14285714285714285,2,2,0.947788717488214,2426.7578125,301.513671875,2023.4375,2019.921875,1,data/整理的数据-常用_副本/库淑兰-data-处理后/Pattern_symbols/Chrysanthemum/3.jpg,Pattern_symbols
19,2,18,1,0,0,0.05263157894736842,3,2,0.9668956590999602,4233.70361328125,133.514404296875,3854.6875,3790.234375,1,data/整理的数据-常用_副本/库淑兰-data-处理后/Pattern_symbols/Chrysanthemum/4.jpg,Pattern_symbols
4,3,2,1,1,0,0.5,3,1,0.9078178206583428,7207.489013671875,2269.134521484375,3413.671875,3267.96875,1,data/整理的数据-常用_副本/库淑兰-data-处理后/Pattern_symbols/Chrysanthemum/5.jpg,Pattern_symbols
6,3,1,1,4,0,0.8333333333333334,2,1,0.22830394757372444,4889.678955078125,451.5838623046875,2488.28125,1485.9375,4,data/整理的数据-常用_副本/库淑兰-data-处理后/Pattern_symbols/Crescent/1.jpg,Pattern_symbols
6,3,1,1,4,0,0.8333333333333334,2,1,0.21545117098833017,5713.958740234375,495.6817626953125,2696.875,1615.625,4,data/整理的数据-常用_副本/库淑兰-data-处理后/Pattern_symbols/Crescent/2.jpg,Pattern_symbols
10,3,2,1,7,0,0.8,2,1,0.21002492255374652,6245.1171875,183.7158203125,3603.515625,2442.1875,7,data/整理的数据-常用_副本/库淑兰-data-处理后/Pattern_symbols/Crescent/3.jpg,Pattern_symbols
35,6,3,8,13,9,0.9142857142857143,6,3,0.5912980884587699,3699.951171875,41.961669921875,3681.25,4029.296875,1,data/整理的数据-常用_副本/库淑兰-data-处理后/Pattern_symbols/Curtain/1.jpg,Pattern_symbols
21,2,12,9,0,0,0.42857142857142855,3,3,0.8987029369018564,4743.65234375,62.56103515625,2429.6875,2223.046875,1,data/整理的数据-常用_副本/库淑兰-data-处理后/Pattern_symbols/Curtain/2.jpg,Pattern_symbols
18,1,18,0,0,0,0.0,4,4,1.0,666.80908203125,85.6781005859375,2416.40625,2416.40625,0,data/整理的数据-常用_副本/库淑兰-data-处理后/Pattern_symbols/Curtain/3.jpg,Pattern_symbols
60,3,33,26,1,0,0.45,8,6,0.7631662053463618,5978.3935546875,27.5421142578125,6641.015625,4937.5,17,data/整理的数据-常用_副本/库淑兰-data-处理后/Pattern_symbols/Curtain/4.jpg,Pattern_symbols
1,1,1,0,0,0,0.0,1,1,1.0,5064.0869140625,5064.0869140625,370.703125,370.703125,0,data/整理的数据-常用_副本/库淑兰-data-处理后/Pattern_symbols/Dot/1.jpg,Pattern_symbols
2,2,1,1,0,0,0.5,2,1,0.547009296614629,10438.8427734375,7583.770751953125,1099.609375,780.46875,1,data/整理的数据-常用_副本/库淑兰-data-处理后/Pattern_symbols/Dot/2.jpg,Pattern_symbols
1,1,1,0,0,0,0.0,1,1,1.0,3507.38525390625,3507.38525390625,283.203125,283.203125,0,data/整理的数据-常用_副本/库淑兰-data-处理后/Pattern_symbols/Dot/3.jpg,Pattern_symbols
1,1,1,0,0,0,0.0,1,1,1.0,9120.78857421875,9120.78857421875,440.234375,440.234375,0,data/整理的数据-常用_副本/库淑兰-data-处理后/Pattern_symbols/Dot/4.jpg,Pattern_symbols
1,1,1,0,0,0,0.0,1,1,1.0,1369.93408203125,1369.93408203125,169.921875,169.921875,0,data/整理的数据-常用_副本/库淑兰-data-处理后/Pattern_symbols/Dot/5.jpg,Pattern_symbols
1,1,1,0,0,0,0.0,1,1,1.0,5986.9384765625,5986.9384765625,394.140625,394.140625,0,data/整理的数据-常用_副本/库淑兰-data-处理后/Pattern_symbols/Dot/6.jpg,Pattern_symbols
2,2,1,1,0,0,0.5,2,1,0.9564668914424643,6652.679443359375,3471.1456298828125,994.921875,900.0,1,data/整理的数据-常用_副本/库淑兰-data-处理后/Pattern_symbols/Fish/1.jpg,Pattern_symbols
6,2,1,5,0,0,0.8333333333333334,2,1,0.8592828295190307,6233.978271484375,173.33984375,1588.671875,1285.9375,5,data/整理的数据-常用_副本/库淑兰-data-处理后/Pattern_symbols/Fish/2.jpg,Pattern_symbols
10,2,1,9,0,0,0.9,3,1,0.7940721134638434,6110.83984375,133.6669921875,2716.40625,1832.8125,8,data/整理的数据-常用_副本/库淑兰-data-处理后/Pattern_symbols/Fish/3.jpg,Pattern_symbols
18,3,4,11,3,0,0.7777777777777778,4,2,0.6216260582041602,4867.095947265625,195.6939697265625,2655.078125,2123.4375,1,data/整理的数据-常用_副本/库淑兰-data-处理后/Pattern_symbols/Fish/4.jpg,Pattern_symbols
8,2,1,7,0,0,0.875,3,1,0.8285212002026161,5121.002197265625,128.7841796875,1608.984375,1273.4375,5,data/整理的数据-常用_副本/库淑兰-data-处理后/Pattern_symbols/Fish/5.jpg,Pattern_symbols
3,1,3,0,0,0,0.0,2,2,1.0,5492.24853515625,39.36767578125,1059.765625,1059.765625,0,data/整理的数据-常用_副本/库淑兰-data-处理后/Pattern_symbols/Glands/1.jpg,Pattern_symbols
1,1,1,0,0,0,0.0,1,1,1.0,3316.802978515625,3316.802978515625,762.109375,762.109375,0,data/整理的数据-常用_副本/库淑兰-data-处理后/Pattern_symbols/Glands/2.jpg,Pattern_symbols
4,1,4,0,0,0,0.0,2,2,1.0,3810.72998046875,10.6048583984375,673.4375,673.4375,0,data/整理的数据-常用_副本/库淑兰-data-处理后/Pattern_symbols/Glands/3.jpg,Pattern_symbols
2,1,2,0,0,0,0.0,2,2,1.0,4340.51513671875,2195.5108642578125,1563.28125,1563.28125,0,data/整理的数据-常用_副本/库淑兰-data-处理后/Pattern_symbols/Glands/4.jpg,Pattern_symbols
6,2,1,5,0,0,0.8333333333333334,2,1,0.631729265920646,12394.866943359375,1001.434326171875,2180.859375,1345.3125,5,data/整理的数据-常用_副本/库淑兰-data-处理后/Pattern_symbols/HangingCoin/1.jpg,Pattern_symbols
9,2,1,8,0,0,0.8888888888888888,2,1,0.5992497972424979,10535.888671875,480.3466796875,2673.046875,1569.921875,8,data/整理的数据-常用_副本/库淑兰-data-处理后/Pattern_symbols/HangingCoin/2.jpg,Pattern_symbols
19,3,1,17,1,0,0.9473684210526315,3,1,0.7294367098735798,7628.173828125,150.604248046875,2534.765625,1784.765625,8,data/整理的数据-常用_副本/库淑兰-data-处理后/Pattern_symbols/HangingCoin/3.jpg,Pattern_symbols
16,2,15,1,0,0,0.0625,4,4,0.9729143072857682,1506.34765625,130.0811767578125,2144.53125,2100.78125,0,data/整理的数据-常用_副本/库淑兰-data-处理后/Pattern_symbols/HeadOrnament/1.jpg,Pattern_symbols
24,2,20,4,0,0,0.16666666666666666,2,2,0.9348597058516741,2145.69091796875,94.90966796875,2905.46875,2875.0,0,data/整理的数据-常用_副本/库淑兰-data-处理后/Pattern_symbols/HeadOrnament/2.jpg,Pattern_symbols
41,3,25,15,1,0,0.3902439024390244,5,4,0.8966296898184131,1232.452392578125,77.20947265625,3844.140625,3505.859375,10,data/整理的数据-常用_副本/库淑兰-data-处理后/Pattern_symbols/HeadOrnament/3.jpg,Pattern_symbols
44,2,43,1,0,0,0.022727272727272728,5,5,0.9885289148412721,500.946044921875,58.746337890625,3221.09375,3200.0,0,data/整理的数据-常用_副本/库淑兰-data-处理后/Pattern_symbols/HeadOrnament/4.jpg,Pattern_symbols
184,4,89,52,31,12,0.5163043478260869,10,8,0.7388129272840274,2008.819580078125,23.8800048828125,10532.03125,9217.578125,46,data/整理的数据-常用_副本/库淑兰-data-处理后/Pattern_symbols/HeadOrnament/5.jpg,Pattern_symbols
16,3,4,10,2,0,0.75,6,2,0.4720592720162173,8405.609130859375,10.3759765625,3017.96875,2251.5625,0,data/整理的数据-常用_副本/库淑兰-data-处理后/Pattern_symbols/Heya/1.jpg,Pattern_symbols
11,3,3,4,4,0,0.7272727272727273,3,2,0.01951811405789565,7478.94287109375,17.7001953125,2676.171875,2441.796875,0,data/整理的数据-常用_副本/库淑兰-data-处理后/Pattern_symbols/Heya/2.jpg,Pattern_symbols
15,5,2,3,6,4,0.8666666666666667,4,2,0.47868369980165926,6138.153076171875,108.184814453125,3608.203125,3098.046875,4,data/整理的数据-常用_副本/库淑兰-data-处理后/Pattern_symbols/Heya/3.jpg,Pattern_symbols
3,1,3,0,0,0,0.0,2,2,1.0,3285.5224609375,19.683837890625,591.015625,591.015625,0,data/整理的数据-常用_副本/库淑兰-data-处理后/Pattern_symbols/Heya/4.jpg,Pattern_symbols
5,2,4,1,0,0,0.2,4,4,0.9764953411481816,2451.019287109375,59.661865234375,1123.828125,1123.046875,0,data/整理的数据-常用_副本/库淑兰-data-处理后/Pattern_symbols/Heya/5.jpg,Pattern_symbols
3,1,3,0,0,0,0.0,2,2,1.0,2931.671142578125,206.298828125,935.546875,935.546875,0,data/整理的数据-常用_副本/库淑兰-data-处理后/Pattern_symbols/Lotus/1.jpg,Pattern_symbols
30,4,6,22,1,1,0.8,4,1,0.6459684893419834,3958.282470703125,114.5172119140625,3360.546875,2777.34375,15,data/整理的数据-常用_副本/库淑兰-data-处理后/Pattern_symbols/Lotus/2.jpg,Pattern_symbols
62,3,11,33,18,0,0.8225806451612904,4,4,0.625499920012798,4555.6640625,18.768310546875,5825.390625,4125.78125,23,data/整理的数据-常用_副本/库淑兰-data-处理后/Pattern_symbols/Lotus/3.jpg,Pattern_symbols
102,4,27,42,27,6,0.7352941176470589,8,6,0.5902045328911001,2835.38818359375,24.1851806640625,6107.03125,4812.890625,20,data/整理的数据-常用_副本/库淑兰-data-处理后/Pattern_symbols/Lotus/4.jpg,Pattern_symbols
113,7,1,15,30,55,0.9911504424778761,8,1,0.223154139336997,13771.97265625,29.754638671875,10911.328125,7519.921875,20,data/整理的数据-常用_副本/库淑兰-data-处理后/Pattern_symbols/Lotus/5.jpg,Pattern_symbols
1,1,1,0,0,0,0.0,1,1,1.0,6644.744873046875,6644.744873046875,428.515625,428.515625,0,data/整理的数据-常用_副本/库淑兰-data-处理后/Pattern_symbols/Peach/1.jpg,Pattern_symbols
1,1,1,0,0,0,0.0,1,1,1.0,7890.625,7890.625,548.046875,548.046875,0,data/整理的数据-常用_副本/库淑兰-data-处理后/Pattern_symbols/Peach/2.jpg,Pattern_symbols
1,1,1,0,0,0,0.0,1,1,1.0,6052.398681640625,6052.398681640625,376.953125,376.953125,0,data/整理的数据-常用_副本/库淑兰-data-处理后/Pattern_symbols/Peach/3.jpg,Pattern_symbols
13,2,2,11,0,0,0.8461538461538461,4,2,0.8544397605435892,4927.3681640625,42.572021484375,2750.78125,1991.015625,9,data/整理的数据-常用_副本/库淑兰-data-处理后/Pattern_symbols/Peony/1.jpg,Pattern_symbols
48,5,9,25,5,9,0.8125,5,5,0.6032732774033833,3077.850341796875,20.599365234375,3822.265625,3154.6875,23,data/整理的数据-常用_副本/库淑兰-data-处理后/Pattern_symbols/Peony/2.jpg,Pattern_symbols
73,4,4,47,17,5,0.9452054794520548,9,3,0.6108400509121765,9524.5361328125,24.4140625,7036.328125,4307.421875,36,data/整理的数据-常用_副本/库淑兰-data-处理后/Pattern_symbols/Peony/3.jpg,Pattern_symbols
52,6,2,43,1,2,0.9615384615384616,7,2,0.6547692005981418,7501.220703125,26.6265869140625,6542.96875,5041.015625,38,data/整理的数据-常用_副本/库淑兰-data-处理后/Pattern_symbols/Peony/4.jpg,Pattern_symbols
109,6,17,50,10,17,0.8440366972477065,10,6,0.4885061414945447,6329.65087890625,19.22607421875,7892.1875,6725.390625,29,data/整理的数据-常用_副本/库淑兰-data-处理后/Pattern_symbols/Peony/5.jpg,Pattern_symbols
46,6,6,31,5,2,0.8695652173913043,4,2,0.5509494466800805,6417.54150390625,177.001953125,7660.9375,7516.40625,16,data/整理的数据-常用_副本/库淑兰-data-处理后/Pattern_symbols/Plum/1.jpg,Pattern_symbols
11,6,1,1,1,7,0.9090909090909091,5,1,0.15777007460170642,17651.519775390625,1079.864501953125,5949.609375,3305.859375,10,data/整理的数据-常用_副本/库淑兰-data-处理后/Pattern_symbols/Plum/2.jpg,Pattern_symbols
45,4,1,7,33,4,0.9777777777777777,4,1,0.21379449328664635,12114.56298828125,72.93701171875,5879.6875,3853.515625,17,data/整理的数据-常用_副本/库淑兰-data-处理后/Pattern_symbols/Plum/3.jpg,Pattern_symbols
29,6,1,8,11,7,0.9655172413793104,5,1,0.17841402281061805,9070.73974609375,100.555419921875,4833.984375,4383.203125,6,data/整理的数据-常用_副本/库淑兰-data-处理后/Pattern_symbols/Plum/4.jpg,Pattern_symbols
50,5,1,2,27,20,0.98,5,1,0.038835081514822706,11390.533447265625,77.20947265625,6985.9375,4171.09375,18,data/整理的数据-常用_副本/库淑兰-data-处理后/Pattern_symbols/Plum/5.jpg,Pattern_symbols
25,4,5,1,1,18,0.8,5,3,0.048287730664661306,10116.27197265625,141.143798828125,5604.6875,4180.859375,15,data/整理的数据-常用_副本/库淑兰-data-处理后/Pattern_symbols/SquareAuspiciousCloud/1.jpg,Pattern_symbols
10,3,2,2,6,0,0.8,3,2,0.2566218143964221,9032.440185546875,889.2822265625,3710.9375,3065.625,6,data/整理的数据-常用_副本/库淑兰-data-处理后/Pattern_symbols/SquareAuspiciousCloud/2.jpg,Pattern_symbols
23,3,7,3,13,0,0.6956521739130435,6,4,0.017248301420630018,9736.480712890625,86.0595703125,4701.171875,3323.828125,10,data/整理的数据-常用_副本/库淑兰-data-处理后/Pattern_symbols/SquareAuspiciousCloud/3.jpg,Pattern_symbols
13,3,3,9,1,0,0.7692307692307693,4,3,0.6346386614453542,7791.290283203125,213.470458984375,3714.84375,2536.328125,5,data/整理的数据-常用_副本/库淑兰-data-处理后/Pattern_symbols/SquareAuspiciousCloud/4.jpg,Pattern_symbols
25,3,4,1,20,0,0.84,4,3,0.1199293740928611,9046.173095703125,154.4189453125,5512.109375,3760.546875,20,data/整理的数据-常用_副本/库淑兰-data-处理后/Pattern_symbols/SquareAuspiciousCloud/5.jpg,Pattern_symbols
12,4,2,1,1,8,0.8333333333333334,2,2,0.17838324122863386,8158.416748046875,233.612060546875,2974.21875,2330.46875,8,data/整理的数据-常用_副本/库淑兰-data-处理后/Pattern_symbols/StringofCoins/1.jpg,Pattern_symbols
19,6,6,3,3,2,0.6842105263157895,6,3,0.01623939769370056,6676.483154296875,242.00439453125,4360.9375,4113.671875,5,data/整理的数据-常用_副本/库淑兰-data-处理后/Pattern_symbols/StringofCoins/2.jpg,Pattern_symbols
9,2,4,5,0,0,0.5555555555555556,3,2,0.7648114901256733,7095.3369140625,335.540771484375,1596.09375,1135.546875,5,data/整理的数据-常用_副本/库淑兰-data-处理后/Pattern_symbols/StringofCoins/3.jpg,Pattern_symbols
10,1,10,0,0,0,0.0,1,1,1.0,170.59326171875,124.20654296875,539.0625,539.0625,0,data/整理的数据-常用_副本/库淑兰-data-处理后/Pattern_symbols/StringofCoins/4.jpg,Pattern_symbols
15,5,4,1,1,9,0.7333333333333333,4,3,0.035402290412567906,8089.90478515625,219.573974609375,3745.703125,3233.203125,8,data/整理的数据-常用_副本/库淑兰-data-处理后/Pattern_symbols/StringofCoins/5.jpg,Pattern_symbols
2,2,1,1,0,0,0.5,2,1,0.8947492514087662,6471.710205078125,3576.4312744140625,1102.734375,982.8125,1,data/整理的数据-常用_副本/库淑兰-data-处理后/Pattern_symbols/Sun/1.jpg,Pattern_symbols
2,2,1,1,0,0,0.5,2,1,0.7404097785153507,4781.18896484375,3011.16943359375,942.578125,782.8125,1,data/整理的数据-常用_副本/库淑兰-data-处理后/Pattern_symbols/Sun/2.jpg,Pattern_symbols
8,4,1,1,1,5,0.875,2,1,0.690170062036439,7797.088623046875,61.34033203125,4688.671875,3793.75,7,data/整理的数据-常用_副本/库淑兰-data-处理后/Pattern_symbols/Sun/3.jpg,Pattern_symbols
3,3,1,1,1,0,0.6666666666666666,3,1,0.42282294165656764,6169.586181640625,3560.943603515625,2007.421875,1361.328125,2,data/整理的数据-常用_副本/库淑兰-data-处理后/Pattern_symbols/Sun/4.jpg,Pattern_symbols
5,5,1,1,1,2,0.8,4,1,0.185629222489408,13325.50048828125,3937.835693359375,5698.828125,3437.109375,4,data/整理的数据-常用_副本/库淑兰-data-处理后/Pattern_symbols/Sun/5.jpg,Pattern_symbols
16,2,1,15,0,0,0.9375,2,1,0.8476222018155268,10135.955810546875,62.408447265625,5165.234375,3900.78125,15,data/整理的数据-常用_副本/库淑兰-data-处理后/Pattern_symbols/Sun/6.jpg,Pattern_symbols
16,2,7,9,0,0,0.5625,4,3,0.9106476645276824,2117.767333984375,45.7000732421875,3000.0,2841.796875,4,data/整理的数据-常用_副本/库淑兰-data-处理后/Pattern_symbols/Tree/1.jpg,Pattern_symbols
1,1,1,0,0,0,0.0,1,1,1.0,7685.089111328125,7685.089111328125,1942.1875,1942.1875,3,data/整理的数据-常用_副本/库淑兰-data-处理后/Pattern_symbols/Tree/2.jpg,Pattern_symbols
4,2,2,2,0,0,0.5,2,1,0.8950882310647301,5672.91259765625,1075.6683349609375,2337.109375,2077.34375,1,data/整理的数据-常用_副本/库淑兰-data-处理后/Pattern_symbols/Tree/3.jpg,Pattern_symbols
7,2,3,4,0,0,0.5714285714285714,2,2,0.9734885116883983,9023.13232421875,64.849853515625,2591.015625,2482.8125,6,data/整理的数据-常用_副本/库淑兰-data-处理后/Pattern_symbols/Tree/4.jpg,Pattern_symbols
14,2,8,6,0,0,0.42857142857142855,3,2,0.8387205149061074,5277.252197265625,407.7911376953125,3626.953125,3214.453125,15,data/整理的数据-常用_副本/库淑兰-data-处理后/Pattern_symbols/Tree/5.jpg,Pattern_symbols
64,2,50,14,0,0,0.21875,3,2,0.9524963970103565,8574.8291015625,57.830810546875,7745.703125,7438.671875,11,data/整理的数据-常用_副本/库淑兰-data-处理后/Pattern_symbols/Tree/6.jpg,Pattern_symbols
73,3,24,17,32,0,0.6712328767123288,8,7,0.3517528565870809,2867.279052734375,54.01611328125,6675.0,5389.0625,5,data/整理的数据-常用_副本/库淑兰-data-处理后/Pattern_symbols/Tree/7.jpg,Pattern_symbols
4,1,4,0,0,0,0.0,1,1,1.0,1261.138916015625,1167.0684814453125,1767.1875,1767.1875,0,data/整理的数据-常用_副本/库淑兰-data-处理后/Pattern_symbols/Water/1.jpg,Pattern_symbols
3,1,3,0,0,0,0.0,1,1,1.0,2155.303955078125,2043.304443359375,1495.703125,1495.703125,0,data/整理的数据-常用_副本/库淑兰-data-处理后/Pattern_symbols/Water/2.jpg,Pattern_symbols
3,1,3,0,0,0,0.0,1,1,1.0,2154.23583984375,2105.1025390625,1332.421875,1332.421875,0,data/整理的数据-常用_副本/库淑兰-data-处理后/Pattern_symbols/Water/3.jpg,Pattern_symbols
4,1,4,0,0,0,0.0,1,1,1.0,1201.7822265625,1097.1832275390625,1975.78125,1975.78125,0,data/整理的数据-常用_副本/库淑兰-data-处理后/Pattern_symbols/Water/4.jpg,Pattern_symbols
12,2,11,1,0,0,0.08333333333333333,5,5,0.9839708889690846,2126.15966796875,94.451904296875,2603.90625,2596.875,0,data/整理的数据-常用_副本/库淑兰-data-处理后/Pattern_symbols/Wind/1.jpg,Pattern_symbols
12,3,2,1,9,0,0.8333333333333334,6,2,0.013517420847188088,10483.245849609375,465.545654296875,5228.515625,3647.65625,3,data/整理的数据-常用_副本/库淑兰-data-处理后/Pattern_symbols/Wind/2.jpg,Pattern_symbols
13,2,3,10,0,0,0.7692307692307693,3,2,0.7692132326865596,5944.061279296875,113.525390625,2596.484375,1782.421875,8,data/整理的数据-常用_副本/库淑兰-data-处理后/Pattern_symbols/Wind/3.jpg,Pattern_symbols
11,2,6,5,0,0,0.45454545454545453,4,3,0.6304095106490316,5998.687744140625,374.45068359375,3012.890625,2330.859375,4,data/整理的数据-常用_副本/库淑兰-data-处理后/Pattern_symbols/Wind/4.jpg,Pattern_symbols
35,4,4,22,3,6,0.8857142857142857,6,4,0.5514875439458663,7915.0390625,63.629150390625,5200.78125,3437.109375,13,data/整理的数据-常用_副本/库淑兰-data-处理后/Pattern_symbols/Wind/5.jpg,Pattern_symbols
8,1,8,0,0,0,0.0,3,3,1.0,1913.909912109375,119.171142578125,1832.421875,1832.421875,1,data/整理的数据-常用_副本/库淑兰-data-处理后/Pattern_symbols/Wind/6.jpg,Pattern_symbols
13,3,4,8,1,0,0.6923076923076923,3,2,0.8890216910137229,6384.58251953125,97.503662109375,2088.28125,1558.984375,7,data/整理的数据-常用_副本/库淑兰-data-处理后/Pattern_symbols/Bird/3.jpg,Pattern_symbols
13,3,4,8,1,0,0.6923076923076923,3,2,0.8890216910137229,6384.58251953125,97.503662109375,2088.28125,1558.984375,7,data/整理的数据-常用_副本/库淑兰-data-处理后/Representative elements/animals/12.jpg,animals
68,4,11,33,18,6,0.8382352941176471,7,4,0.6172350630512351,7694.7021484375,97.35107421875,7716.015625,5794.53125,15,data/整理的数据-常用_副本/库淑兰-data-处理后/Representative elements/animals/18.jpg,animals
201,7,16,104,48,28,0.9203980099502488,7,4,0.5164494378040244,14360.3515625,13.427734375,13458.984375,9398.828125,94,data/整理的数据-常用_副本/库淑兰-data-处理后/Representative elements/animals/38.jpg,animals
199,4,132,57,8,2,0.33668341708542715,12,11,0.8489892645043399,2404.47998046875,18.61572265625,10823.046875,9510.9375,34,data/整理的数据-常用_副本/库淑兰-data-处理后/Representative elements/daily/25.jpg,daily
33,3,16,15,2,0,0.5151515151515151,6,6,0.7439317151240331,4117.584228515625,52.79541015625,3850.0,3411.328125,9,data/整理的数据-常用_副本/库淑兰-data-处理后/Representative elements/daily/3.jpg,daily
25,4,8,13,2,2,0.68,5,3,0.5517817267456043,15053.558349609375,223.9990234375,6025.390625,4332.03125,2,data/整理的数据-常用_副本/库淑兰-data-处理后/Representative elements/daily/6.jpg,daily
145,7,49,60,7,8,0.6620689655172414,12,10,0.4557641691524829,7295.379638671875,28.6865234375,11753.515625,12452.734375,30,data/整理的数据-常用_副本/库淑兰-data-处理后/Representative elements/frame/12.jpg,frame
18,2,11,7,0,0,0.3888888888888889,5,4,0.9639791441470084,3186.34033203125,19.1497802734375,4095.3125,4089.0625,6,data/整理的数据-常用_副本/库淑兰-data-处理后/Representative elements/frame/2.jpg,frame
79,7,10,9,33,14,0.8734177215189873,9,3,0.2967119822952893,5021.209716796875,43.02978515625,8312.5,9562.109375,17,data/整理的数据-常用_副本/库淑兰-data-处理后/Representative elements/frame/9.jpg,frame
111,6,48,48,6,7,0.5675675675675675,6,5,0.59200633161852,3029.1748046875,24.10888671875,9275.390625,7982.421875,34,data/整理的数据-常用_副本/库淑兰-data-处理后/Representative elements/person/16.jpg,person
190,5,94,69,22,5,0.5052631578947369,6,6,0.5873105120996638,3278.656005859375,25.2532958984375,12257.421875,10939.453125,37,data/整理的数据-常用_副本/库淑兰-data-处理后/Representative elements/person/23.jpg,person
166,8,53,57,17,20,0.6807228915662651,10,9,0.4842894205823004,4352.4169921875,20.8282470703125,10846.484375,9449.609375,45,data/整理的数据-常用_副本/库淑兰-data-处理后/Representative elements/person/26.jpg,person
120,6,59,24,17,14,0.5083333333333333,6,6,0.5469515514425695,2831.72607421875,33.3404541015625,7398.828125,7611.328125,29,data/整理的数据-常用_副本/库淑兰-data-处理后/Representative elements/person/3.jpg,person
55,3,20,26,9,0,0.6363636363636364,5,4,0.6336747611923121,3271.484375,54.473876953125,5325.78125,4548.046875,21,data/整理的数据-常用_副本/库淑兰-data-处理后/Representative elements/person/5.jpg,person
24,4,2,5,15,2,0.9166666666666666,5,2,0.43691206740665217,12538.909912109375,151.7486572265625,5616.015625,3785.9375,17,data/整理的数据-常用_副本/库淑兰-data-处理后/Representative elements/plants/17.jpg,plants
49,2,20,29,0,0,0.5918367346938775,3,3,0.8731817194963092,4638.0615234375,78.7353515625,7134.765625,6308.984375,12,data/整理的数据-常用_副本/库淑兰-data-处理后/Representative elements/plants/29.jpg,plants
95,7,3,14,38,36,0.968421052631579,7,3,0.20118865030674846,12569.580078125,38.299560546875,9777.34375,7049.609375,47,data/整理的数据-常用_副本/库淑兰-data-处理后/Representative elements/plants/8.jpg,plants
1,1,1,0,0,0,0.0,1,1,1.0,13302.6123046875,13302.6123046875,5595.703125,5595.703125,44,data/整理的数据-常用_副本/库淑兰-data-处理后/Representative elements/window decoration/1.jpg,window decoration
1,1,1,0,0,0,0.0,1,1,1.0,15398.712158203125,15398.712158203125,6390.625,6390.625,69,data/整理的数据-常用_副本/库淑兰-data-处理后/Representative elements/window decoration/11.jpg,window decoration
3,1,3,0,0,0,0.0,2,2,1.0,16373.443603515625,10.68115234375,6934.765625,6934.765625,88,data/整理的数据-常用_副本/库淑兰-data-处理后/Representative elements/window decoration/15.jpg,window decoration
1,1,1,0,0,0,0.0,1,1,1.0,16115.875244140625,16115.875244140625,6750.78125,6750.78125,107,data/整理的数据-常用_副本/库淑兰-data-处理后/Representative elements/window decoration/19.jpg,window decoration
1,1,1,0,0,0,0.0,1,1,1.0,11825.103759765625,11825.103759765625,5485.15625,5485.15625,55,data/整理的数据-常用_副本/库淑兰-data-处理后/Representative elements/window decoration/3.jpg,window decoration
1,1,1,0,0,0,0.0,1,1,1.0,13028.86962890625,13028.86962890625,5743.75,5743.75,37,data/整理的数据-常用_副本/库淑兰-data-处理后/Representative elements/window decoration/4.jpg,window decoration
1,1,1,0,0,0,0.0,1,1,1.0,14425.96435546875,14425.96435546875,6091.015625,6091.015625,42,data/整理的数据-常用_副本/库淑兰-data-处理后/Representative elements/window decoration/5.jpg,window decoration
