pieces,layers,base_pieces,depth2,depth3,depth4plus,decoration_share,colours,base_colours,base_area_share,largest_piece_mm2,median_piece_mm2,cut_length_flat_mm,cut_length_layered_mm,holes_flat,file,content
197,4,118,55,23,1,0.4010152284263959,9,9,0.68033755703265,2677.459716796875,27.618408203125,11144.140625,11539.84375,10,ind_人物-16_s_seed0.png,ind_人物-16
160,5,93,55,7,5,0.41875,10,9,0.740232204667084,3827.20947265625,27.77099609375,10469.140625,10614.0625,19,ind_人物-16_s_seed1.png,ind_人物-16
286,9,141,67,31,36,0.506993006993007,9,8,0.5774889518659674,1151.580810546875,27.2369384765625,14507.8125,16593.359375,12,ind_人物-26_s_seed0.png,ind_人物-26
185,5,97,70,15,3,0.4756756756756757,10,7,0.7055473769500268,6875.152587890625,25.0244140625,12375.390625,11359.375,24,ind_人物-26_s_seed1.png,ind_人物-26
206,9,97,56,29,18,0.529126213592233,11,9,0.638500573830561,1789.703369140625,25.2532958984375,11035.9375,11299.21875,18,ind_人物-3_s_seed0.png,ind_人物-3
132,4,77,52,2,1,0.4166666666666667,8,8,0.8692393114936147,8574.066162109375,18.9971923828125,9402.734375,7998.4375,43,ind_人物-3_s_seed1.png,ind_人物-3
137,9,79,30,20,4,0.4233576642335766,8,8,0.7184216047145882,1848.907470703125,24.871826171875,7646.484375,7696.875,8,ind_人物-4_s_seed0.png,ind_人物-4
89,4,55,28,3,3,0.38202247191011235,10,5,0.8625408621144748,3072.81494140625,29.449462890625,6052.734375,5735.9375,14,ind_人物-4_s_seed1.png,ind_人物-4
165,6,81,45,24,14,0.509090909090909,8,7,0.7031745444226475,4136.04736328125,30.975341796875,11096.875,11064.0625,5,ind_人物-5_s_seed0.png,ind_人物-5
118,3,56,55,7,0,0.5254237288135594,6,5,0.779657958836493,8805.5419921875,24.566650390625,9225.390625,7289.84375,33,ind_人物-5_s_seed1.png,ind_人物-5
233,8,111,40,23,41,0.5236051502145923,12,9,0.37463400170490346,5395.050048828125,33.721923828125,12785.9375,15050.78125,9,ind_动物-18_s_seed0.png,ind_动物-18
154,12,10,20,29,49,0.935064935064935,13,4,0.2056181776545126,16857.452392578125,41.8853759765625,13029.6875,14941.40625,30,ind_动物-18_s_seed1.png,ind_动物-18
249,4,164,63,18,4,0.3413654618473896,12,12,0.7760071084325713,2302.398681640625,21.209716796875,13698.828125,12694.53125,30,ind_动物-38_s_seed0.png,ind_动物-38
262,8,57,38,23,106,0.7824427480916031,12,9,0.2150386610193049,10815.277099609375,25.0244140625,17497.65625,18012.5,52,ind_动物-38_s_seed1.png,ind_动物-38
64,5,46,13,3,2,0.28125,6,4,0.8179604195006362,2253.72314453125,44.097900390625,4805.46875,4494.140625,6,ind_动物-鸟-3_s_seed0.png,ind_动物-鸟-3
111,3,69,37,5,0,0.3783783783783784,9,9,0.8126837125025166,1345.52001953125,25.0244140625,6446.09375,6273.4375,5,ind_动物-鸟-3_s_seed1.png,ind_动物-鸟-3
403,18,73,67,67,82,0.8188585607940446,14,8,0.23412299215601187,9644.012451171875,23.956298828125,23767.96875,34589.84375,45,ind_日常-25_s_seed0.png,ind_日常-25
310,10,59,69,68,70,0.8096774193548387,13,9,0.25036497796920315,4338.836669921875,31.1279296875,19757.8125,23669.53125,34,ind_日常-25_s_seed1.png,ind_日常-25
134,10,38,26,17,40,0.7164179104477612,11,5,0.28110255175734233,2867.584228515625,50.201416015625,9532.8125,10828.515625,8,ind_日常-3_s_seed0.png,ind_日常-3
161,9,37,24,24,27,0.7701863354037267,11,7,0.1426030825978132,3886.1083984375,51.116943359375,10316.796875,16630.859375,6,ind_日常-3_s_seed1.png,ind_日常-3
156,10,67,47,15,20,0.5705128205128205,11,9,0.5842592915113728,4867.24853515625,61.492919921875,12897.65625,13283.203125,22,ind_日常-6_s_seed0.png,ind_日常-6
159,15,19,20,35,43,0.8805031446540881,10,5,0.17948213442468125,10163.26904296875,59.2041015625,15150.0,18843.359375,11,ind_日常-6_s_seed1.png,ind_日常-6
234,8,75,47,41,57,0.6794871794871795,11,10,0.45284145486642957,4525.909423828125,37.689208984375,13856.640625,15611.71875,13,ind_植物-17_s_seed0.png,ind_植物-17
143,4,67,55,18,3,0.5314685314685315,9,7,0.6829216476144563,7121.124267578125,39.520263671875,11997.65625,10462.109375,11,ind_植物-17_s_seed1.png,ind_植物-17
367,17,66,79,70,67,0.8201634877384196,12,6,0.23373205875287031,8023.0712890625,59.814453125,23234.375,33841.796875,9,ind_植物-29_s_seed0.png,ind_植物-29
353,18,95,94,39,36,0.7308781869688386,10,7,0.3237553923283199,10723.419189453125,44.86083984375,19980.078125,28573.828125,16,ind_植物-29_s_seed1.png,ind_植物-29
231,8,55,21,35,71,0.7619047619047619,12,6,0.12695506953142563,10108.94775390625,31.73828125,15299.609375,16314.453125,28,ind_植物-8_s_seed0.png,ind_植物-8
206,6,94,62,39,10,0.5436893203883495,12,10,0.584032826016196,6518.096923828125,32.8826904296875,13329.296875,11158.59375,35,ind_植物-8_s_seed1.png,ind_植物-8
133,3,114,17,2,0,0.14285714285714285,8,8,0.9644182348263981,1331.787109375,40.8935546875,10322.265625,10240.625,14,ind_窗花-3_s_seed0.png,ind_窗花-3
313,10,86,65,37,74,0.7252396166134185,15,10,0.2757927996023234,5336.9140625,35.09521484375,18137.890625,21974.21875,18,ind_窗花-3_s_seed1.png,ind_窗花-3
203,4,120,65,13,5,0.4088669950738916,11,9,0.7850962451950482,1774.59716796875,40.283203125,15123.828125,15730.859375,12,ind_窗花-4_s_seed0.png,ind_窗花-4
355,16,84,49,43,112,0.7633802816901408,13,11,0.20319428274170775,7521.209716796875,44.097900390625,20726.953125,28207.03125,20,ind_窗花-4_s_seed1.png,ind_窗花-4
196,7,34,36,41,68,0.826530612244898,13,8,0.3642170909694603,8938.5986328125,55.6182861328125,16117.1875,18039.84375,8,ind_边框-12_s_seed0.png,ind_边框-12
290,12,38,81,51,62,0.8689655172413793,13,7,0.3199133794254552,7593.07861328125,39.5965576171875,18724.21875,23114.84375,18,ind_边框-12_s_seed1.png,ind_边框-12
105,10,29,12,16,29,0.7238095238095238,12,8,0.24810302359028616,3872.98583984375,49.591064453125,7807.421875,10436.328125,6,ind_边框-2_s_seed0.png,ind_边框-2
173,11,19,27,21,38,0.8901734104046243,11,3,0.08746158574062692,5593.26171875,40.283203125,10264.84375,13987.109375,5,ind_边框-2_s_seed1.png,ind_边框-2
122,6,28,18,34,37,0.7704918032786885,10,6,0.2841907931862309,8076.629638671875,51.6510009765625,13659.375,12823.046875,6,ind_边框-9_s_seed0.png,ind_边框-9
151,7,26,15,19,87,0.8278145695364238,7,2,0.135491817701918,11813.3544921875,39.215087890625,14158.59375,12987.5,13,ind_边框-9_s_seed1.png,ind_边框-9
127,12,69,14,10,22,0.4566929133858268,11,10,0.4010207849757333,3267.822265625,45.013427734375,8953.515625,10376.171875,4,ood_bicycle_s_seed0.png,ood_bicycle
132,13,38,18,14,23,0.7121212121212122,13,6,0.18055120394545981,6857.91015625,44.1741943359375,10544.140625,11397.65625,11,ood_bicycle_s_seed1.png,ood_bicycle
226,11,54,28,35,56,0.7610619469026548,10,7,0.17111609646662929,3181.15234375,39.825439453125,15944.140625,21098.046875,7,ood_carp_fish_s_seed0.png,ood_carp_fish
195,9,59,56,20,41,0.6974358974358974,11,8,0.4466038040625126,3076.47705078125,40.8935546875,13774.21875,15820.3125,13,ood_carp_fish_s_seed1.png,ood_carp_fish
105,5,64,23,14,4,0.3904761904761905,7,5,0.6540017193511564,1369.476318359375,52.337646484375,8603.125,8784.375,3,ood_cat_s_seed0.png,ood_cat
158,5,62,46,25,25,0.6075949367088608,10,7,0.4788504603135108,4498.291015625,35.09521484375,11187.109375,10762.5,3,ood_cat_s_seed1.png,ood_cat
152,11,82,43,15,6,0.4605263157894737,12,9,0.6644576212068364,3455.2001953125,51.6510009765625,11016.015625,10954.6875,3,ood_crane_bird_s_seed0.png,ood_crane_bird
251,19,55,23,23,31,0.7808764940239044,12,7,0.2216127161777835,6667.17529296875,35.858154296875,14746.484375,27069.53125,6,ood_crane_bird_s_seed1.png,ood_crane_bird
268,6,143,77,32,15,0.4664179104477612,14,10,0.5982964224872231,3184.2041015625,34.7900390625,15057.421875,16198.828125,9,ood_deer_s_seed0.png,ood_deer
215,13,64,39,26,30,0.7023255813953488,10,7,0.36127663586649067,3878.326416015625,42.41943359375,15230.46875,21308.984375,5,ood_deer_s_seed1.png,ood_deer
191,8,95,59,14,13,0.5026178010471204,8,8,0.645866286721646,1437.835693359375,34.637451171875,11725.0,13022.65625,13,ood_frog_s_seed0.png,ood_frog
183,13,50,31,24,36,0.726775956284153,13,8,0.22235536081552357,4366.607666015625,55.23681640625,13355.078125,19593.75,8,ood_frog_s_seed1.png,ood_frog
291,15,147,67,38,25,0.4948453608247423,12,7,0.5331410303137594,2124.93896484375,37.53662109375,13831.25,16644.921875,3,ood_potted_chrysanthemum_s_seed0.png,ood_potted_chrysanthemum
236,15,40,31,27,35,0.8305084745762712,13,9,0.22632042164469757,5367.584228515625,45.623779296875,13025.390625,22000.0,7,ood_potted_chrysanthemum_s_seed1.png,ood_potted_chrysanthemum
84,3,75,8,1,0,0.10714285714285714,5,5,0.9597784329491647,924.835205078125,40.9698486328125,5677.734375,5668.75,1,ood_rabbit_s_seed0.png,ood_rabbit
155,7,54,27,18,31,0.6516129032258065,11,8,0.24955386262661072,4524.078369140625,31.585693359375,9157.03125,10833.984375,3,ood_rabbit_s_seed1.png,ood_rabbit
192,5,115,49,19,9,0.4010416666666667,12,10,0.7102537156583095,1525.115966796875,37.53662109375,10962.109375,11351.953125,1,ood_rooster_s_seed0.png,ood_rooster
189,10,52,46,32,35,0.7248677248677249,9,7,0.2506542776571788,4651.4892578125,42.1142578125,14519.53125,18552.34375,1,ood_rooster_s_seed1.png,ood_rooster
69,3,58,10,1,0,0.15942028985507245,7,6,0.9037712700698779,1378.631591796875,44.86083984375,5371.875,5337.5,1,ood_teapot_s_seed0.png,ood_teapot
101,5,51,23,14,13,0.49504950495049505,12,9,0.5536719139539853,3407.28759765625,27.008056640625,8031.25,8172.65625,9,ood_teapot_s_seed1.png,ood_teapot
204,5,83,77,24,20,0.5931372549019608,10,6,0.6716000582201488,6022.64404296875,35.6292724609375,15051.953125,15099.21875,21,ood_tiger_s_seed0.png,ood_tiger
237,13,65,26,10,43,0.7257383966244726,13,10,0.14981379373873221,15124.053955078125,43.9453125,19933.203125,26626.5625,20,ood_tiger_s_seed1.png,ood_tiger
261,7,119,74,37,27,0.5440613026819924,12,10,0.5706921559147513,3154.9072265625,36.0107421875,18208.59375,20903.90625,7,ood_woman_beating_a_drum_s_seed0.png,ood_woman_beating_a_drum
208,11,78,40,26,43,0.625,10,9,0.3578127041288703,8576.35498046875,38.75732421875,17747.265625,19564.84375,15,ood_woman_beating_a_drum_s_seed1.png,ood_woman_beating_a_drum
70,5,25,36,4,5,0.6428571428571429,10,7,0.7163474216671062,3343.20068359375,24.4140625,5253.90625,4447.65625,14,repo_bird_s_seed0.png,repo_bird
91,4,28,55,5,3,0.6923076923076923,10,7,0.701937207748831,5583.49609375,18.9208984375,6064.453125,4867.1875,34,repo_bird_s_seed1.png,repo_bird
108,6,46,22,29,10,0.5740740740740741,12,7,0.4750240226957278,2094.7265625,44.0216064453125,7505.078125,8110.9375,9,repo_fish_s_seed0.png,repo_fish
128,4,86,32,8,2,0.328125,11,9,0.7273546259625028,993.65234375,35.09521484375,7920.703125,8067.1875,9,repo_fish_s_seed1.png,repo_fish
259,15,77,53,35,51,0.7027027027027027,12,7,0.30721207603428996,2523.345947265625,34.027099609375,13660.546875,17161.71875,14,repo_motif_s_seed0.png,repo_motif
244,11,53,54,64,51,0.7827868852459017,11,6,0.29490550626042006,5348.5107421875,33.111572265625,14014.84375,16574.609375,10,repo_motif_s_seed1.png,repo_motif
