pieces,layers,base_pieces,depth2,depth3,depth4plus,decoration_share,colours,base_colours,base_area_share,largest_piece_mm2,median_piece_mm2,cut_length_flat_mm,cut_length_layered_mm,holes_flat,method,n
69.0,4.0,16.0,26.0,8.0,2.0,0.6126760563380281,6.0,4.0,0.6165076810688914,5095.52001953125,50.6591796875,7410.9375,6304.296875,21.0,ksl_original,19
170.0,6.0,60.0,44.0,20.5,17.5,0.5652061187451387,12.0,9.0,0.5487615273237445,4330.6732177734375,36.773681640625,11752.9296875,11705.2734375,11.0,cutcraft,68
187.0,8.0,65.5,41.5,23.0,26.0,0.6162974683544304,11.0,8.0,0.46393273878107866,4352.72216796875,37.6129150390625,12961.5234375,13152.9296875,10.5,cutline,68
93.5,6.0,19.5,27.0,13.5,9.5,0.7437689969604864,8.0,5.0,0.4958785225171406,5060.3485107421875,37.72735595703125,8412.6953125,7280.6640625,17.0,qwen_q1,68
108.5,7.0,29.0,26.0,15.0,16.0,0.7160321015304218,11.0,7.0,0.4443957584428984,4507.75146484375,49.0570068359375,8649.609375,9592.3828125,12.0,qwen_q0,68
103.0,6.0,25.0,31.5,17.5,16.0,0.7389106327462491,10.0,6.0,0.4303870356765389,4166.3360595703125,42.68646240234375,8596.2890625,7862.3046875,14.5,qwen_q1_canny,68
121.0,7.0,37.0,33.5,19.0,12.5,0.6957113682777399,10.0,6.0,0.43559944205779755,6370.6207275390625,38.8336181640625,9734.5703125,9781.4453125,10.0,cl_canny,68
152.0,5.0,56.0,43.0,19.0,9.0,0.5279319041614123,8.0,7.0,0.6028927287512831,3563.995361328125,40.130615234375,9089.0625,9855.078125,7.0,blora,68
146.5,6.0,45.0,43.5,26.5,14.5,0.671201588877855,12.0,8.0,0.5486024540219068,4864.5782470703125,33.6456298828125,10356.640625,10201.5625,10.0,instantstyle,68
