file,content,raw_line_recall_t2,raw_edge_prec_t2,raw_edge_f1_t2,raw_line_recall_t3,raw_edge_prec_t3,raw_edge_f1_t3,raw_line_recall_t5,raw_edge_prec_t5,raw_edge_f1_t5,raw_contour_f,raw_sil_iou,raw_decoration_density,raw_palette_conformance,proj_line_recall_t2,proj_edge_prec_t2,proj_edge_f1_t2,proj_line_recall_t3,proj_edge_prec_t3,proj_edge_f1_t3,proj_line_recall_t5,proj_edge_prec_t5,proj_edge_f1_t5,proj_contour_f,proj_sil_iou,proj_decoration_density,proj_purity,proj_colours_used,proj_pieces_below_alpha,proj_cut_residual_fg,proj_cut_residual_all,proj_idempotence_changed,style,seed,set
ind_人物-16_s_seed0.png,ind_人物-16,0.9296727871939736,0.4333635157615448,0.5911599958014658,0.9785193032015066,0.4731622059845438,0.6378786933242458,0.994526836158192,0.49607277474783634,0.6619586957684827,0.0,0.3048896789550781,13.36252736940882,0.26879067348310903,0.6930320150659134,0.7544613151049543,0.7224431845012294,0.8190324858757062,0.8200350855967576,0.8195334790965857,0.9430908662900188,0.8680660577097574,0.9040245596770362,0.25984752724925714,0.8332318730296772,10.609946825148576,0.99015,9,0,33.245174407958984,20.57284164428711,0.007251739501953125,,0,indomain
ind_人物-16_s_seed1.png,ind_人物-16,0.8968926553672316,0.4114930842388426,0.5641533896560883,0.9675729755178908,0.4558471542648959,0.6197262188511479,0.997587099811676,0.47768528520895553,0.6460267041298289,0.013515985251788171,0.40766457880608464,13.337503909915545,0.27845084409136045,0.6518950094161958,0.744419993712669,0.6950919781331582,0.7777777777777778,0.8192392329456146,0.7979702981124647,0.8974811676082862,0.863816409933983,0.8803270612210261,0.22449749707112146,0.8585240125282756,9.759149202377229,0.9988,7,1,33.185943603515625,19.214200973510742,0.006824493408203125,,1,indomain
ind_人物-26_s_seed0.png,ind_人物-26,0.9353791678961345,0.517970797454137,0.6667342416736892,0.9837218451854037,0.5679728774075461,0.7201510952424411,0.997934493951018,0.5885852156911685,0.740450289773316,0.0,0.35468292236328125,10.260491729226269,0.25931931685060733,0.6881085866037179,0.7846015260703688,0.7331939157681067,0.8177928592505164,0.8544934294192454,0.8357404226657995,0.9419691157666962,0.8883001271725307,0.9143477535408011,0.042612193056731584,0.8600283126231738,7.195250489363075,0.9903,8,0,25.305330276489258,16.406719207763672,0.007061004638671875,,0,indomain
ind_人物-26_s_seed1.png,ind_人物-26,0.9434936559457067,0.4825984282451318,0.6385682389885834,0.9884430018687912,0.5261701056869653,0.6867617296646132,0.9977869578046621,0.5463783825635864,0.7061021380240825,0.03024995321041117,0.491108490690751,10.959581836563489,0.2709474115577286,0.6688305301465526,0.7887506061095846,0.7238574552257168,0.7835644732959575,0.8493076881633532,0.8151125936854406,0.8994787056162094,0.883411454124239,0.8913726815317466,0.19818862306780244,0.8713803316417966,6.786551657381316,0.99655,7,0,29.02146339416504,16.881317138671875,0.007137298583984375,,1,indomain
ind_人物-3_s_seed0.png,ind_人物-3,0.9277658091496642,0.27465282648337774,0.42383491780038923,0.9778228361424408,0.3394819282741853,0.5039884328835255,0.9963249271321759,0.40758404638331697,0.57850779925742,0.0,0.23740005493164062,48.623720534121766,0.3012004948115294,0.7176530224306171,0.5352708607893459,0.6131876903444309,0.8049676847040933,0.6443088021086217,0.7157333599035587,0.9026739323279686,0.7721439966705972,0.8323224223123046,0.2989887661026667,0.7082167328842057,32.04087863352241,0.97195,9,0,26.252883911132812,16.30670738220215,0.005260467529296875,,0,indomain
ind_人物-3_s_seed1.png,ind_人物-3,0.943353187175263,0.2462655165158847,0.3905711286747499,0.9874540615891522,0.3107931832526825,0.47278204107334254,0.9997465466987707,0.37992846623185356,0.5506110765912025,0.020991290181089042,0.3029059011319981,55.1636591518969,0.2917861019118916,0.7046001774173108,0.5261199269765482,0.6024183607092917,0.7973640856672158,0.6469596966718157,0.7143307246036489,0.8906349005195793,0.780157281280719,0.8317435407848094,0.3255823799212749,0.7088839553159249,26.609676538171065,0.9953,6,0,28.33776092529297,16.59600830078125,0.006336212158203125,,1,indomain
ind_人物-4_s_seed0.png,ind_人物-4,0.9194727814390178,0.32158142394362865,0.47650677150141296,0.9780626523426921,0.3618027476295193,0.5282109008542805,0.9965694682675815,0.38322574543046983,0.5535764634615796,0.0,0.20020294189453125,13.73804351968294,0.1290271685967625,0.6465649544100388,0.7106071557643657,0.6770750442420924,0.7742168457163492,0.7949042284062161,0.784424165238351,0.9001534711564503,0.8534513913986267,0.8761805453840059,0.16281139855422458,0.82172365475366,9.069776304256697,1.0,6,2,33.332157135009766,20.602937698364258,0.00446319580078125,,0,indomain
ind_人物-4_s_seed1.png,ind_人物-4,0.9076464746772592,0.28072881094538327,0.4288249994384788,0.977250157985014,0.3142171010597281,0.4755346440285935,0.9980139026812314,0.33019013417347814,0.49621042443700947,0.0,0.2475332515800396,10.708433367630807,0.2150799036532711,0.5885167464114832,0.7381666309702292,0.6549014352248619,0.7084950798952785,0.8249089740843863,0.7622830368596379,0.842376094610454,0.8713857357035768,0.8566353853344154,0.4005010564946977,0.8635448136958711,5.735299721809382,0.998,8,1,43.256343841552734,22.768171310424805,0.004589080810546875,,1,indomain
ind_人物-5_s_seed0.png,ind_人物-5,0.9856566562079785,0.2639698320191978,0.4164182248360345,0.9974600328701628,0.3342964885645722,0.5007632868398,0.9994023606753324,0.37523874822469266,0.5456180356670661,0.0,0.2988395690917969,47.600811856163595,0.29432716164902895,0.8142835798595548,0.5616122555216777,0.6647474702072618,0.8543254146122815,0.6379118018888972,0.7304257776288603,0.8939190198715076,0.7142857142857143,0.7940700236243463,0.25553591731850817,0.8231218166383701,34.2358212384636,1.0,8,1,21.855134963989258,14.349205017089844,0.0054473876953125,,0,indomain
ind_人物-5_s_seed1.png,ind_人物-5,0.9711639025847901,0.2280580818749861,0.3693757780958058,0.9938741969221575,0.2679949300660426,0.42215668836327513,0.9992529508441655,0.3080651975717685,0.47094130544884055,0.005627430967421587,0.3852571512900608,53.166366688367226,0.3566697098454843,0.7534737785746302,0.4908515925005647,0.5944487072560467,0.8151800388465561,0.5420525562834124,0.6511344119991072,0.8846556103391603,0.6318801295083202,0.7372016193796915,0.2030407062285434,0.8057537423351335,39.533310356272096,1.0,6,1,29.25615882873535,16.82418441772461,0.004482269287109375,,1,indomain
ind_动物-18_s_seed0.png,ind_动物-18,0.9418168622232974,0.35956284153005463,0.5204358823258719,0.9721785411878553,0.3972417382253448,0.5640195334807324,0.9902020079835491,0.44631798074421025,0.6152994238854754,0.0,0.37107086181640625,38.89014536258404,0.3756583513656963,0.8556913027700496,0.5919776230435041,0.6998148463926515,0.9097617031571308,0.6539308456823186,0.760918430360842,0.9566952945445748,0.7383205379991669,0.8334409284064239,0.181301489731702,0.8192962738825971,27.900569525258547,0.97515,11,0,17.764202117919922,14.022810935974121,0.005001068115234375,,0,indomain
ind_动物-18_s_seed1.png,ind_动物-18,0.9456876738841176,0.6206419479800774,0.7494379623640619,0.9762912785774767,0.695397528131341,0.812245124971061,0.9902020079835491,0.7821435159564656,0.8739606014403969,0.0,0.7820396350042208,41.98449739909945,0.4981572179724484,0.8797629127857748,0.5794924320018209,0.698734394547572,0.9332284988508528,0.6430522362581086,0.7614312092501154,0.9715737268658522,0.7274382610674861,0.8319657629135956,0.0,0.8100091597968191,34.963093940826944,0.9909,13,0,10.047962188720703,7.249093532562256,0.006072998046875,,1,indomain
ind_动物-38_s_seed0.png,ind_动物-38,0.9489241307423125,0.4863272727272727,0.6430757474452262,0.9804928895837987,0.5250666666666667,0.683897400254669,0.9965006328642693,0.5699878787878788,0.7251802713037852,0.0018831652869865435,0.4782771701665343,18.408631153068104,0.3550413472181174,0.8643436825255008,0.7074936324232539,0.7780928036207044,0.9200357382175564,0.7532955002457661,0.828358146592705,0.9819075273620728,0.8233165020778408,0.8956458119410953,0.18334359993359547,0.7327040470269048,14.860080917060014,0.9669,10,1,14.262359619140625,10.163995742797852,0.007564544677734375,,0,indomain
ind_动物-38_s_seed1.png,ind_动物-38,0.9308316581043854,0.5482399885991164,0.6900533030488748,0.9728240637331547,0.609234715690466,0.749249268856165,0.9985853622217259,0.654952258800057,0.7910624231067032,0.03134910939493622,0.7200138411665432,18.307484828051248,0.39308774727960283,0.8285310103491922,0.7020144604610977,0.7600437377370416,0.8926364380909836,0.7631758446637261,0.8228451675504623,0.9615814161268706,0.8348415260788504,0.8937406420592107,0.1497086357137076,0.843128043051166,19.63081591368847,0.98375,11,0,12.010398864746094,7.676074028015137,0.008792877197265625,,1,indomain
ind_动物-鸟-3_s_seed0.png,ind_动物-鸟-3,0.9479981592268752,0.11604030673680207,0.20677071497218893,0.9769903359410953,0.13422903859560176,0.23602985425851467,0.9949378739070409,0.1657582863299322,0.2841729000807698,0.0,0.026279449462890625,0.8709536942952533,0.23275250154557736,0.8872526461113668,0.3527191223310133,0.5047711288062489,0.9328117809479981,0.4052141087648932,0.5649942910197997,0.9700874367234238,0.49876135425268375,0.6588045367994039,0.3244697762112921,0.1238434463717411,0.5806357961968356,1.0,6,2,40.35905456542969,27.173139572143555,0.002056121826171875,,0,indomain
ind_动物-鸟-3_s_seed1.png,ind_动物-鸟-3,0.9461573861021629,0.2077314462834084,0.3406682458662631,0.985734008283479,0.25171062635241825,0.4010195166669748,0.9972388403129314,0.31288379437394,0.4763216266830663,0.14788012867885972,0.06692897291773123,9.725649586296996,0.6609751558574486,0.8343304187758859,0.32189239332096475,0.46455512295800716,0.883571099861942,0.3811456400742115,0.5325607889478177,0.9314312011044639,0.4762291280148423,0.6302296932461197,0.2776387991701026,0.11284146970031662,8.854695892001741,0.9979,7,0,34.39747619628906,13.39266586303711,0.001766204833984375,,1,indomain
ind_日常-25_s_seed0.png,ind_日常-25,0.9692358584187892,0.5061117392324594,0.6649845050911946,0.9904068805822032,0.5749941335836337,0.7275811642412842,0.99801521667218,0.6488896473750453,0.7864470573362399,0.0,0.4242897033691406,28.213081591368848,0.4858313871186995,0.8383724776711876,0.6291991601679664,0.7188790587904001,0.8909030764141581,0.6880248950209958,0.7764299660440941,0.943962950711214,0.7731703659268147,0.8500728195661654,0.01836107391110261,0.7253968150414593,18.700831647561248,0.9607,15,3,10.833992958068848,9.27817153930664,0.0089263916015625,,0,indomain
ind_日常-25_s_seed1.png,ind_日常-25,0.9632815084353291,0.6083875771623471,0.7457657701772479,0.9887528944756864,0.6902457185405808,0.8129636877786235,0.998412173337744,0.7613912040929071,0.8639399794180674,0.004051115546155908,0.6630323334446087,22.49494268374916,0.5484938847275983,0.8749586503473371,0.6724307401070297,0.7604409031696256,0.9254383063182269,0.7388692708143726,0.8216965853764878,0.9747932517366854,0.8072736539371655,0.8831597822251306,0.0199603737717208,0.7300563955435047,14.583052371319397,0.9633,12,1,10.982291221618652,8.402732849121094,0.00749969482421875,,1,indomain
ind_日常-3_s_seed0.png,ind_日常-3,0.96878612716763,0.23795954855291093,0.3820720705338064,0.9843930635838151,0.2675438596491228,0.42073736265071465,0.9967244701348748,0.3099787685774947,0.4728899641634288,0.0,0.2953948974609375,40.40756237408957,0.3106551347760061,0.928131021194605,0.5385610963075752,0.6816089816353605,0.9556840077071291,0.5865245527217359,0.7269213121315632,0.9811175337186898,0.6886943281309479,0.8093008513587023,0.17036054157035396,0.8721884155961235,37.92809545947621,0.98085,9,0,21.895200729370117,14.300138473510742,0.004093170166015625,,0,indomain
ind_日常-3_s_seed1.png,ind_日常-3,0.9759152215799615,0.25274233855057215,0.4015034023035913,0.9842003853564547,0.28762330658950414,0.44515442034227487,0.9978805394990367,0.3202946205445219,0.4849367192400214,0.002448048515870587,0.40095895447037444,52.75324138643525,0.3810430046064356,0.9175337186897881,0.5574586567667904,0.6935454350409349,0.9452793834296724,0.5950894363820453,0.7303780344988933,0.9736030828516378,0.6592136348295646,0.7861414207460459,0.23422360077955587,0.8859812012838147,39.30988170876595,0.94995,12,0,25.236642837524414,15.190065383911133,0.002582550048828125,,1,indomain
ind_日常-6_s_seed0.png,ind_日常-6,0.9770281124497991,0.2834784683287606,0.43945257732861515,0.989558232931727,0.3386854348085411,0.5046498146820307,0.9950200803212852,0.41164261004413694,0.5823608825558271,0.0,0.4281044006347656,85.17709957674315,0.42140911548218074,0.8886746987951807,0.4181515319771844,0.568707113433043,0.9196787148594378,0.4733733784261269,0.6250325058452314,0.9577510040160643,0.5849275654939176,0.7262886439220052,0.1191122346555634,0.8769018856572885,67.05279572287814,0.9639,12,0,15.556601524353027,12.479463577270508,0.004512786865234375,,0,indomain
ind_日常-6_s_seed1.png,ind_日常-6,0.9821686746987952,0.3368027516075968,0.5015986026440242,0.9950200803212852,0.40011963511290566,0.57073433873863,0.9998393574297189,0.48781217287273815,0.6557097539802368,0.0030792917628945345,0.71908679661169,88.78592114056583,0.43731699951418707,0.8661847389558233,0.4100367840252233,0.5565924070980395,0.9166265060240963,0.46899632159747767,0.6205071842558549,0.96,0.5842354177614293,0.7263996079872596,0.010294117647058822,0.8857458563535912,70.3764758298062,0.99225,8,0,11.820638656616211,8.104814529418945,0.005199432373046875,,1,indomain
ind_植物-17_s_seed0.png,ind_植物-17,0.9868442964196503,0.3100670026025804,0.47187167427253374,0.9903413821815154,0.3469461210476771,0.5138687084582506,0.9938384679433805,0.3865108810011629,0.5565683529482719,0.0025673940949935813,0.401947021484375,62.523726368536934,0.43548260998733473,0.9180682764363031,0.4673306084854067,0.6193759947805525,0.9420482930890924,0.5085487306430257,0.6605245368866252,0.9608659450457951,0.5783777560301652,0.7220994164249831,0.1750471949330496,0.8335776245284379,50.670032647483104,0.9836,12,0,10.700828552246094,8.126768112182617,0.00414276123046875,,0,indomain
ind_植物-17_s_seed1.png,ind_植物-17,0.9806827643630308,0.3416954113097105,0.5068063080561579,0.9940049958368027,0.38549179471098566,0.5555370225176914,0.9986677768526229,0.44866032542420126,0.6191583084008444,0.05055792699828148,0.6020915167212703,53.42229139776782,0.4935263808196851,0.8467943380516236,0.4469992954589124,0.585126503491315,0.8825978351373855,0.488503170434894,0.6289133170077863,0.9402164862614488,0.5836162172548517,0.7201913803875588,0.12527440893247,0.8434584682460808,43.52365044415762,0.99595,8,0,15.652368545532227,9.927181243896484,0.00380706787109375,,1,indomain
ind_植物-29_s_seed0.png,ind_植物-29,0.9814814814814815,0.43862180932623795,0.6062927760455322,0.9961496149614961,0.4963696220799134,0.6625822912589642,0.9994499449944995,0.5917741499052945,0.7433882423823645,0.0022522522522522522,0.5670338897805846,46.31557838554923,0.5879372642838431,0.8863219655298863,0.5223000228327879,0.6572749632732167,0.9255592225889255,0.5750437628434432,0.7093642532486822,0.9658049138247158,0.6816728822589239,0.799237502164553,0.05521416556833848,0.7445178335535007,30.12633624878523,0.9837,10,1,9.143158912658691,7.817265033721924,0.006008148193359375,,0,indomain
ind_植物-29_s_seed1.png,ind_植物-29,0.9864319765309865,0.5397530047935016,0.6977261994741002,0.995049504950495,0.6022102056719167,0.7503212696656226,0.9990832416574991,0.6824718411296606,0.8109709712816904,0.17732904784843917,0.707187484626359,39.960201767781946,0.6317041939102745,0.9207920792079208,0.5978430246862955,0.7249787922447389,0.9566373303997067,0.6429918805872222,0.7690657708534099,0.9812064539787312,0.7216435659804806,0.8316426180964951,0.1426395741951871,0.769161229696858,26.40103660511824,0.9791,11,0,8.412296295166016,6.47181510925293,0.005214691162109375,,1,indomain
ind_植物-8_s_seed0.png,ind_植物-8,0.9699030006345752,0.4279951487028053,0.5939113363597495,0.9877617623062279,0.46596182240033746,0.6332142859943796,0.9951953585350376,0.5018456021936301,0.6672287894664252,0.0,0.4030303955078125,18.683981372808844,0.43461272673424745,0.8854138337412746,0.6928876323521259,0.7774082557641184,0.9248481551989847,0.737845778590831,0.8208309338035408,0.9664581633578098,0.794389932923111,0.8720168845732389,0.03821449591838476,0.8494500016081824,14.841176693294969,0.9448,12,0,13.16532039642334,9.934755325317383,0.00380706787109375,,0,indomain
ind_植物-8_s_seed1.png,ind_植物-8,0.9801468588523252,0.449890835507748,0.6167097426710726,0.995467319372677,0.49073433090153895,0.6573939529895761,0.9997280391623606,0.5271846211193354,0.6903358145592332,0.014435257021695411,0.6002011237933993,22.43213569075834,0.5006469269277406,0.901459523161998,0.7036767382599199,0.790382863035002,0.9361798567672922,0.7559415466222893,0.8364615534366184,0.970628229534947,0.8088304123979406,0.8823735631495988,0.17385763341213306,0.8651433912145211,16.260932116760685,0.97125,10,0,11.802068710327148,6.960004806518555,0.00513458251953125,,1,indomain
ind_窗花-3_s_seed0.png,ind_窗花-3,0.9667139479905438,0.43704102304380854,0.6019478634639396,0.9815602836879432,0.47385414028868067,0.6391532153400376,0.9950827423167848,0.5342808305900227,0.6952612753294679,0.09569450343928279,0.6709954249666108,26.901778394927476,0.7119563878785888,0.8901182033096927,0.6418788786646694,0.7458866350882479,0.9127186761229314,0.6807725230044939,0.7798647350895626,0.9423167848699764,0.7646586775090948,0.8442426061696772,0.24776473420066725,0.5493133494508923,22.911682532247003,1.0,7,1,9.076302528381348,5.46622371673584,0.003932952880859375,,0,indomain
ind_窗花-3_s_seed1.png,ind_窗花-3,0.984113475177305,0.4240767528931246,0.5927319174816589,0.9925295508274231,0.4784504765146358,0.6456596659660985,0.9982978723404256,0.556075561606535,0.7142801567351719,0.014690061950513781,0.576986023607792,49.72144613788834,0.4038377968009634,0.8654373522458629,0.6092964824120602,0.7151228541436766,0.9055319148936171,0.6690396426577331,0.769525838124179,0.9391016548463357,0.7540014889261121,0.8364334430676352,0.10648518513780068,0.8015426448416971,29.294162916366922,0.9603,14,0,14.88705062866211,11.536022186279297,0.004039764404296875,,1,indomain
ind_窗花-4_s_seed0.png,ind_窗花-4,0.9782527881040892,0.4926742919389978,0.6553146056736068,0.9924721189591078,0.5497821350762527,0.7075920706813373,0.9978624535315985,0.6343954248366013,0.775660982895097,0.022245280614566834,0.7642945463155403,45.335334163953384,0.6246640080705769,0.9152416356877323,0.6041776142932213,0.7278682403932573,0.9443308550185874,0.6587843755473813,0.7761268819259025,0.9643122676579926,0.7573568050446663,0.8483958615256671,0.09665749486605675,0.8691932857621761,35.512448975377396,0.9969,9,0,8.884614944458008,6.206240653991699,0.00605010986328125,,0,indomain
ind_窗花-4_s_seed1.png,ind_窗花-4,0.9852230483271376,0.4543454829414223,0.6218969531138012,0.9956319702602231,0.5561910208750357,0.7136916582860322,0.999721189591078,0.6423527859044016,0.7821495265677318,0.07039694861795377,0.7796500010742754,50.04371080655043,0.48122304054925763,0.879460966542751,0.5742684282010124,0.694828994648855,0.9202602230483271,0.6451825328229822,0.7585532199573723,0.9567843866171004,0.7455241387825657,0.8380453310199454,0.15094805774668849,0.873367367234635,34.69330157703083,0.9365,12,0,11.08464241027832,8.475669860839844,0.006229400634765625,,1,indomain
ind_边框-12_s_seed0.png,ind_边框-12,0.9891069676153091,0.4621954282843507,0.6300006391605245,0.9979391560353288,0.5288369756342628,0.6913222105032768,0.9991167811579981,0.6001507159005275,0.7498691151831242,0.003133479087587862,0.5897048045285137,48.771243212749454,0.48096284503441933,0.923846908734053,0.6130843620482196,0.7370480429917343,0.9646712463199215,0.6695931191229556,0.7904929488890122,0.988125613346418,0.7446410267837248,0.8492763587118817,0.03922122302676506,0.813180117277667,35.293702841830616,0.91855,13,1,9.57419490814209,7.605642318725586,0.0056915283203125,,0,indomain
ind_边框-12_s_seed1.png,ind_边框-12,0.9861629048086359,0.3599899619390188,0.5274419500742805,0.9968596663395486,0.4079426157513907,0.5789591104853985,0.9998037291462217,0.4579447070140951,0.6281671301551146,0.0,0.5266070036020647,55.699527536845075,0.444093773682741,0.858783120706575,0.5443557184622769,0.666339623172882,0.9012757605495584,0.5982894794257538,0.7191735193956925,0.9442590775269872,0.6706375179997381,0.7842676315691584,0.030449821997309223,0.822676674281156,44.266976940977365,0.93115,13,1,14.557071685791016,11.649436950683594,0.006591796875,,1,indomain
ind_边框-2_s_seed0.png,ind_边框-2,0.981451044846208,0.18764095624718088,0.31504862302111714,0.9957736557877436,0.20772639231606038,0.34374484555454116,0.999765203099319,0.23147337419406191,0.37591256354546176,0.0,0.1894378662109375,48.69109947643979,0.2511851947231034,0.9232214134773421,0.5271978548170848,0.6711443502523164,0.9593801361822024,0.5774755793909213,0.7209767245994904,0.9870861704625499,0.6421183681287109,0.7780805245336321,0.0,0.765365883730966,42.48892468787757,0.96805,10,0,27.455162048339844,18.366744995117188,0.00173187255859375,,0,indomain
ind_边框-2_s_seed1.png,ind_边框-2,0.9567973702747123,0.14871843240821525,0.2574244614038665,0.9835642169523362,0.18057487797401495,0.3051301845798966,0.9976520309931909,0.2246692918955882,0.3667477138199783,0.0,0.25567362741463817,58.90052356020942,0.25123452747396685,0.8116928856539094,0.4712421459642339,0.5962950389109016,0.8755576426391172,0.5521507974867086,0.6772248969630872,0.9396571965250059,0.7060415659739004,0.8062678949891975,0.0007668711656441718,0.7659443201974242,49.657672170761174,0.99785,8,1,34.464378356933594,20.478515625,0.00409698486328125,,1,indomain
ind_边框-9_s_seed0.png,ind_边框-9,0.9531910506237756,0.37489467031809565,0.538137319058489,0.9827817300752655,0.4195281230250685,0.5880363368341899,0.9984534488091555,0.48219928375816307,0.6503260721328564,0.007247033245765015,0.3782188546642508,42.49326031504249,0.2565360710601142,0.8464790184555109,0.574390876101607,0.684383315988041,0.9143210640272194,0.6346293416277864,0.7492234390224244,0.9776265594391175,0.7193882840850181,0.828859094255582,0.02669352807856963,0.7676716046170146,27.5994632430276,0.9974,8,0,14.888033866882324,11.960603713989258,0.00403594970703125,,0,indomain
ind_边框-9_s_seed1.png,ind_边框-9,0.923291060934117,0.3046554084892743,0.45813986574750704,0.9688627693576657,0.33217708808763124,0.4947335189464469,0.994741725951129,0.372889091738932,0.5424392809913935,0.003465346534653466,0.35804595959814567,34.973827053034974,0.3414053937156872,0.843489019486545,0.5771521103217718,0.6853546014053346,0.9099907206928549,0.6245821145006268,0.7407454575913073,0.9753582843592122,0.6934809862097785,0.8106142237588742,0.007429946221341636,0.765860523684308,26.245481691026246,0.99705,9,0,24.96650505065918,20.612796783447266,0.0045013427734375,,1,indomain
ood_bicycle_s_seed0.png,ood_bicycle,0.9273252165181373,0.29521378430121253,0.4478535020359862,0.969499184134555,0.32668793873643903,0.4887005656560589,0.9928454876365006,0.35111678366305044,0.5187715782470826,0.0,0.257537841796875,21.32954141485958,0.2802411675078564,0.7499686205598092,0.6513953863526375,0.6972151374406368,0.8143592318313041,0.6934989514437813,0.7490853976027285,0.8985816493033765,0.7530246814002258,0.8193891578152313,0.31938759041365405,0.7829762425302434,15.834222064225619,0.9895,11,0,23.21095085144043,15.205411911010742,0.002231597900390625,,0,ood
ood_bicycle_s_seed1.png,ood_bicycle,0.9317183381448475,0.32974226501497095,0.48709712282143,0.9732647169574494,0.3708096048846357,0.5370177813508592,0.9942261830048952,0.40324663887747314,0.5737762628409107,0.0,0.2912787236062094,38.77829126673777,0.344459137362458,0.7829797916405171,0.6049131477578312,0.6825234957926318,0.8487510982804066,0.6607311577876299,0.7430313189651152,0.9213003640015062,0.7214913874554837,0.8092447229506212,0.1263890837894005,0.8361003310478221,31.283327408460718,0.97145,10,0,20.168231964111328,11.55288314819336,0.002689361572265625,,1,ood
ood_carp_fish_s_seed0.png,ood_carp_fish,0.9489929130921299,0.4474721199165529,0.6081754438093118,0.9800447594181275,0.49898266670100705,0.6612796205192392,0.9974822827303245,0.5448785638859557,0.7047724466141114,0.0,0.33003997802734375,22.81606139762824,0.32850239013753774,0.8727154046997389,0.6919220340717246,0.7718734104428806,0.9225102573666543,0.7594004195017138,0.8330462325660103,0.9765013054830287,0.8302041233948944,0.8974295392647382,0.1463501457271898,0.8059599742251193,18.146512864375044,0.9974,10,1,14.604354858398438,11.06519603729248,0.0048675537109375,,0,ood
ood_carp_fish_s_seed1.png,ood_carp_fish,0.9506713912719135,0.44104652597803284,0.6025507170241855,0.9798582618425961,0.49818585708996665,0.6605371541348573,0.9965497948526669,0.542786622238677,0.7027884106877825,0.005244869861666558,0.3433894416815835,26.4338056820546,0.3002582985271488,0.8258112644535621,0.6914743031358885,0.752695841583729,0.8891271913465125,0.7485300522648084,0.8127933065420192,0.951976874300634,0.812772212543554,0.8768842621125977,0.2175040313304669,0.8249409198327576,18.574169536974964,0.9885,8,0,14.887099266052246,11.051182746887207,0.004413604736328125,,1,ood
ood_cat_s_seed0.png,ood_cat,0.8800358102059087,0.23220806734870236,0.3674579268259984,0.9282005371530886,0.2610319739079531,0.4074729140718163,0.962041181736795,0.2990828757003875,0.45630727838267693,0.004880139529554549,0.18194981931879342,36.41101486020142,0.2749200045326268,0.7817367949865712,0.4676983173076923,0.5852516549200655,0.8479856759176365,0.51953125,0.6443138652868396,0.9162041181736795,0.5969050480769231,0.7228650455695663,0.032142167692670684,0.5240135426285011,26.598117238303168,1.0,8,0,32.58616638183594,23.749652862548828,0.002834320068359375,,0,ood
ood_cat_s_seed1.png,ood_cat,0.9178155774395703,0.2323150474029657,0.3707793963129124,0.9589973142345568,0.2727763822488723,0.4247400617663806,0.985496866606983,0.32039542986791997,0.4835753960144456,0.004185778048017483,0.18591464452679962,46.45867079841303,0.20289690643672945,0.7783348254252462,0.4274220583305397,0.5518151754064222,0.8485228290062667,0.4933959101575595,0.6239687714144112,0.9231871083258729,0.5946362722091854,0.7233523316170775,0.07268198120601448,0.5286656708986807,40.68361621710449,0.97225,11,0,33.04327392578125,24.76491928100586,0.003631591796875,,1,ood
ood_crane_bird_s_seed0.png,ood_crane_bird,0.8852622399402018,0.3030174132659843,0.45149283383746586,0.9267472281051451,0.34667021135185433,0.5045881224525268,0.9672355799177775,0.40938455403429486,0.5752804230662629,0.0,0.2556304931640625,33.56115322628783,0.29351862613248325,0.7697770026161704,0.4734900622143919,0.5863289894349638,0.8315684564594493,0.534658371414414,0.6508509825445402,0.9054441260744985,0.6304575235368607,0.7433341341489805,0.18077145154065172,0.48498593166269865,27.786068166895483,0.96915,9,1,17.94446563720703,12.906890869140625,0.004070281982421875,,0,ood
ood_crane_bird_s_seed1.png,ood_crane_bird,0.9010838420331382,0.3177677818386281,0.46984457849583844,0.9563971595863959,0.3793646331177959,0.5432454492157246,0.9922760682695901,0.4513072814169244,0.6204302853493997,0.08351610635508196,0.29253329934917405,42.78338208082135,0.24449603829174574,0.7390058552385699,0.46430838478850484,0.5703025919270226,0.8181138657032515,0.5312481966645507,0.6441881359232254,0.8932353307586894,0.6316579144786196,0.7400113652911461,0.16050927719443983,0.6171835848321175,28.935116098609203,0.97825,11,1,12.090845108032227,10.01438045501709,0.00441741943359375,,1,ood
ood_deer_s_seed0.png,ood_deer,0.944028670812691,0.33140541225144593,0.4905878163083901,0.9762833350901233,0.3862667285853,0.5535294152794367,0.997891852008011,0.43798285979651286,0.6087711184227714,0.0,0.2527923583984375,36.06567272288284,0.2599694033656298,0.8307157162432803,0.5285682074408117,0.6460606343927724,0.9071360809528829,0.6058173618940248,0.7264715117838145,0.9763887424897227,0.678196166854566,0.8004220258226612,0.05932522739608578,0.6148161918483059,27.162431339409668,0.89755,12,0,19.11591911315918,16.192302703857422,0.005695343017578125,,0,ood
ood_deer_s_seed1.png,ood_deer,0.9290608200695689,0.35606475148198813,0.5148225470454765,0.9642668915357858,0.4030095759233926,0.5684421553118078,0.9865078528512702,0.4436160510715914,0.612017905347312,0.07794216768308278,0.30753098010640434,24.52163940363373,0.2596409123237544,0.8394645304100348,0.5934707732241801,0.695352627146789,0.9065036365552862,0.6541706184795089,0.7599382672793232,0.9632128175397913,0.717516098437578,0.8224059171425876,0.2200550566677407,0.6263798701298702,18.45536307116557,0.9739,11,0,23.37912940979004,17.32903289794922,0.0037841796875,,1,ood
ood_frog_s_seed0.png,ood_frog,0.9045682102628285,0.28712996275957836,0.4358966765343541,0.9424280350438048,0.3242441456794799,0.48248754135056715,0.9766896120150188,0.3768541311620274,0.5438605394266202,0.0034135429731442096,0.34816791690709753,43.459245448058375,0.39995471125364146,0.8419899874843555,0.5107703032415476,0.635831025174394,0.8925219023779725,0.5656326246078773,0.6924362223880641,0.9472778473091364,0.664552108748693,0.7811189866949254,0.13700944903046677,0.7705445011134258,38.24551711437976,0.99665,7,0,15.970340728759766,10.40323257446289,0.002777099609375,,0,ood
ood_frog_s_seed1.png,ood_frog,0.9430538172715894,0.2765947066715453,0.42773584166757544,0.9748122653316645,0.322966215392121,0.4851851571408439,0.9909261576971214,0.38285156726430053,0.5523129770184444,0.0,0.34000939187602724,67.0763989595562,0.19523702308825938,0.8410513141426783,0.48054282897407646,0.611626768952444,0.8886107634543179,0.5459606796961086,0.6763644135218239,0.9310075093867334,0.6508148234065998,0.7660955029529329,0.06093549534570482,0.7689842034426578,53.184632737149826,0.98115,11,0,20.204586029052734,15.635753631591797,0.003475189208984375,,1,ood
ood_potted_chrysanthemum_s_seed0.png,ood_potted_chrysanthemum,0.89944990531157,0.40604913953970556,0.5595114934035653,0.9540084768689693,0.4513788098693759,0.6128121621105627,0.9933267201731446,0.4976155919552146,0.6630637011813989,0.0,0.3347625732421875,31.804093167418753,0.32422786547700755,0.7988096311660203,0.6127405577853247,0.6935113789026288,0.8840292181441067,0.6765462591334774,0.7664950131645634,0.9659121652087654,0.757486878666255,0.8490962017068538,0.14847010685849427,0.7177801298841089,23.71347828068736,0.94095,11,1,12.659472465515137,9.440391540527344,0.00513458251953125,,0,ood
ood_potted_chrysanthemum_s_seed1.png,ood_potted_chrysanthemum,0.8759130670033366,0.5346771078414159,0.6640208811001993,0.9339886373884029,0.6048389928714402,0.7342118580181465,0.9715032915501849,0.6707869508726341,0.7936133502690553,0.037483635361400126,0.5884609452018966,21.901636355348924,0.3466717170995269,0.7318062945261069,0.6012334186641843,0.6601249698779112,0.8257732888448012,0.681580172213172,0.7467799888485882,0.9144196951934349,0.7669304165696997,0.8342061214351484,0.13562964133354402,0.7866410120390933,16.6712247595606,0.93915,12,0,14.692373275756836,9.363397598266602,0.0052337646484375,,1,ood
ood_rabbit_s_seed0.png,ood_rabbit,0.9283523836074714,0.1652907951089318,0.28061822468979575,0.9604126010593811,0.18987027496741357,0.31705906163740166,0.9852244215221634,0.22180497796536527,0.36209172899921743,0.0,0.2497167353899707,50.347709483269405,0.22576243884260763,0.8229718427655422,0.3965822038892163,0.535238250470291,0.8843044326735433,0.4427420938911805,0.5900603909836488,0.9498187900752718,0.5199371439795718,0.6720109884467954,0.18230500501658667,0.6473808037643444,40.15031028783485,0.9986,6,0,29.844099044799805,19.2722225189209,0.002094268798828125,,0,ood
ood_rabbit_s_seed1.png,ood_rabbit,0.9567884025648173,0.1975053626757766,0.32742243983818664,0.9807638695288542,0.2352162283837822,0.3794331481603497,0.9963758015054363,0.27425121156749027,0.4301140585364082,0.010671853643150037,0.31053987563682856,90.65394330620263,0.3759480935713382,0.8416504042375244,0.3855431993156544,0.5288368332682358,0.8923891831614162,0.4310521813515826,0.5813121976247664,0.9534429885698356,0.5088964927288281,0.6635993886579404,0.21216572241262735,0.794334714806656,59.43805157950541,0.9945,9,0,27.37928009033203,17.81627655029297,0.002593994140625,,1,ood
ood_rooster_s_seed0.png,ood_rooster,0.9295224747221944,0.3678561471982158,0.5271098976169714,0.9698668535388928,0.4183161416225258,0.5845208614052971,0.9970968064871358,0.4599014961434811,0.6294671891866686,0.0,0.2848701477050781,26.13923965879722,0.2633831400300733,0.8248072880168185,0.6502966381015162,0.7272293117548625,0.891580738812694,0.713304768182817,0.7925410123562568,0.9616578236059665,0.7894418809052955,0.8670813650404617,0.09916261332653223,0.7273692008890135,19.832076810798505,0.94805,11,0,21.61853790283203,16.152524948120117,0.00374603271484375,,0,ood
ood_rooster_s_seed1.png,ood_rooster,0.9160076083692061,0.3267461519882309,0.4816754063017218,0.9611572730003003,0.37206595964253564,0.536465153607269,0.9921914105516068,0.4124014667457128,0.5826331595690788,0.0,0.28493101553676625,25.161696372377037,0.20611830870798406,0.8102913204524977,0.630303713303657,0.7090537120723996,0.8892782060266293,0.712514791232321,0.7911432705709143,0.9650615677244969,0.7975995942976277,0.873375702005318,0.030239611230335382,0.7453017555415831,20.97031214430146,0.99645,9,0,21.62739372253418,17.209503173828125,0.004810333251953125,,1,ood
ood_teapot_s_seed0.png,ood_teapot,0.9631975867269985,0.16190507004885624,0.27721305573450794,0.9933634992458522,0.17662665415601644,0.2999246971820322,1.0,0.19176885495195264,0.3218222294619102,0.0,0.24281692504882812,53.17895464471431,0.29317259026157244,0.8422322775263952,0.4264926171624224,0.5662470245592572,0.8675716440422323,0.4545260004279906,0.5965276030867833,0.8947209653092006,0.48587631072116416,0.6297618129441417,0.20737441086815098,0.7047395251486318,46.39215747883053,0.9988,8,0,22.75504493713379,14.236411094665527,0.00186920166015625,,0,ood
ood_teapot_s_seed1.png,ood_teapot,0.9743589743589743,0.16346322369574107,0.2799591346660206,0.9906485671191554,0.18081439504586083,0.3058116682334631,0.9996983408748115,0.20508850850032131,0.3403533858069562,0.024652734585562053,0.3625128968084318,99.46114087317173,0.2906381727281639,0.9188536953242835,0.3717462724286075,0.529335882037548,0.9457013574660633,0.39651250947687644,0.5587521149943515,0.9761689291101056,0.4468031336871367,0.613020238327137,0.1795431122699811,0.8217013056048957,78.42521169465697,0.99565,7,0,16.33018684387207,10.661284446716309,0.0021514892578125,,1,ood
ood_tiger_s_seed0.png,ood_tiger,0.8747296622858094,0.4209803023362345,0.5684049173751139,0.9261354183996008,0.4935359087901461,0.6439252193497288,0.9746298452836466,0.5698579935868071,0.719203601537382,0.0,0.4474601745605469,42.11459603236174,0.5353826101124206,0.7015471635335219,0.5340818339831822,0.6064661746830162,0.787057062052903,0.6062385493493682,0.6849147124979593,0.895025786058892,0.7013200544933528,0.7864204824621583,0.16990454611734881,0.7806410684474123,31.52627047118901,0.99785,8,2,11.59041690826416,8.613948822021484,0.005138397216796875,,0,ood
ood_tiger_s_seed1.png,ood_tiger,0.9017634337048744,0.40176831297238197,0.5558744148476689,0.9544169023456995,0.48020154965061557,0.6389329161093522,0.9869406088837132,0.571231639492323,0.7236320665854128,0.043158133676263276,0.5717180496284215,59.318493763800205,0.522510389208848,0.7392280818499418,0.4962204656386333,0.5938249775507126,0.8212443852936283,0.5782039652714785,0.6786199145427089,0.9075029113292298,0.6974644723770032,0.7887400649466263,0.13988076163738594,0.7827530131366736,44.56133470873579,0.9698,11,3,11.148687362670898,8.609256744384766,0.006130218505859375,,1,ood
ood_woman_beating_a_drum_s_seed0.png,ood_woman_beating_a_drum,0.9172511944698587,0.3878337672946342,0.5451614212545699,0.959235539290434,0.4519834584162965,0.6144455214801618,0.9853613906678865,0.5552917751569919,0.7103001349459173,0.006487357711292435,0.7955098034280537,79.80029361142047,0.5233389481564664,0.7994307207481955,0.4129453810331757,0.544585501320812,0.85676527396564,0.46965813508537596,0.6067244863606556,0.9269086103486835,0.5770549799646222,0.7112901309829844,0.07063177095932684,0.8263225617474449,62.55695049103979,0.9112,14,0,9.306965827941895,6.837604522705078,0.00591278076171875,,0,ood
ood_woman_beating_a_drum_s_seed1.png,ood_woman_beating_a_drum,0.9254854122191725,0.5057511206866595,0.654071180615675,0.9614719934939514,0.5568683323487508,0.7052612599482175,0.9850564196401342,0.624040031969976,0.7640494626526055,0.2084193843382957,0.8519576605281634,62.778424622861195,0.668967515873225,0.8602216122801667,0.4959075183528816,0.6291294174622406,0.909423604757548,0.5375073833431778,0.6756671965197022,0.9510013215411203,0.6029870896970719,0.7380254769303468,0.1955636034404708,0.8479480270835686,54.140933481826465,0.994,9,0,6.925204753875732,4.768154144287109,0.004344940185546875,,1,ood
repo_bird_s_seed0.png,repo_bird,0.9399022801302932,0.2324179311140599,0.3726799918691115,0.9863192182410423,0.2650147118213812,0.41777673745808247,0.999185667752443,0.2903421219638839,0.4499409618383837,0.0,0.13702011108398438,17.622985049695146,0.18275347571215422,0.6859934853420195,0.63747671014107,0.6608458153519854,0.7806188925081433,0.7029544849614053,0.7397538401102344,0.8856677524429968,0.7812084109661964,0.8301649669221974,0.3287926052290341,0.7566577242687954,12.082741724435536,0.9928,6,0,32.660587310791016,20.372982025146484,0.003093719482421875,,0,repo
repo_bird_s_seed1.png,repo_bird,0.9421824104234527,0.3924014743407995,0.5540509984704921,0.9853420195439739,0.4380020791985635,0.6064336145606055,0.997557003257329,0.4749551082128343,0.6435190457720804,0.02837103476805626,0.361499275128866,14.42133689690693,0.45955282373822204,0.6570032573289902,0.661041722030295,0.6590163027901969,0.745114006514658,0.7216316768535743,0.7331848677863354,0.854885993485342,0.7847462131278236,0.8183158922321849,0.3438643743026796,0.7521972132904609,8.602689384448341,1.0,6,0,37.89939880371094,14.79215145111084,0.00231170654296875,,1,repo
repo_fish_s_seed0.png,repo_fish,0.9482444140446876,0.22276909309544451,0.36078072005411593,0.9598723210214318,0.24665119270673116,0.392455928346634,0.9689922480620154,0.2796219133644677,0.43400351334937337,0.0,0.17507171630859375,38.676079661829434,0.2699092712355779,0.8673050615595075,0.5688227277492399,0.6870458667810649,0.9106247150022799,0.6151588216794214,0.7342834854428268,0.9457364341085271,0.6928399203270783,0.7997722582587379,0.3260905121798719,0.7369617479189494,24.92700570880725,0.9707,10,1,30.11672592163086,20.36983871459961,0.002117156982421875,,0,repo
repo_fish_s_seed1.png,repo_fish,0.9892840857273142,0.21931185019242921,0.3590310322228162,0.9972640218878249,0.24145556895858464,0.3887804045180515,1.0,0.2638577747142283,0.4175434609703443,0.023020511007627434,0.25275386313465786,27.280254499498845,0.2601130733070766,0.9544003647970816,0.5609468528931616,0.70659433664192,0.9792521659826722,0.6066569925630328,0.7491856274046015,0.9945280437756497,0.6770360964991837,0.8056303295739857,0.21481614580679417,0.7036991216132624,27.628883949971673,0.9946,10,1,25.874292373657227,16.461925506591797,0.003032684326171875,,1,repo
repo_motif_s_seed0.png,repo_motif,0.9769788710186061,0.26840238939527356,0.42111355246014465,0.9949542730999684,0.3152145458007092,0.47875366099894456,0.9996846420687481,0.377638687260525,0.5481931335457648,0.0,0.25139617919921875,56.371582046068404,0.36492136775926853,0.7956480605487228,0.4995036165082967,0.6137182088432757,0.8446862188584043,0.5633243511558644,0.6758931023705157,0.9143803216650899,0.6833073322932918,0.7821338254075663,0.05439105382666789,0.7555831123052369,37.19158750872508,0.99705,8,0,21.705345153808594,14.17934513092041,0.004451751708984375,,0,repo
repo_motif_s_seed1.png,repo_motif,0.9473352254809209,0.21437664817677549,0.3496332523467519,0.9848628192999054,0.25984359370737475,0.411197840071171,0.9984232103437402,0.3120396471765027,0.47547723233915357,0.0,0.27683867390318084,58.48077448332372,0.30090840739051655,0.7921791233049511,0.5044201768070723,0.6163679610282548,0.8565121412803532,0.5789317286977194,0.6908832382412763,0.9285714285714286,0.7023252358665775,0.7997553270061071,0.29702689433200585,0.7913947304810249,46.96367333313101,0.98405,9,1,33.038631439208984,21.218156814575195,0.003986358642578125,,1,repo
