file,content,raw_line_recall_t2,raw_edge_prec_t2,raw_edge_f1_t2,raw_line_recall_t3,raw_edge_prec_t3,raw_edge_f1_t3,raw_line_recall_t5,raw_edge_prec_t5,raw_edge_f1_t5,raw_contour_f,raw_sil_iou,raw_decoration_density,raw_palette_conformance,proj_line_recall_t2,proj_edge_prec_t2,proj_edge_f1_t2,proj_line_recall_t3,proj_edge_prec_t3,proj_edge_f1_t3,proj_line_recall_t5,proj_edge_prec_t5,proj_edge_f1_t5,proj_contour_f,proj_sil_iou,proj_decoration_density,proj_purity,proj_colours_used,proj_pieces_below_alpha,proj_cut_residual_fg,proj_cut_residual_all,proj_idempotence_changed,style,seed,set,nn_train_dino,nn_train_idx,clip_style_dedup,proj_clip_style_dedup,content_clip,style_gram,clip_s,lpips_content
ind_人物-16_s_seed0.png,ind_人物-16,0.7726577212806026,0.8118817926486751,0.7917842759270368,0.9100164783427496,0.9246550250335815,0.917277352391936,0.9888771186440678,0.9691048968127975,0.9788911751576892,0.5375479116641121,0.831862389679226,15.389427588364091,0.0539126904821384,0.2937853107344633,0.7342885053728427,0.419664762082004,0.389418549905838,0.904591338326278,0.5444543359860512,0.5268361581920904,0.9711820253988928,0.6831076054629082,0.3784315900843978,0.7805524972475227,7.331873631529559,1.0,7,1,14.562299728393556,4.066758155822754,0.0026168823242187,,0,indomain,0.8304281,99,0.79014987,0.7785944,0.772031307220459,0.7651655912399292,0.17042389512062073,0.32945945858955383
ind_人物-16_s_seed1.png,ind_人物-16,0.8622881355932204,0.8810674157303371,0.8715766312445655,0.9602754237288136,0.9582022471910112,0.9592377152850408,0.9965277777777778,0.9837078651685394,0.9900763238463752,0.5239265516273209,0.8312398348554986,9.30872693149828,0.0980507598058715,0.2633592278719397,0.8660094107102846,0.4038921605275108,0.330096516007533,0.9426394801702892,0.4889655186775907,0.4315560263653484,0.9796101277167824,0.5991592880565946,0.4796050631290906,0.7736377854238349,3.203002815139193,0.99775,6,0,14.06914234161377,4.121685981750488,0.0015220642089843,,1,indomain,0.8188049,99,0.7094268,0.64575505,0.6772188544273376,0.7325673401355743,0.14214274287223816,0.3321681618690491
ind_人物-26_s_seed0.png,ind_人物-26,0.7607947280417036,0.8625689084895259,0.8084915337314735,0.8974623782826793,0.9685226019845644,0.9316394365329872,0.9778203993311696,0.9907386990077176,0.9842371622107096,0.5496655261452893,0.8566222709535941,6.076706317623524,0.0681515697173725,0.2732861217664994,0.7974007220216607,0.4070630961413443,0.356398150880299,0.9445487364620938,0.5175236996478779,0.4753614635585718,0.9870036101083032,0.6416776345214552,0.4362814485950518,0.826238465013229,4.1300092494998815,1.0,5,1,11.621545791625977,4.012234687805176,0.0027961730957031,,0,indomain,0.70052373,90,0.8119248,0.77513295,0.8668416142463684,0.7902052283287049,0.21815946698188782,0.37810805439949036
ind_人物-26_s_seed1.png,ind_人物-26,0.8104160519327235,0.8709177996032706,0.8395783669824095,0.9272155011311104,0.9611979292660506,0.9439009544463646,0.990656044064129,0.9909042527456576,0.9907801328596816,0.8157467120009846,0.960086414131252,5.291574350921724,0.0608880553332298,0.2139765909314448,0.7626162018592297,0.3341864004476663,0.2783515294580505,0.9015604249667994,0.4253719478767125,0.3795613258581686,0.9681274900398408,0.54532433509053,0.7903869450475677,0.9562003542150532,3.312611585536364,1.0,5,1,12.068588256835938,4.686890602111816,0.0016326904296875,,1,indomain,0.721843,101,0.8056127,0.84712625,0.852179229259491,0.7393028497695923,0.2038731873035431,0.35266759991645813
ind_人物-3_s_seed0.png,ind_人物-3,0.961855278164998,0.7447894768454562,0.8395182270034415,0.9915093144088202,0.858129617394438,0.9200103803904628,0.998986186795083,0.9324884377440088,0.96459260382433,0.6301077732434546,0.7058256828743058,25.356322208474605,0.0829329866802313,0.7807628944367,0.7479854182655411,0.7640227698818031,0.85667215815486,0.8423829623944743,0.8494674736085521,0.9178811304017236,0.9148119723714504,0.9163439814715804,0.5106447584584002,0.6168402628332043,18.430736104639017,0.9938,7,1,15.515865325927734,3.3259201049804688,0.0028152465820312,,0,indomain,0.7305575,103,0.84213006,0.86474866,0.7527758479118347,0.8296887278556824,0.18756058812141418,0.37218788266181946
ind_人物-3_s_seed1.png,ind_人物-3,0.94601444683817,0.754342096370886,0.8393751579633391,0.9901153212520593,0.8617963100628506,0.9215102016351256,0.999619820048156,0.9364060282489692,0.966980917402076,0.5980564721575443,0.7000345470876805,19.55554127231533,0.0719667446089893,0.8153592700544925,0.7640137746317199,0.7888519000513431,0.8925358002787986,0.8503921943753587,0.87095448588312,0.948042073248004,0.9232829538932464,0.9354987221441408,0.5007822832606506,0.6125994547376621,15.120595182620152,0.9696,11,1,14.031715393066406,3.041468858718872,0.0030860900878906,,1,indomain,0.7467272,91,0.8388711,0.84859395,0.852364182472229,0.833854043483734,0.18900440633296967,0.3726958632469177
ind_人物-4_s_seed0.png,ind_人物-4,0.8864313442267762,0.914324569356301,0.9001619275112075,0.9664168998826396,0.9826231489876096,0.9744526470330532,0.9937708765911348,0.9991689332124508,0.9964625943409964,0.5685006481657171,0.8643867924528302,4.020426050836477,0.0584238808796723,0.513315879750835,0.9013146946247296,0.6541059606432891,0.6434052541301797,0.9830254618072892,0.7777567662401097,0.7928139387920917,0.99966716591779,0.8843050687786047,0.4194794781129853,0.7921714285714285,1.8673068861704964,0.999,7,1,17.510927200317383,3.192040205001831,0.0021476745605468,,0,indomain,0.5729747,101,0.8242135,0.8298054,0.8487826585769653,0.7917693674564361,0.18106308579444885,0.25396353006362915
ind_人物-4_s_seed1.png,ind_人物-4,0.8353344768439108,0.8882772312968144,0.8609927546826577,0.9488128554662816,0.9766266582438408,0.9625188656768544,0.9894375733501852,0.9999097554372348,0.9946461009320468,0.5878146149513025,0.8680031985378113,4.68732136732594,0.0774625822467523,0.3086575787668141,0.86892177589852,0.4555094999314406,0.4132887966055791,0.9812367864693446,0.5816087931077459,0.5525864403719418,1.0,0.7118269566228631,0.4185734188195542,0.7809915780648603,1.3528447848786251,0.9858,5,0,14.44310188293457,2.867100954055786,0.0020561218261718,,1,indomain,0.57357657,93,0.78149664,0.8174225,0.8234392404556274,0.7431220978498458,0.1757795512676239,0.22685350477695465
ind_人物-5_s_seed0.png,ind_人物-5,0.980875541610638,0.7202761112186311,0.8306152123777583,0.9920812789481548,0.7707244693890717,0.8675049057780533,0.9985059016883312,0.8219469711631507,0.9016645405334932,0.9790786354735648,0.9683015635039623,43.09475484752167,0.2841586382798768,0.8789780367548184,0.7880474740048314,0.831032779162106,0.9122964291050352,0.8108391975632812,0.8585809417052488,0.9529359031824294,0.8493855687427792,0.8981860524975315,0.9601735805869898,0.9671430939296962,22.989826267887004,0.99035,11,0,9.679884910583496,2.8693318367004395,0.002044677734375,,0,indomain,0.684501,102,0.78429806,0.86762094,0.7961747646331787,0.8653478264808655,0.18733367323875427,0.38717615604400635
ind_人物-5_s_seed1.png,ind_人物-5,0.9747497385327956,0.7941654414609611,0.8752398816754868,0.994621246077992,0.846552658051536,0.9146330585430889,1.0,0.8881838582372514,0.940781115528052,0.8530225841837187,0.918396131372154,23.219596880225687,0.2739227427497945,0.8904825937546691,0.8256243213897937,0.8568278359466107,0.9254444942477216,0.8473398479913138,0.884671618985372,0.9571193784551024,0.8809989142236699,0.91748298959858,0.7623359589510021,0.8675889328063241,17.79445742222903,0.9938,7,1,10.29990577697754,2.743227958679199,0.0022926330566406,,1,indomain,0.7050231,102,0.76915777,0.8336738,0.7741026282310486,0.8600691199302674,0.18692561984062195,0.38532745838165283
ind_动物-18_s_seed0.png,ind_动物-18,0.9736300955606628,0.7829038132553391,0.8679123251636017,0.992500302407161,0.8501738314662546,0.915840483477344,0.999637111406798,0.8901826610010485,0.941740198573245,0.9463752734738866,0.9680924737753336,27.037029422044945,0.1241100068359888,0.8466190879400024,0.9028518670496511,0.8738317398713539,0.8858110560058062,0.9313705375461632,0.9080196743395724,0.9183500665295754,0.9430652441526468,0.930543575889998,0.9347475768989032,0.9644834279962614,6.75411723584925,0.99775,7,0,10.438922882080078,3.938700199127197,0.0017967224121093,,0,indomain,0.7612287,16,0.81516683,0.7957731,0.8643661737442017,0.840336000919342,0.16917264461517334,0.5179274082183838
ind_动物-18_s_seed1.png,ind_动物-18,0.9847586790855208,0.7627171215880894,0.8596311375315975,0.9960082254747792,0.8221670802315963,0.9007769185459368,1.0,0.8744830438378826,0.9330391616105902,0.9371912231236964,0.9628698965260116,34.14067479490922,0.2634262981928985,0.9032297084794968,0.8515472657905893,0.8766274004210453,0.941333010765695,0.8813056379821959,0.9103308438855708,0.9736300955606628,0.9257312420517168,0.9490767025881676,0.9194295394246204,0.9579874239684366,14.392335053560046,0.98005,10,1,9.62032985687256,3.5268983840942383,0.0027885437011718,,1,indomain,0.8143773,33,0.8290673,0.8651775,0.8747563362121582,0.8345929503440856,0.17473062872886658,0.49940791726112366
ind_动物-38_s_seed0.png,ind_动物-38,0.9510833147196784,0.8631864295395737,0.9050056787037832,0.980195071104162,0.911693432455744,0.9447040955845196,0.9956816320452684,0.943278432661108,0.9687718962353584,0.8916994963219527,0.9353824424528778,17.98718813216453,0.2554879514730087,0.7850495123222396,0.8751190400609485,0.8276409942081387,0.8472191199463927,0.9170211415148244,0.8807392750950489,0.9121435485071848,0.9484477176052314,0.9299414465355292,0.8157639861190921,0.9000783864197635,11.01652056641942,0.9934,9,0,10.58733367919922,4.539054870605469,0.0042572021484375,,0,indomain,0.65421915,30,0.85433346,0.80670995,0.8582333326339722,0.8396676361560822,0.208541139960289,0.593580961227417
ind_动物-38_s_seed1.png,ind_动物-38,0.9524979524979524,0.8221485262883332,0.8825360963997966,0.9853324398778944,0.899169057644297,0.9402809629987352,0.9970962698235426,0.9395237917800052,0.9674542640218592,0.9648462619426597,0.9641812619759976,22.7242076871207,0.1902628571428571,0.7994937085846177,0.8381835819085728,0.8183816241025293,0.8702255974983247,0.9007517885291622,0.8852256042961225,0.9281512917876554,0.9408269673820784,0.934446145470154,0.814244327975412,0.919108226567768,13.798044504383007,0.98365,11,1,11.740943908691406,5.006690979003906,0.0043716430664062,,1,indomain,0.7401519,30,0.86964023,0.85218143,0.868705689907074,0.8440091609954834,0.18639729917049408,0.5957682132720947
ind_动物-鸟-3_s_seed0.png,ind_动物-鸟-3,0.9967786470317532,0.5320162696106915,0.6937522510685492,1.0,0.6347472399767577,0.7765692756095828,1.0,0.7192330040674026,0.8366905502230634,0.5721024921994657,0.1476783793474363,4.2096095224270575,0.2386046637597161,0.927289461573861,0.514767228433172,0.6620242177682165,0.9599631845375056,0.5728349741364925,0.7175119344640107,0.98067188219052,0.651092941765393,0.7825987315182887,0.6037195609900058,0.1406498363721365,0.8709536942952533,1.0,5,0,11.410428047180176,1.7154618501663208,0.0014495849609375,,0,indomain,0.6502933,13,0.8343249,0.8036237,0.6365332007408142,0.8153154075145721,0.20671617984771729,0.30604124069213867
ind_动物-鸟-3_s_seed1.png,ind_动物-鸟-3,0.9949378739070408,0.4992962702322308,0.6649142257965552,0.999539806718822,0.5819845179451091,0.7356405254200742,1.0,0.6786300727187426,0.8085522638345444,0.579791998707084,0.1481381361086707,1.1612715923936712,0.2763107851127411,0.9479981592268752,0.5108750632271117,0.6639488779149082,0.9668660837551772,0.5705614567526556,0.7176357996681515,0.9825126553152324,0.6415444275838813,0.7762356701439734,0.6158598588271568,0.1442847206121029,0.0,1.0,4,0,11.580649375915527,1.6916396617889404,0.000640869140625,,1,indomain,0.5968249,13,0.80065274,0.79079074,0.6098496913909912,0.8004714369773864,0.1674557477235794,0.2803671956062317
ind_日常-25_s_seed0.png,ind_日常-25,0.9536222295732716,0.9090420529356442,0.9307986602166496,0.9859741978167385,0.9604550136593668,0.9730473176712124,0.9972874627853126,0.9826682789197904,0.9899238998136054,0.5778805772211096,0.6192214438450045,7.282535401213756,0.0875563236837232,0.810585511081707,0.9149491094147584,0.8596112563135139,0.8803175653324512,0.9662849872773536,0.921300196639598,0.9422428051604368,0.9907124681933842,0.9658699381266872,0.4919345777403427,0.5196847563331806,4.765115756349742,0.96385,11,0,15.816923141479492,4.033041954040527,0.0040359497070312,,0,indomain,0.7065462,45,0.84208035,0.8675011,0.7776243686676025,0.820319128036499,0.2067941427230835,0.5262622237205505
ind_日常-25_s_seed1.png,ind_日常-25,0.97227919285478,0.9423193161212332,0.9570648465404182,0.9889513728084685,0.9868318798031258,0.9878904894780116,0.997618260006616,0.9972368534668854,0.9974275202752182,0.602705994275401,0.6660409907131812,2.337603955945156,0.2130450907068022,0.8701290109163083,0.934822539550868,0.9013163943499,0.9187562024478996,0.9782544291046988,0.947572258544984,0.9591796228911678,0.9936007584286308,0.9760868246021944,0.5115076659450888,0.5191221500857556,3.200719262755676,0.9968,7,0,14.055231094360352,3.6009411811828613,0.0051002502441406,,1,indomain,0.7270333,56,0.90169114,0.90956837,0.7820828557014465,0.8398095369338989,0.22380760312080383,0.5187419652938843
ind_日常-3_s_seed0.png,ind_日常-3,0.9967244701348748,0.637812621485033,0.7778635926395177,1.0,0.7014383827912402,0.8245239908606246,1.0,0.768822081119606,0.8693040293040293,0.9854127139201534,0.980210005861814,57.89296967818586,0.3241586275292693,0.9414258188824662,0.7805247813411079,0.8534579114368378,0.9620423892100192,0.8114285714285714,0.880339964799116,0.9815028901734104,0.8677551020408163,0.9211306850657304,0.997895071884776,0.9835673199418358,20.313549253577147,1.0,7,1,9.742087364196776,2.9476428031921387,0.0018234252929687,,0,indomain,0.62245727,55,0.6875583,0.84200877,0.7609339952468872,0.7906782984733582,0.15602535009384155,0.37042808532714844
ind_日常-3_s_seed1.png,ind_日常-3,0.989980732177264,0.6269508670520231,0.7677124730559725,0.9982658959537573,0.6671965317919075,0.7998253608014746,0.9996146435452794,0.7250722543352601,0.8404920846242969,0.9760165447025134,0.9834128082859048,58.396611395216695,0.3051386580805982,0.9666666666666668,0.757047134935305,0.8491110644439183,0.9882466281310212,0.7796903881700554,0.8716672483133359,0.998843930635838,0.8386090573012939,0.9117398622557832,0.9857748698999328,0.9837458107759732,24.278113538922465,0.98685,9,0,8.662335395812988,2.6094913482666016,0.0011940002441406,,1,indomain,0.5792459,140,0.80579495,0.857076,0.7995477318763733,0.8210411071777344,0.17592668533325195,0.37667325139045715
ind_日常-6_s_seed0.png,ind_日常-6,0.9998393574297187,0.6938071416249785,0.8191741157905763,1.0,0.743660514058996,0.8529877324891175,1.0,0.8013340233454086,0.8897117502473905,0.9824292711871376,0.9854683025138776,38.49409668077523,0.4512399941069587,0.9868273092369478,0.7705217074060562,0.8653623793874325,0.996305220883534,0.7862094126231303,0.8788758619762241,0.9996787148594376,0.8259759211966435,0.9045637998547896,0.9949229150467144,0.9863405251863264,20.788594341724213,1.0,6,0,8.218621253967285,3.2451863288879395,0.0018653869628906,,0,indomain,0.57014835,43,0.7431045,0.88879085,0.7621040344238281,0.7840558409690856,0.1363765150308609,0.4567759037017822
ind_日常-6_s_seed1.png,ind_日常-6,0.9964658634538152,0.6587012682010334,0.7931203023827798,0.9995180722891568,0.7025598872710193,0.8251341253185293,1.0,0.7434828558008455,0.8528708536790706,0.994329715410555,0.9878576932274092,44.64245934506572,0.2312772052531716,0.9675502008032127,0.8636508104672105,0.9126529637635784,0.980562248995984,0.8794363809725606,0.927250269630496,0.9847389558232932,0.896599216018646,0.9386044348526226,0.9956999176083584,0.9891644036860616,10.140343060815326,0.9902,9,0,9.52863597869873,3.9789459705352783,0.0016555786132812,,1,indomain,0.67849183,43,0.8032703,0.8445445,0.8088900446891785,0.779211664199829,0.15691611170768738,0.47014448046684265
ind_植物-17_s_seed0.png,ind_植物-17,0.9980016652789342,0.6429454055268479,0.7820612825545292,0.9996669442131556,0.7019770838013929,0.8247827098011608,1.0,0.7631431139069872,0.8656621324583479,0.9695633432493296,0.97683880181907,48.31637688861893,0.266685142005275,0.9194004995836804,0.8210726682342403,0.8674590741499315,0.9433805162364696,0.8352928003583026,0.886052481766834,0.9670274771024148,0.8511924756466241,0.9054201731848732,0.9789429196607958,0.9795489006823352,13.960595247133854,0.9965,9,0,8.743386268615723,3.532752513885498,0.0013885498046875,,0,indomain,0.7786264,141,0.76967746,0.8187925,0.7963491082191467,0.8309506416320801,0.1497267484664917,0.4737280309200287
ind_植物-17_s_seed1.png,ind_植物-17,0.9936719400499584,0.6899766899766899,0.8144341567367706,0.9986677768526228,0.7465201465201465,0.8543786088780148,0.9998334721065778,0.7951381951381952,0.8858142966344299,0.9911355417487828,0.9798725922859052,35.61802444765014,0.3030477672439463,0.9623646960865944,0.7308071306996328,0.8307520490328407,0.9826810990840966,0.7686105885514647,0.8625623055918977,0.994504579517069,0.8443966675624832,0.9133240342878656,0.9878246934616418,0.9797235197695682,24.46663123528965,0.99805,9,0,9.070533752441406,3.681684017181397,0.0022926330566406,,1,indomain,0.72626185,141,0.834521,0.9072484,0.8078900575637817,0.8372815668582916,0.16337871551513672,0.44683730602264404
ind_植物-29_s_seed0.png,ind_植物-29,0.9968830216354968,0.7097272440060378,0.8291465881647084,0.99990832416575,0.7554323024537508,0.8606455477782792,1.0,0.8055955348053498,0.8923322186795241,0.8524116684534263,0.8900288873393765,53.34968454501982,0.2289794343055632,0.9711221122112212,0.7035448288865843,0.8159568013156586,0.9922075540887422,0.7445083435467145,0.8506938913323681,0.9993582691602494,0.8163005562364476,0.8986013226540717,0.767058192136077,0.8362182625658265,41.80356950036251,0.9407,10,0,11.444804191589355,4.897189140319824,0.0047264099121093,,0,indomain,0.793574,136,0.8083794,0.88757163,0.8029056191444397,0.8021322280168534,0.18337273597717285,0.6461127996444702
ind_植物-29_s_seed1.png,ind_植物-29,0.9651631829849652,0.7197558494404883,0.8245878089679234,0.9970663733039972,0.8123702950152594,0.8952920187951545,1.0,0.861851475076297,0.9258004589662332,0.857185699623105,0.9010830380056214,35.10882811174356,0.3340035416512949,0.9157499083241656,0.704930332261522,0.7966283181315579,0.9751558489182252,0.7777599142550911,0.865343498385781,0.9975247524752476,0.8383172561629153,0.911017625171318,0.7107043588764638,0.8221171615128742,31.985129652768137,0.9896,9,0,9.993141174316406,4.287117958068848,0.0031356811523437,,1,indomain,0.7452054,136,0.81981605,0.8930993,0.8073338866233826,0.8416250884532929,0.2186838686466217,0.652571439743042
ind_植物-8_s_seed0.png,ind_植物-8,0.9815973166530686,0.7658433133732535,0.8604008954198998,0.9958299338228628,0.8363689288090486,0.9091602795026288,1.0,0.9019461077844312,0.9484454939000392,0.9952372552478392,0.982550297588168,36.83792072085716,0.2065358976323653,0.869730758770737,0.7758846657929227,0.8201317865959924,0.9309219472395976,0.8384197715783561,0.8822528266425931,0.9776992113135708,0.9041378019097548,0.9394807410359376,0.9899200962320848,0.976595845360337,24.504978609018288,0.887,13,0,11.859941482543944,4.740214347839356,0.0041694641113281,,0,indomain,0.778071,141,0.8387993,0.84929323,0.8218496441841125,0.8636444807052612,0.21087542176246643,0.4180162250995636
ind_植物-8_s_seed1.png,ind_植物-8,0.9559423443024204,0.892961717818024,0.9233793525493054,0.982050584715801,0.929671402234031,0.9551434260733306,0.9989121566494424,0.9565123088602104,0.9772525506949312,0.9877782870082322,0.9792973177181716,12.200431605648731,0.1779607040839959,0.8436225183573566,0.8535874439461884,0.8485757273339785,0.8913063185567945,0.8982810164424514,0.8947800759833989,0.9504124739370864,0.944544095665172,0.947469198085345,0.9506804897901991,0.9705025078073248,12.881914208912278,0.98265,9,0,10.80357551574707,4.346060752868652,0.0030517578125,,1,indomain,0.7615314,113,0.8829751,0.89612347,0.844808042049408,0.879969310760498,0.22562801837921143,0.4352564513683319
ind_窗花-3_s_seed0.png,ind_窗花-3,0.9926241134751772,0.8319107025607354,0.9051892201366554,0.9982978723404256,0.8634743457461777,0.9260043670270868,1.0,0.909248663352406,0.9524675133262914,0.8321011831689104,0.9163012564646872,22.34286383484182,0.2869816160752458,0.9304018912529552,0.8571713544783562,0.8922866251651134,0.9615130023640662,0.8864286189241306,0.9224454202931236,0.9860047281323876,0.932043353946406,0.9582649803226072,0.8018424041183152,0.9025100962012016,13.275224599735669,0.9934,9,1,9.887317657470703,4.303935050964356,0.0036354064941406,,0,indomain,0.6759913,147,0.8659392,0.8879642,0.8465492725372314,0.8198630332946777,0.22877901792526245,0.5582057237625122
ind_窗花-3_s_seed1.png,ind_窗花-3,0.9883687943262413,0.8911265899454875,0.9372321109878712,0.9950827423167848,0.9403896628306078,0.9669634369853763,0.9990543735224586,0.9688067837674136,0.983698113899494,0.9669040164719406,0.9665620603830756,9.720107740953273,0.1478694865556179,0.9456264775413712,0.9199268224036026,0.9325996321745448,0.9684160756501182,0.9559527160146356,0.962144035758446,0.9883687943262413,0.9842386715451732,0.9862994092386508,0.917319181486006,0.9493659246131596,5.228113027621167,0.97475,9,0,12.714118003845217,4.02467679977417,0.0031661987304687,,1,indomain,0.8228537,146,0.86518675,0.9250462,0.876573383808136,0.819948536157608,0.23954376578330994,0.5089802145957947
ind_窗花-4_s_seed0.png,ind_窗花-4,0.991171003717472,0.7035573122529645,0.822958583729361,0.9950743494423792,0.7436202463640201,0.851164355911131,0.9984200743494424,0.8067078552515445,0.8923836406393231,0.1153065275336017,0.8912130551701274,25.696447378384143,0.4734748908767415,0.9140334572490706,0.6624832983393777,0.768189614736938,0.9441449814126394,0.7051918305020042,0.8073588401010193,0.966728624535316,0.785550677610231,0.8667731509914803,0.1605336672767555,0.8950238750354732,23.080682576941346,0.95955,11,0,7.859012603759766,4.961867332458496,0.0051116943359375,,0,indomain,0.6342941,139,0.8252699,0.86799467,0.7974978685379028,0.8306053817272187,0.19090889394283295,0.5870351791381836
ind_窗花-4_s_seed1.png,ind_窗花-4,0.9978624535315984,0.617779098171255,0.7631130382750702,0.999721189591078,0.6533637023833102,0.7902577066107429,1.0,0.7360863537334126,0.8479835719582454,0.6020891995565525,0.9389850223488512,61.94544065311517,0.3705794355240849,0.9468401486988848,0.7093391373169766,0.8110604690278834,0.9728624535315984,0.748812821527503,0.8462593258326927,0.9905204460966542,0.8246438464582508,0.9000029297788538,0.5814610668199689,0.936428042442474,27.02498055385378,1.0,6,2,8.090971946716309,4.670856475830078,0.0049057006835937,,1,indomain,0.7156296,151,0.81844115,0.87265015,0.8479857444763184,0.6864506989717484,0.20382557809352875,0.6170373558998108
ind_边框-12_s_seed0.png,ind_边框-12,0.9691854759568204,0.9011949868842904,0.9339544650360788,0.9894995093228656,0.962984552608569,0.9760619928944038,0.999116781157998,0.9919556980472164,0.9955233618415376,0.5815179824452674,0.7142568375166983,5.218249770820111,0.0827297246866041,0.8781157998037291,0.9490716640638556,0.912216003930382,0.9166830225711482,0.9806524379663368,0.94758935319966,0.9552502453385672,0.993406212042339,0.973954669310711,0.4479160983388997,0.5612801466247236,1.9656582751569,0.9789,8,0,14.748199462890623,3.4730684757232666,0.0024909973144531,,0,indomain,0.7170875,66,0.83214384,0.8559613,0.8443623185157776,0.8063141405582428,0.21573883295059204,0.5088316798210144
ind_边框-12_s_seed1.png,ind_边框-12,0.9903827281648676,0.8162582027588055,0.8949293818134699,0.998037291462218,0.8688451408419267,0.9289710332704176,1.0,0.9164323021293692,0.9563941299790356,0.8566480719160715,0.9234367608668992,25.077568577674352,0.1193728457530144,0.9422963689892052,0.9069361277445108,0.9242781765821876,0.9683022571148184,0.9282684630738522,0.9478628330964614,0.9892051030421982,0.9603293413173652,0.9745533737870022,0.6132156056431836,0.729809997179921,10.136802764262042,0.9612,10,1,13.246103286743164,4.42435359954834,0.0030479431152343,,1,indomain,0.7847349,66,0.8273501,0.8525118,0.8105576038360596,0.8521588444709778,0.1732121706008911,0.48209577798843384
ind_边框-2_s_seed0.png,ind_边框-2,0.9823902324489316,0.6619897959183674,0.7909756847834976,0.9931908898802536,0.7732142857142857,0.869505360499432,0.9995304061986382,0.8625,0.9259730372570067,0.8879941064328736,0.9495223516189664,49.49657672170761,0.1856220832092145,0.7698990373327073,0.6822990683720196,0.7234569358671642,0.8278938718008922,0.7538291489025738,0.7891274573265816,0.8955153791969946,0.8300963208589925,0.8615658105701909,0.915355318199218,0.9487721771824698,30.00402738622634,1.0,7,2,11.033788681030272,2.2377305030822754,0.0024147033691406,,0,indomain,0.6706009,75,0.7918728,0.828023,0.7817152738571167,0.8262213051319123,0.19598881900310516,0.29621797800064087
ind_边框-2_s_seed1.png,ind_边框-2,0.9960084526884244,0.7418494368701838,0.8503437642217319,0.9988260154965954,0.8227622999407231,0.9022855304748856,1.0,0.8874728314562339,0.9403820989269824,0.9011603143053928,0.9434494673193204,33.66894885219492,0.0773820072065686,0.965484855599906,0.7923426346528228,0.8703866772426501,0.9821554355482508,0.8574951330304996,0.915601604181521,0.9943648743836582,0.9085009733939,0.9494956855117832,0.9192895464794706,0.9482481143233864,21.163914619412,0.9983,6,0,10.930280685424805,2.2212939262390137,0.0012855529785156,,1,indomain,0.76253366,69,0.84073377,0.86093235,0.7849356532096863,0.8488999724388122,0.21857279539108276,0.2763678729534149
ind_边框-9_s_seed0.png,ind_边框-9,0.9806165584080831,0.8301137739046236,0.8991104832422046,0.9993813795236622,0.878721859114016,0.9351757088880456,1.0,0.9561849431130476,0.9776017819576786,0.8904090744853805,0.9410449107196536,29.71505941802972,0.0874250411221489,0.8661717702855964,0.8402860548271752,0.8530325788835187,0.9373131250644396,0.8900652036738415,0.9130783532304112,0.9790700072172388,0.9622800252401318,0.9706024112141134,0.7216232646517964,0.9265981873111784,18.95574172801896,0.97545,10,0,14.882087707519531,4.611150741577148,0.0030097961425781,,0,indomain,0.8668902,74,0.86211085,0.8846556,0.8067783117294312,0.8447162270545959,0.2546994686126709,0.3074771761894226
ind_边框-9_s_seed1.png,ind_边框-9,0.9877306938859676,0.931221212498444,0.9586439048547613,0.9988658624600474,0.963400970994647,0.9808129306178108,1.0,0.9803311340719532,0.9900678903696252,0.9619331726074009,0.9559565830211182,6.76990776000677,0.1175851418916111,0.7086297556449118,0.8929755803436841,0.79019350532474,0.7688421486751211,0.9277459551803838,0.8408525227597475,0.7996700690792865,0.96060697417345,0.8727815298617574,0.7635178189115829,0.8589869103303238,8.692077999008692,0.99565,8,2,12.614036560058594,3.663522720336914,0.0028648376464843,,1,indomain,0.8802523,74,0.8595025,0.8731825,0.8065325021743774,0.8548108518123627,0.2635606825351715,0.32250428199768066
ood_bicycle_s_seed0.png,ood_bicycle,0.9520522153884776,0.7794392523364486,0.8571418118769999,0.994100665244132,0.8596884735202492,0.9220216750205212,1.0,0.9165109034267912,0.9564369310793238,0.8956099988301695,0.95305150730133,29.905794525417704,0.1337934223866526,0.8238985816493034,0.8036533789255826,0.8136500647273709,0.90510857286306,0.8705120129577971,0.8874732496347322,0.9736412702397388,0.923063079276523,0.9476778067677364,0.8182620429558354,0.939628098569947,19.44839435952127,0.98075,8,1,13.377047538757324,3.0066709518432617,0.0020980834960937,,0,ood,0.24222478,170,0.7432244,0.77818614,0.8154560923576355,0.7852274507284165,0.20531520247459412,0.29293450713157654
ood_bicycle_s_seed1.png,ood_bicycle,0.9553156771683192,0.822025633881304,0.8836726746842712,0.9895820258566588,0.8773335190860964,0.9300832954345474,0.9984937868708422,0.9182223460573976,0.956677195703038,0.8603342860082029,0.952031740120601,21.7294703163882,0.2210375336973802,0.8364503577256182,0.8387706385518202,0.8376088912751698,0.9079954813606124,0.8878058484185399,0.8977871720238633,0.9579515501443454,0.922220011935548,0.9397462527627094,0.7816370166294626,0.9261011960583456,13.197653750444363,0.99035,9,2,11.68053150177002,2.69046688079834,0.0022125244140625,,1,ood,0.19920701,238,0.70736444,0.7535566,0.8207157850265503,0.7912348985671998,0.18778085708618164,0.2505865693092346
ood_carp_fish_s_seed0.png,ood_carp_fish,0.933420365535248,0.6607320894459479,0.7737538358071026,0.9864789257739648,0.8426862270331862,0.9089307247434274,0.9987877657590452,0.935336846603048,0.9660215203092344,0.8557678967659905,0.9252131060202452,44.672784854018815,0.3277468495958631,0.5828981723237598,0.6882979660121511,0.6312285166754117,0.7151249533756061,0.8480232455754161,0.7759246172058585,0.8549981350242447,0.9469049925156292,0.8986076890286032,0.6966298168797237,0.909057564272138,17.441457269007607,1.0,6,0,10.263985633850098,3.4640121459960938,0.0045547485351562,,0,ood,0.26066935,187,0.73215634,0.75327945,0.7971864938735962,0.7406484514474869,0.1816796511411667,0.5264144539833069
ood_carp_fish_s_seed1.png,ood_carp_fish,0.9642857142857144,0.7935811392187231,0.8706449571531962,0.9885303991048116,0.8709774565479264,0.9260382419093198,0.997295785154793,0.9368869385647908,0.966148010256662,0.8832942198583439,0.9277359326539656,31.276728542037496,0.186891351113784,0.8376538604998135,0.8471451093289465,0.8423727506256162,0.9073107049608355,0.9073959832750702,0.9073533421142156,0.961674748228273,0.9564740557954624,0.9590673516720496,0.7734664712274143,0.9133338510522636,13.789038119235304,0.9545,10,1,11.949052810668944,4.07908821105957,0.0034751892089843,,1,ood,0.32942605,187,0.81009924,0.8242212,0.8595238924026489,0.809102213382721,0.18321046233177185,0.45107507705688477
ood_cat_s_seed0.png,ood_cat,0.9686660698299016,0.6082480818414322,0.7472686807895647,0.9939122649955238,0.7006393861892584,0.8218977318107173,1.0,0.7785166240409207,0.8754673569168824,0.5639919992776723,0.6924228911810733,39.04030800291101,0.1729399985166506,0.8064458370635631,0.622945830797322,0.7029173084720909,0.8664279319606087,0.6775207952931629,0.7604176630532314,0.9126230975828112,0.7445729356867519,0.8200773418484758,0.4289863141976753,0.6938535911602209,28.68746625349203,0.9916,8,0,13.431721687316896,2.856471538543701,0.0018692016601562,,0,ood,0.575114,23,0.79154736,0.83414805,0.8598774671554565,0.8374692738056183,0.17460119724273682,0.36736005544662476
ood_cat_s_seed1.png,ood_cat,0.9493285586392122,0.6340279760205538,0.7602846881758905,0.9926589077887198,0.7422209534684556,0.8493639905117114,0.9985675917636526,0.8357122466457322,0.9099104161381169,0.5752635462181329,0.6681434599156119,27.701481324975937,0.0861062869051754,0.760787824529991,0.6329014084507042,0.6909771192640736,0.8341987466427931,0.6980281690140845,0.7600626483751318,0.8970456580125336,0.7820845070422535,0.8356296918985258,0.4515539718643592,0.6591961751083222,18.12334201939104,0.9903,8,0,12.636503219604492,2.9697399139404297,0.00140380859375,,1,ood,0.6283617,23,0.7948599,0.7802116,0.8323366641998291,0.801810199022293,0.16198137402534485,0.3635022044181824
ood_crane_bird_s_seed0.png,ood_crane_bird,0.9076865578671982,0.6203594578668238,0.7370091412868978,0.9450604210788588,0.739933215478295,0.8300109638620967,0.9561480004983182,0.8529267334511884,0.9015925936685798,0.6113354026856886,0.7291089108910891,56.69133886468095,0.1749100318234542,0.665753083343715,0.6828089656590582,0.6741731677209849,0.7510900710103401,0.7843923504009871,0.7673800727997039,0.8323159337236826,0.8818630475015422,0.8563734287221669,0.5003460805265825,0.7100554174435467,21.414075091028472,0.9989,8,0,12.961869239807127,3.4702391624450684,0.0027236938476562,,0,ood,0.32650807,160,0.80063576,0.81822824,0.808256983757019,0.782499012351036,0.23042069375514984,0.5109102725982666
ood_crane_bird_s_seed1.png,ood_crane_bird,0.9652423072131556,0.7620114366562518,0.8516706706834648,0.988787841036502,0.8486116842539645,0.9133527070212756,0.9978821477513392,0.9327949065613392,0.9642414122980406,0.754563499712875,0.7527625735825674,24.204620068047515,0.1238243123336291,0.8009218886258876,0.7903554239170677,0.7956035743358645,0.845147626759686,0.8458904109589042,0.8455188557262506,0.8843901831319297,0.913550536838208,0.8987338877202076,0.5975612936941285,0.7362487008459302,16.444815853876918,0.9989,7,1,13.061614990234377,3.5204226970672607,0.0023040771484375,,1,ood,0.32649162,13,0.7933369,0.82436025,0.791588306427002,0.8168467938899995,0.21543344855308533,0.42537227272987366
ood_deer_s_seed0.png,ood_deer,0.9481395593970696,0.7467165133553052,0.8354591016303429,0.9903025192368504,0.8307344188105662,0.9035274030706602,0.9987351112048066,0.900782133897388,0.9472330372245816,0.7641944761641519,0.8113322255096664,31.22170580068812,0.1978803387834594,0.8169073468957521,0.7792061344158773,0.7976114773837807,0.9097712659428692,0.8502480829950383,0.879003148799114,0.9656371877305788,0.9009923319801534,0.9321953739968266,0.6689281921656913,0.7880116959064327,15.1656908311704,0.94385,14,0,12.731128692626951,3.329963207244873,0.0028076171875,,0,ood,0.28066117,19,0.75280285,0.790631,0.852635383605957,0.7941502243280412,0.16653387248516083,0.3723316192626953
ood_deer_s_seed1.png,ood_deer,0.9599451881522084,0.7785673232666284,0.8597947391386797,0.9861916306524718,0.8395422958357281,0.9069772694913086,0.9960999262148202,0.890903390981765,0.9405694138787972,0.8170655988521713,0.8524260035139883,27.796221403995894,0.1328174977914521,0.8215452724781279,0.8109732303129634,0.8162250196011278,0.8836302308422052,0.8580348083977211,0.8706444450949105,0.9401285970275112,0.8993210021072349,0.9192721479144113,0.6872426383601725,0.7894837606837607,14.441359328786142,0.99295,9,0,13.684539794921877,3.59020471572876,0.002349853515625,,1,ood,0.33635375,102,0.7524888,0.7521774,0.8212172985076904,0.7941314250230789,0.14924649894237518,0.36616596579551697
ood_frog_s_seed0.png,ood_frog,0.9856070087609512,0.6975936172950714,0.8169592475544184,0.9973404255319148,0.7643160468408184,0.8654165024244388,0.9993742177722152,0.8325826791918672,0.9083856341019372,0.96808566478957,0.9576705740565984,41.07681329558272,0.1375757351398709,0.9139549436795996,0.7176205497972059,0.8039748718897419,0.940863579474343,0.7569175304191077,0.8389257400580867,0.9651126408010012,0.8221721496169445,0.887926466743213,0.9470992657500518,0.94654563792234,30.672375296365352,1.0,7,0,10.282563209533691,3.268491268157959,0.0017890930175781,,0,ood,0.36572915,13,0.8175743,0.8348826,0.869017481803894,0.8546811521053315,0.1843213140964508,0.43563440442085266
ood_frog_s_seed1.png,ood_frog,0.9799749687108886,0.7073613445378151,0.8216458165901681,0.9934292866082604,0.7670588235294118,0.8656902542622731,0.9989048811013768,0.8227899159663865,0.9023343147301556,0.8688805152969522,0.925995164106927,35.88610363004396,0.1366238775387211,0.9458698372966208,0.7918489065606362,0.8620336277773852,0.9729349186483104,0.8228628230616302,0.8916282220645523,0.9865456821026284,0.8640159045725646,0.9212243094870534,0.8555414727525,0.9199990962902715,18.56455585479824,0.98345,11,0,10.210655212402344,3.3715314865112305,0.0012321472167968,,1,ood,0.34990817,12,0.7741829,0.8265424,0.8834630250930786,0.8409215450286864,0.19041568040847778,0.4218864440917969
ood_potted_chrysanthemum_s_seed0.png,ood_potted_chrysanthemum,0.9518441698980972,0.8096003898635478,0.8749788992997001,0.987465055460366,0.8865984405458089,0.9343173058227656,0.998647308143205,0.9351851851851852,0.965874935934276,0.6381490303150246,0.8314676351207007,11.691508272938602,0.1686989330601434,0.7814049959419245,0.8088721457676635,0.7949013655590119,0.8556226891514113,0.8577688936726378,0.8566944472377291,0.9239787176481198,0.8993618820635043,0.9115041244867408,0.53260608817648,0.7771517054496968,7.874105474269566,0.99305,7,0,12.406723976135254,3.893878936767578,0.0031623840332031,,0,ood,0.39407393,129,0.7934446,0.83255804,0.8492027521133423,0.8274008274078369,0.19662891328334808,0.45631200075149536
ood_potted_chrysanthemum_s_seed1.png,ood_potted_chrysanthemum,0.949409324555866,0.7564155724487446,0.8419949773076388,0.9850302101181352,0.8156185210780926,0.8923549266158828,0.998376769771846,0.8577286339553098,0.9227238293574844,0.6187159593089483,0.8792250490048642,34.72127261953599,0.2524329034079055,0.7893407881684552,0.8258151969274795,0.8071661492007624,0.8609432771214718,0.8657278409518789,0.8633289300814541,0.9250608711335556,0.9030800512086754,0.9139383169696852,0.4901495393373924,0.8034878508959378,10.301289940288983,0.9847,9,0,12.070853233337402,3.8372435569763184,0.0033493041992187,,1,ood,0.33078897,167,0.8086825,0.85125464,0.8332058191299438,0.8199360489845275,0.18610447645187378,0.4979979991912842
ood_rabbit_s_seed0.png,ood_rabbit,0.9818790075271816,0.5653414155821002,0.7175407715084916,0.9977697240033454,0.653949010518809,0.7900746175484651,1.0,0.7136744517739347,0.832917186849771,0.786305365606638,0.9137123167197704,50.44126360432844,0.390870313552346,0.846947309729579,0.53,0.6519960073778475,0.891274045163089,0.5754666666666667,0.6993717426942887,0.9325341511011987,0.6284,0.7508381569313252,0.7102735497474121,0.8907295457213288,41.132628558954686,0.9891,7,0,9.31853485107422,2.4476592540740967,0.0015830993652343,,0,ood,0.5147222,39,0.7770223,0.7647867,0.8470133543014526,0.7850285738706588,0.1474035382270813,0.3772979974746704
ood_rabbit_s_seed1.png,ood_rabbit,0.9356007805965988,0.5325443786982249,0.6787461488504417,0.9456370225815444,0.6127177264772065,0.7436157484665189,0.9492612210761082,0.6912242686890574,0.7999490363394098,0.8539738912386057,0.95905896730828,70.3682913899024,0.0921946242387526,0.7644270978533594,0.5571787621740496,0.6445530502496449,0.8065235572902146,0.5937794533459001,0.6839906981858536,0.8497351547253973,0.6429469054351241,0.7320173568795734,0.814355922451659,0.9628713641312802,40.0099791062463,0.98535,8,1,12.092535018920898,2.981876373291016,0.0012664794921875,,1,ood,0.5719246,39,0.8052331,0.8193647,0.8142052292823792,0.8133611321449279,0.16909608244895935,0.39199742674827576
ood_rooster_s_seed0.png,ood_rooster,0.9440384422865152,0.8398788020044284,0.8889177774262409,0.987786565221744,0.9185992308588744,0.9519374104978398,0.9996996696366004,0.9607271879734296,0.9798260503315231,0.6529368636367525,0.8991107985230212,7.124014087336128,0.0885033490721423,0.7004705175693262,0.832176843774782,0.7606646632098358,0.7705476023625989,0.8947264076130056,0.8280070235009585,0.8433276604264691,0.9341792228390168,0.8864316485442014,0.5899365407952283,0.8888285100467584,3.2674049573496524,0.99295,9,0,11.97313404083252,3.725061416625977,0.0018959045410156,,0,ood,0.5665786,158,0.7881356,0.8182245,0.8683686256408691,0.8309289693832398,0.1794491708278656,0.3959242105484009
ood_rooster_s_seed1.png,ood_rooster,0.9547502252477724,0.839446212248088,0.8933932132267993,0.990689758734608,0.919778931502261,0.9539183472576812,0.9998998898788668,0.9654440908837156,0.9823699562091528,0.8196183722407822,0.9253832428137904,14.689931304149871,0.1055837869626189,0.825007508259085,0.8524325197995798,0.838495823821213,0.8887776554209631,0.9125585905931792,0.9005111470735339,0.9367304034437882,0.9547438176822368,0.9456513353806438,0.7104190271442821,0.8783769633507853,10.68602113100419,0.9394,10,0,12.444168090820312,3.3901965618133545,0.0026741027832031,,1,ood,0.56369257,10,0.8262292,0.81831944,0.896647572517395,0.8217735528945923,0.19352790713310242,0.38573071360588074
ood_teapot_s_seed0.png,ood_teapot,0.9906485671191554,0.5719072884669086,0.7251697708204441,0.9993966817496228,0.6528902541189612,0.7898099771274288,1.0,0.7131155170808898,0.8325364051293197,0.9468594539416728,0.9691449128309196,54.70284197131321,0.2014419315175677,0.9248868778280545,0.6087077479482543,0.7342042010933921,0.9571644042232278,0.651829183474753,0.7755253927998087,0.9743589743589745,0.6871609403254972,0.8059384941675504,0.943037539038757,0.9750362980656644,38.364256201593015,1.0,6,0,10.914345741271973,2.268947124481201,0.0015640258789062,,0,ood,0.50205773,60,0.80181956,0.8303958,0.8258527517318726,0.8163391470909118,0.1596217155456543,0.33657556772232056
ood_teapot_s_seed1.png,ood_teapot,0.9695324283559578,0.5187189108997294,0.6758466020535121,0.9785822021116138,0.5947290339471158,0.7398297734879411,0.9855203619909504,0.6463914826773715,0.7807186032472777,0.9287331274792334,0.969356580774572,70.57012238229149,0.3107400993826231,0.8733031674208145,0.4889964281599263,0.6269430468229459,0.9161387631975868,0.552828666897108,0.6895561613896892,0.9508295625942684,0.5966125129623229,0.7331800313548951,0.7641346486428097,0.8020121665886757,59.99717216784755,1.0,6,1,9.756010055541992,2.064309597015381,0.0021476745605468,,1,ood,0.56165296,60,0.84056306,0.8639606,0.8294864892959595,0.8291287899017334,0.16551275551319122,0.3388880491256714
ood_tiger_s_seed0.png,ood_tiger,0.8711528863749792,0.7151642727422817,0.7854891020385767,0.911246048910331,0.8171537064553409,0.8616387314893172,0.9196473132590252,0.909938913653624,0.9147673554402465,0.5090005953609458,0.8275190004851187,37.48540055754951,0.2399491179325812,0.6898186657794044,0.7300626161150485,0.7093703201889808,0.7675095657960406,0.8142847313011766,0.7902055554280468,0.8462818166694394,0.9060070185095987,0.8751265774757107,0.4130761689458099,0.8007075873827793,23.00957382415877,0.93315,12,0,11.96757984161377,4.191343307495117,0.0038375854492187,,0,ood,0.5509093,23,0.80461884,0.8063773,0.8003207445144653,0.8094124794006348,0.20511823892593384,0.5797224044799805
ood_tiger_s_seed1.png,ood_tiger,0.9153219098319748,0.6398262237369386,0.7531719306089156,0.9624022625187156,0.7248792180068162,0.8269223689283547,0.9750457494593244,0.8124414815924497,0.8863477171191151,0.2789812579205428,0.8460735430461159,37.99691386968346,0.1932587999215437,0.7705872566960572,0.6243057098422573,0.6897762564262173,0.8573448677424721,0.7015107753832481,0.7716386896927886,0.9243886208617534,0.7892690513219285,0.8515018392333135,0.2809765447916748,0.8495344342291892,26.283259021816043,0.99325,10,1,10.532596588134766,5.574009418487549,0.004608154296875,,1,ood,0.5475572,23,0.7772636,0.7422515,0.7940674424171448,0.8165450155735017,0.19710341095924377,0.5633209943771362
ood_woman_beating_a_drum_s_seed0.png,ood_woman_beating_a_drum,0.9672664430212464,0.5715085950355355,0.7184950005092213,0.9871912168344008,0.6248643349788188,0.7653093375229183,0.9975602317779813,0.6946049084479922,0.8189628978800149,0.6783004189108318,0.8829766235231086,54.41935810468766,0.3747083378614213,0.8109179627935346,0.5771099310812338,0.6743219090704159,0.8499542543458372,0.6077844311377245,0.7087538639331786,0.8980380197214598,0.6793017738108689,0.7735033659174395,0.6431769619659541,0.8840315932118821,34.71448820492052,0.99175,9,2,8.006193161010742,4.83886194229126,0.0041465759277343,,0,ood,0.46108127,47,0.76800436,0.7477273,0.7856951951980591,0.8024182021617889,0.14084908366203308,0.6055071949958801
ood_woman_beating_a_drum_s_seed1.png,ood_woman_beating_a_drum,0.9675714140489988,0.5471481606479919,0.6990137690646668,0.9902409271119244,0.6158285521430982,0.7593925970114828,0.9990850869167428,0.6912251096861289,0.8171194851427046,0.7529519203560312,0.8888142539989754,60.418143160878806,0.3907861763506032,0.8472095150960659,0.5218027371401605,0.6458324141163844,0.8944800243976823,0.5713544124587069,0.6973026365676217,0.9385991664125242,0.6697970740915526,0.7817364397853247,0.7386849096246129,0.8861044717371834,48.25604940771489,0.9444,10,1,7.801014900207519,5.130362987518311,0.0056571960449218,,1,ood,0.3854841,47,0.75591224,0.7730363,0.8107528686523438,0.789396995306015,0.15614205598831177,0.6348690986633301
repo_bird_s_seed0.png,repo_bird,0.936970684039088,0.8876703577512777,0.9116544934091136,0.9859934853420196,0.9504897785349232,0.9679161674171514,0.9995114006514658,0.9879684838160137,0.9937064226670485,0.8172808020079598,0.8810034069677987,10.718561207160556,0.1750276891002671,0.7656351791530944,0.9084829285462864,0.8309646572199503,0.8620521172638437,0.9584653291094684,0.9077057381996384,0.9394136807817588,0.9836325237592396,0.9610147145703885,0.6547107385214967,0.8231631036112423,6.236253793257051,0.996,7,0,15.955143928527832,2.065133571624756,0.00213623046875,,0,repo,0.70186704,160,0.754884,0.76947033,0.7667174935340881,0.7901339709758759,0.1645088791847229,0.24132350087165833
repo_bird_s_seed1.png,repo_bird,0.9493485342019544,0.8843953442493588,0.9157215831332396,0.990228013029316,0.958078516472677,0.973888011282614,0.9998371335504886,0.9939830341290196,0.996901489664464,0.8940801295973245,0.9189196607471248,9.577104039644755,0.1902390438247012,0.7408794788273616,0.8998492714788142,0.8126631036994946,0.8452768729641694,0.957126109529392,0.8977310543240355,0.9291530944625408,0.9854295762853792,0.9564642511078314,0.6010093444610886,0.8471859547752653,6.848743005094796,0.97365,8,1,17.625471115112305,2.211508512496948,0.0021095275878906,,1,repo,0.7029176,160,0.79229283,0.8389966,0.8155794143676758,0.7741972297430038,0.1864103227853775,0.22693243622779846
repo_fish_s_seed0.png,repo_fish,0.9917920656634748,0.714761468653734,0.8307911110873815,0.9995440036479708,0.7883606693863958,0.881480083006557,1.0,0.8557988510532012,0.9222969941677882,0.9771223995853628,0.9525899356472202,51.42284394474223,0.3723023906956709,0.9119927040583676,0.7805226331572184,0.841151546623933,0.9496124031007752,0.8190775381979152,0.8795280294327585,0.9824441404468764,0.8711980579751535,0.92348289001513,0.9681109955273992,0.9558810782699142,26.77909966444416,0.99145,8,1,11.054306030273438,1.9841512441635127,0.0014305114746093,,0,repo,0.56519765,186,0.7465193,0.77349097,0.807119607925415,0.8022335529327392,0.16863557696342468,0.32191115617752075
repo_fish_s_seed1.png,repo_fish,0.9883720930232558,0.7604733276075961,0.8595735284880102,0.997720018239854,0.84740910392213,0.9164421247995256,1.0,0.912014505200878,0.953982830904372,0.9468271617943964,0.9355320782913716,25.75500065368022,0.1928047052762632,0.9060647514819882,0.8549798115746972,0.8797813374488805,0.9377564979480164,0.8882907133243607,0.912353616428536,0.9671682626538988,0.9167227456258412,0.9412701067370892,0.9909274985644776,0.9593005728067532,13.073604392731076,0.99685,6,0,12.16734790802002,2.291775941848755,0.0010757446289062,,1,repo,0.6436726,187,0.69710225,0.7770016,0.7820848822593689,0.8226552128791809,0.16214421391487122,0.2800457179546356
repo_motif_s_seed0.png,repo_motif,0.9728792179123305,0.786468869408856,0.8697985624299017,0.988647114474929,0.8447591219000524,0.9110568642377488,0.9973194575843582,0.8871656552034165,0.9390231464615292,0.9825474528698738,0.9589820934806076,27.67746047160936,0.1751595769107134,0.8809523809523809,0.860128617363344,0.8704159704511476,0.9148533585619678,0.8831313381152609,0.898712510978741,0.9519079154840744,0.8998268612416522,0.9251349842828906,0.9849932703253084,0.9684409496446392,14.142211162028469,1.0,4,0,9.832759857177734,2.5726394653320312,0.0015907287597656,,0,repo,0.5887288,165,0.78726035,0.766215,0.7928417921066284,0.8347001135349275,0.1858586221933365,0.3793312907218933
repo_motif_s_seed1.png,repo_motif,0.9631031220435194,0.7512444886929313,0.844083087871936,0.9813938820561338,0.8314606741573034,0.9002271208040311,0.9943235572374646,0.9062011093727776,0.9482193275093808,0.9742253131739406,0.955746130401004,33.413249977238934,0.2085600572121513,0.8595080416272469,0.7806174375212032,0.8181654068715322,0.8986124251024913,0.8205360171887368,0.8578012720148832,0.9426048565121412,0.886463869727468,0.9136727742817417,0.9683620662763288,0.9503808717731697,23.155594670874937,0.9916,8,0,11.605789184570312,3.020948648452759,0.002044677734375,,1,repo,0.51597023,165,0.8349236,0.8535606,0.7923424243927002,0.8259718537330627,0.20112910866737366,0.3806653618812561
