component,host,before,after,prespecified,kid_before,kid_after,raw_line_recall_t3_before,raw_line_recall_t3_after,raw_line_recall_t3_diff,raw_line_recall_t3_lo,raw_line_recall_t3_hi,raw_line_recall_t3_p,raw_line_recall_t3_improved,raw_sil_iou_before,raw_sil_iou_after,raw_sil_iou_diff,raw_sil_iou_lo,raw_sil_iou_hi,raw_sil_iou_p,raw_sil_iou_improved,clip_style_dedup_before,clip_style_dedup_after,clip_style_dedup_diff,clip_style_dedup_lo,clip_style_dedup_hi,clip_style_dedup_p,clip_style_dedup_improved,palette_js_before,palette_js_after,palette_js_diff,palette_js_lo,palette_js_hi,palette_js_p,palette_js_improved,palette_de_before,palette_de_after,palette_de_diff,palette_de_lo,palette_de_hi,palette_de_p,palette_de_improved
Scissor-path training,SDXL style block,coll,cutline,False,0.46477546447690976,0.5527462129481631,0.9125449577567617,0.9683919645984406,0.05584700684167886,0.0417198553241404,0.07152832887099278,1.1641532182693481e-10,True,0.32212032991297107,0.32253814314282486,0.00041781322985379177,7.205449313801481e-05,0.0008735636355330995,0.0014737808438751421,True,0.7772088120965397,0.816066727918737,0.03885791582219741,0.027937390217009715,0.05058577122057185,1.594889909029007e-08,True,0.5321066899257577,0.358438675172152,-0.1736680147536057,-0.21333153698010873,-0.13514314966232538,2.9103830456733704e-09,True,17.229747089620272,8.61410649113382,-8.615640598486452,-9.249076920637366,-7.968737331362527,1.1641532182693481e-10,True
Scissor-path training,Conventional LoRA,fulllora,fulllora_cl,False,0.44832352372124795,0.48410585095973957,0.8833690462950445,0.84387380077506,-0.03949524551998438,-0.06635520814970142,-0.008318698298651986,0.0009027274791151285,False,0.32212032991297107,0.32212032991297107,0.0,0.0,0.0,1.0,False,0.7808869297013563,0.8029971762615091,0.02211024656015284,0.010028016852105364,0.03374284387511365,0.0012807671446353197,True,0.5026764619756965,0.3445763134103062,-0.15810014856539023,-0.1955641151800132,-0.11917336571690508,5.203764885663986e-08,True,17.157637567269987,9.848834528922353,-7.308803038347633,-7.981151639556541,-6.644419690772821,1.1641532182693481e-10,True
Scissor-path training,Qwen-Image-Edit-2511,qwen_q0,qwen_q1,True,0.6581412842159917,0.11054366377062586,0.8939406781243637,0.9715668258726587,0.07762614774829481,0.05580650222626534,0.10097775179059107,1.0244548320770264e-08,True,0.6766860431699379,0.8714084351893945,0.1947223920194567,0.12240946936164925,0.2725997041991184,2.3443950340151787e-05,True,0.7727696781649309,0.8479002275887657,0.07513054942383486,0.06403434745529119,0.085661434557508,1.1641532182693481e-10,True,0.48879610425276176,0.4124060791552552,-0.07639002509750653,-0.10028136153519131,-0.05161444179954828,8.10145866125822e-06,True,9.240821183636767,6.876572436795951,-2.364248746840816,-2.992648509834066,-1.727897587967039,1.2444797903299332e-07,True
Scissor-path maps vs generic edges,SDXL style block,cl_canny,cutline,False,0.45830119808450753,0.5527462129481631,0.9670034644780418,0.9683919645984406,0.0013885001203989638,-0.004866169932555161,0.007235754332838127,0.33423195546492934,False,0.32229143531327603,0.32253814314282486,0.0002467078295488312,-0.0002945268999954586,0.000789435043473632,0.015653550837455003,False,0.787245099158848,0.816066727918737,0.028821628759889042,0.01899824462392751,0.03897905273034292,1.7101410776376724e-06,True,0.4240945733657174,0.358438675172152,-0.06565589819356538,-0.09293475688246294,-0.03917913324859884,1.0103569366037846e-05,True,10.415216127338955,8.61410649113382,-1.801109636205136,-2.3345245382505513,-1.2714806663464095,6.672926247119904e-07,True
Scissor-path maps vs generic edges,Qwen-Image-Edit-2511,qwen_q1_canny,qwen_q1,False,0.13961787232660505,0.11054366377062586,0.9819646008642342,0.9715668258726587,-0.010397774991575685,-0.022812645319104187,0.0005252268396007572,0.1554643746373847,False,0.873341407547022,0.8714084351893945,-0.0019329723576276597,-0.024262882315468616,0.025595455844410524,0.007276198244653642,False,0.8421478867530823,0.8479002275887657,0.005752340835683486,-0.0012251515817992826,0.013030922325218422,0.2025150265544653,False,0.43373148213555884,0.4124060791552552,-0.021325402980303665,-0.04707496988017048,0.004452379758692371,0.07518593384884298,False,7.710961621127012,6.876572436795951,-0.8343891843310632,-1.2910702762596709,-0.414758856729563,0.0008403965039178729,True
Craft guidance,B-LoRA,blora,blora_guide,False,0.5181313396310294,0.4834397524921563,0.5726106083833811,0.6678605528363589,0.09524994445297787,0.07315190249893944,0.11775126297739823,8.149072527885437e-09,True,0.32424698149088904,0.5750204772902651,0.250773495799376,0.22242773794394688,0.2784841607777782,1.1641532182693481e-10,True,0.7443827565978555,0.7845262762378243,0.04014351963996887,0.025086884726496304,0.05620932473855857,5.767447873950005e-06,True,0.476268463402134,0.4610992090235989,-0.015169254378535058,-0.039365324638490996,0.00957239520378927,0.15775297058280557,False,9.381400646472105,5.769610180943991,-3.611790465528114,-4.075764466826227,-3.1541247863070505,1.1641532182693481e-10,True
Craft guidance,InstantStyle,instantstyle,instantstyle_guide,False,0.4450466619379245,0.36130709606792877,0.9462188637814075,0.9579972237319817,0.01177835995057423,0.002143825502732633,0.02144309998235474,0.031331676873378456,True,0.32212032991297107,0.4829806465557586,0.16086031664278752,0.11151762283762098,0.21158413711514118,2.7015948487105512e-05,True,0.807998925447464,0.8118108607390347,0.0038119352915707756,-0.0041432089446222075,0.01118729129871901,0.22142491699196398,False,0.43422793678486926,0.5029724882733496,0.0687445514884803,0.049856579795037416,0.0883063236897729,1.7264392226934433e-07,False,10.00961348955739,6.02596033209798,-3.983653157459407,-4.461343870841456,-3.5125123788480876,1.1641532182693481e-10,True
Craft guidance,Conventional LoRA,fulllora,fulllora_guide,False,0.44832352372124795,0.3248571465530503,0.8833690462950445,0.9728614925803943,0.08949244628534976,0.059504146219655454,0.12646357867334182,2.3283064365386963e-10,True,0.32212032991297107,0.741298693386264,0.4191783634732931,0.3810626322668221,0.45490166310972957,1.1641532182693481e-10,True,0.7808869297013563,0.781494082773433,0.0006071530720766853,-0.011035266058409916,0.01180141403832856,0.7356559975305572,False,0.5026764619756965,0.6016037684639652,0.09892730648826886,0.06787222931790672,0.13316213108879485,3.573950380086899e-08,False,17.157637567269987,5.010122265645136,-12.147515301624852,-12.830039736146908,-11.453066303721673,1.1641532182693481e-10,True
Craft guidance,SDXL cut-line block,cutline,cutcraft,False,0.5527462129481631,0.47633899578293004,0.9683919645984406,0.9784687081878303,0.010076743589389595,0.00419220589010063,0.01650702783607747,0.0036093484377488494,True,0.32253814314282486,0.5591182058836891,0.2365800627408643,0.19738146383831054,0.2745405598072006,1.1641532182693481e-10,True,0.816066727918737,0.8245838486096438,0.00851712069090675,0.001643696471172221,0.014993784489000543,0.023753465386107564,True,0.358438675172152,0.3844307757892811,0.025992100617129074,0.0038822732364453315,0.04771653999025076,0.022654493572190404,False,8.61410649113382,6.3066899251115975,-2.3074165660222206,-2.830597343405416,-1.7932777445876196,8.149072527885437e-09,True
Craft guidance,Qwen + cut-line LoRA,qwen_q1,qwen_q2,False,0.11054366377062586,0.322926651219122,0.9715668258726587,0.9846664503814412,0.013099624508782248,0.0012024490079490333,0.02606856821926939,0.02732317999470979,True,0.8714084351893945,0.8712679738059643,-0.00014046138343008855,-0.02271278088280146,0.023468692854013488,0.49889484921004623,False,0.8479002275887657,0.7972404772744459,-0.05065975031431984,-0.06342246420681477,-0.038736379037008564,1.6298145055770874e-09,False,0.4124060791552552,0.4193997825966008,0.006993703441345654,-0.019514153219140774,0.03253941149747108,0.35160549916327,False,6.876572436795951,8.125950384985376,1.2493779481894256,0.760726502851492,1.7491134093045275,3.4899450838565826e-05,False
