file,size,fragments,slivers_le2px
/home/ubuntu/kushulan-papercut-blora/outputs/gen/ksl_original/ind_人物-16_s_seed0.png,512,1541,1247
/home/ubuntu/kushulan-papercut-blora/outputs/gen/ksl_original/ind_人物-16_s_seed0.png,1024,3201,2528
/home/ubuntu/kushulan-papercut-blora/outputs/gen/ksl_original/ind_人物-26_s_seed0.png,512,2287,1830
/home/ubuntu/kushulan-papercut-blora/outputs/gen/ksl_original/ind_人物-26_s_seed0.png,1024,5674,4776
/home/ubuntu/kushulan-papercut-blora/outputs/gen/ksl_original/ind_人物-3_s_seed0.png,512,216,185
/home/ubuntu/kushulan-papercut-blora/outputs/gen/ksl_original/ind_人物-3_s_seed0.png,1024,775,733
/home/ubuntu/kushulan-papercut-blora/outputs/gen/ksl_original/ind_人物-4_s_seed0.png,512,1490,1124
/home/ubuntu/kushulan-papercut-blora/outputs/gen/ksl_original/ind_人物-4_s_seed0.png,1024,4155,3557
/home/ubuntu/kushulan-papercut-blora/outputs/gen/ksl_original/ind_人物-5_s_seed0.png,512,1351,1267
/home/ubuntu/kushulan-papercut-blora/outputs/gen/ksl_original/ind_人物-5_s_seed0.png,1024,2150,2015
/home/ubuntu/kushulan-papercut-blora/outputs/gen/ksl_original/ind_动物-18_s_seed0.png,512,668,613
/home/ubuntu/kushulan-papercut-blora/outputs/gen/ksl_original/ind_动物-18_s_seed0.png,1024,1663,1489
/home/ubuntu/kushulan-papercut-blora/outputs/gen/ksl_original/ind_动物-38_s_seed0.png,512,791,677
/home/ubuntu/kushulan-papercut-blora/outputs/gen/ksl_original/ind_动物-38_s_seed0.png,1024,4213,3766
/home/ubuntu/kushulan-papercut-blora/outputs/gen/ksl_original/ind_动物-鸟-3_s_seed0.png,512,85,83
/home/ubuntu/kushulan-papercut-blora/outputs/gen/ksl_original/ind_动物-鸟-3_s_seed0.png,1024,1099,1092
/home/ubuntu/kushulan-papercut-blora/outputs/gen/ksl_original/ind_日常-25_s_seed0.png,512,988,939
/home/ubuntu/kushulan-papercut-blora/outputs/gen/ksl_original/ind_日常-25_s_seed0.png,1024,2545,2395
/home/ubuntu/kushulan-papercut-blora/outputs/gen/ksl_original/ind_日常-3_s_seed0.png,512,145,143
/home/ubuntu/kushulan-papercut-blora/outputs/gen/ksl_original/ind_日常-3_s_seed0.png,1024,359,355
/home/ubuntu/kushulan-papercut-blora/outputs/gen/ksl_original/ind_日常-6_s_seed0.png,512,90,89
/home/ubuntu/kushulan-papercut-blora/outputs/gen/ksl_original/ind_日常-6_s_seed0.png,1024,676,671
/home/ubuntu/kushulan-papercut-blora/outputs/gen/ksl_original/ind_植物-17_s_seed0.png,512,188,188
/home/ubuntu/kushulan-papercut-blora/outputs/gen/ksl_original/ind_植物-17_s_seed0.png,1024,1440,1404
/home/ubuntu/kushulan-papercut-blora/outputs/gen/ksl_original/ind_植物-29_s_seed0.png,512,105,105
/home/ubuntu/kushulan-papercut-blora/outputs/gen/ksl_original/ind_植物-29_s_seed0.png,1024,674,668
/home/ubuntu/kushulan-papercut-blora/outputs/gen/ksl_original/ind_植物-8_s_seed0.png,512,281,270
/home/ubuntu/kushulan-papercut-blora/outputs/gen/ksl_original/ind_植物-8_s_seed0.png,1024,1048,1023
/home/ubuntu/kushulan-papercut-blora/outputs/gen/ksl_original/ind_窗花-3_s_seed0.png,512,253,253
/home/ubuntu/kushulan-papercut-blora/outputs/gen/ksl_original/ind_窗花-3_s_seed0.png,1024,507,507
/home/ubuntu/kushulan-papercut-blora/outputs/gen/ksl_original/ind_窗花-4_s_seed0.png,512,144,144
/home/ubuntu/kushulan-papercut-blora/outputs/gen/ksl_original/ind_窗花-4_s_seed0.png,1024,261,261
/home/ubuntu/kushulan-papercut-blora/outputs/gen/ksl_original/ind_边框-12_s_seed0.png,512,1229,1115
/home/ubuntu/kushulan-papercut-blora/outputs/gen/ksl_original/ind_边框-12_s_seed0.png,1024,1562,1301
/home/ubuntu/kushulan-papercut-blora/outputs/gen/ksl_original/ind_边框-2_s_seed0.png,512,127,126
/home/ubuntu/kushulan-papercut-blora/outputs/gen/ksl_original/ind_边框-2_s_seed0.png,1024,732,725
/home/ubuntu/kushulan-papercut-blora/outputs/gen/ksl_original/ind_边框-9_s_seed0.png,512,319,309
/home/ubuntu/kushulan-papercut-blora/outputs/gen/ksl_original/ind_边框-9_s_seed0.png,1024,823,755
