a,b,metric,n,mean_a,mean_b,diff,ci_lo,ci_hi,p,r_rb,better,family,p_holm
cutcraft,blora,raw_line_recall_t3,34,0.9784687081878303,0.5726106083833811,0.4058580998044491,0.38377163003140013,0.4268843252305985,1.1641532182693481e-10,1.0,a,primary,1.1641532182693481e-09
cutcraft,blora,raw_sil_iou,34,0.5591182058836891,0.32424698149088904,0.2348712243928001,0.19523419592218558,0.2726918239285067,1.1641532182693481e-10,1.0,a,primary,1.1641532182693481e-09
cutcraft,blora,clip_style_dedup,34,0.8277324473529412,0.7459917524999999,0.08174069485294118,0.0648539653492647,0.09916555077941175,2.3283064365386963e-10,0.9966386554621849,a,primary,1.862645149230957e-09
cutcraft,blora,palette_js,34,0.3844307757892811,0.476268463402134,-0.09183768761285294,-0.12425246149803215,-0.05723330988307011,1.1264928616583347e-05,-0.7983193277310925,a,primary,5.6324643082916737e-05
cutcraft,instantstyle_guide,raw_line_recall_t3,34,0.9784687081878303,0.9579972237319817,0.02047148445584855,0.013236699273546747,0.02855197018933099,8.807983249425888e-07,0.8689075630252101,a,primary,5.284789949655533e-06
cutcraft,instantstyle_guide,raw_sil_iou,34,0.5591182058836891,0.4829806465557586,0.07613755932793055,0.036285328831650865,0.11762412510334465,0.0013714433880522847,0.6100840336134454,a,primary,0.004114330164156854
cutcraft,instantstyle_guide,clip_style_dedup,34,0.8277324473529412,0.8150472882352942,0.01268515911764706,0.005719770547794112,0.018955686231617645,0.0005828350549563766,0.6504201680672269,a,primary,0.002331340219825506
cutcraft,instantstyle_guide,palette_js,34,0.3844307757892811,0.5029724882733496,-0.11854171248406846,-0.14574664316228894,-0.0911221575670187,1.280568540096283e-08,-0.9529411764705882,a,primary,8.963979780673981e-08
cutcraft,cutline,proj_line_recall_t3,34,0.867783385279048,0.8831685334858815,-0.015385148206833454,-0.028425033049432648,-0.003044830343128302,0.05043982632923871,-0.38487394957983195,b,primary,0.10087965265847743
cutcraft,cutline,proj_edge_prec_t3,34,0.6299681434521985,0.6044104291590449,0.025557714293153684,0.019002637572189104,0.032665633088272694,6.239861249923706e-08,0.9260504201680673,a,exploratory,
cutcraft,cutline,proj_decoration_density,34,28.7282208465912,34.45705265034028,-5.72883180374908,-7.35610106089265,-4.225291821464684,5.005858838558197e-09,-0.9663865546218487,b,exploratory,
cutcraft,cutline,proj_clip_style_dedup,34,0.8445736501470588,0.8468978273529412,-0.002324177205882366,-0.009222459805147082,0.004306516036764694,0.5887860532384366,-0.1092436974789916,b,primary,0.5887860532384366
cutcraft,cutline,proj_dino_gt,19,0.7012801013494793,0.696193422141828,0.005086679207651238,-0.00586359336187965,0.016037211841658534,0.37359619140625,0.24210526315789474,a,exploratory,
cutcraft,cutline,proj_purity,34,0.9726602941176469,0.9819867647058823,-0.00932647058823528,-0.01603838235294118,-0.0030437132352941184,0.012058422847016505,-0.5008912655971479,b,exploratory,
cutcraft,cutline,proj_pieces_below_alpha,34,0.36764705882352944,0.4852941176470588,-0.11764705882352941,-0.3235294117647059,0.08823529411764706,0.34117736526747366,-0.21739130434782608,a,exploratory,
cutcraft,cutline,proj_cut_residual_fg,34,12.175563125049367,39.119772504357734,-26.944209379308365,-28.95667490205344,-24.84096090530648,1.1641532182693481e-10,-1.0,a,exploratory,
