file,content,raw_line_recall_t2,raw_edge_prec_t2,raw_edge_f1_t2,raw_line_recall_t3,raw_edge_prec_t3,raw_edge_f1_t3,raw_line_recall_t5,raw_edge_prec_t5,raw_edge_f1_t5,raw_contour_f,raw_sil_iou,raw_decoration_density,raw_palette_conformance,proj_line_recall_t2,proj_edge_prec_t2,proj_edge_f1_t2,proj_line_recall_t3,proj_edge_prec_t3,proj_edge_f1_t3,proj_line_recall_t5,proj_edge_prec_t5,proj_edge_f1_t5,proj_contour_f,proj_sil_iou,proj_decoration_density,proj_purity,proj_colours_used,proj_pieces_below_alpha,proj_cut_residual_fg,proj_cut_residual_all,proj_idempotence_changed,style,seed,set,nn_train_dino,nn_train_idx,clip_style_dedup,clip_style_allrefs,proj_clip_style_dedup
ind_人物-16_s_seed0.png,ind_人物-16,0.0627942561205273,0.1503338747518498,0.0885861833078407,0.0847457627118644,0.1604403537267641,0.1109087279804381,0.1258827683615819,0.1635083919870059,0.1422496043685768,0.0034039919542008,0.0368298700488986,0.1251172974663747,0.0168945876785075,0.0604990583804143,0.85099685204617,0.1129670635809985,0.0840983992467043,0.931794333683106,0.1542730041269285,0.1254119585687382,0.949632738719832,0.2215634419372996,0.0092165898617511,0.0453859112747239,0.1376290272130122,1.0,1,0,76.94363403320312,14.759376525878906,0.0003013610839843,,0,indomain,0.54585403,47,0.7450222373008728,0.7423188,0.7805538177490234
ind_人物-16_s_seed1.png,ind_人物-16,0.0883356873822975,0.2134367778144602,0.1249556315127032,0.1171139359698681,0.2277979531198415,0.1546964064715395,0.1712570621468926,0.2330802244965335,0.1974422632311716,0.0060768724363194,0.0697419493962047,0.4379105411323115,0.0219357814622145,0.088394538606403,0.8771215207060421,0.16060375459683,0.1187617702448211,0.9524779361846571,0.2111907636386149,0.1725517890772128,0.9708078750848608,0.2930217689967319,0.0137651821862348,0.088504425221261,0.3878636221457616,1.0,1,0,69.4808578491211,14.006972312927246,0.0002326965332031,,1,indomain,0.56334156,47,0.7484498023986816,0.74606985,0.7616727948188782
ind_人物-26_s_seed0.png,ind_人物-26,0.0816858463656929,0.2098354917745887,0.1175940660297088,0.1086357824333628,0.2194609730486524,0.1453309983861415,0.1600275400806531,0.2250612530626531,0.1870529568056414,0.0130062611536251,0.0542751932447661,0.2043494159908795,0.0436737154050931,0.0848332841546178,0.8502350570852921,0.1542737124439302,0.1140946198485295,0.8925453324378778,0.2023258070987139,0.1675027048293498,0.9153794492948288,0.2831860015757572,0.0295714365122009,0.0693642854089179,0.2473703456731699,1.0,2,1,65.62174987792969,13.926923751831056,0.0012359619140625,,0,indomain,0.52850515,47,0.732361912727356,0.7323619,0.7538589239120483
ind_人物-26_s_seed1.png,ind_人物-26,0.0849808203009737,0.2043735613285103,0.1200454113860113,0.1132094029703944,0.2163761920420914,0.1486461780416379,0.1610111143896921,0.2193357448207826,0.1857015082096135,0.0062501808501403,0.0483344321999309,0.0322656972617178,0.0328099540808769,0.0853742500245893,0.7730838865419433,0.1537674446970492,0.1157666961738959,0.8267954133977067,0.2030961619373516,0.1684371004229369,0.8418829209414604,0.2807116856052621,0.008848553601815,0.0593340663798533,0.0322656972617178,1.0,1,0,69.8630142211914,14.576717376708984,0.0005416870117187,,1,indomain,0.55059385,47,0.735051155090332,0.73505116,0.7294661402702332
ind_人物-3_s_seed0.png,ind_人物-3,0.1172221518185274,0.1767348976535197,0.1409542315217913,0.1452287416043594,0.2055250457646863,0.1701942778064946,0.1965530351032822,0.236811449492428,0.2148122921903374,0.1309883313361869,0.0668244297870197,2.1692671090900326,0.0569213833593248,0.1189963249271321,0.6512758201701093,0.2012260980938446,0.1466227347611202,0.7624544349939246,0.2459486567453392,0.1990875681155747,0.8839611178614823,0.3249820096591584,0.2672663157151571,0.1048888888888888,2.217473044847589,1.0,2,0,61.0162467956543,14.398066520690918,0.00323486328125,,0,indomain,0.5758308,47,0.7371081709861755,0.73671556,0.7137738466262817
ind_人物-3_s_seed1.png,ind_人物-3,0.0955518945634266,0.1315622017181037,0.110702222653036,0.1230515777468001,0.1633789373210308,0.1403763562215952,0.1696869851729819,0.1953547566019726,0.1816184610878096,0.0638405978185782,0.0685463513146141,3.470827374544052,0.0492938591902918,0.0969458877201875,0.5803255484784147,0.1661377476059598,0.1243188442529464,0.7147912243453645,0.2118006259684228,0.1724749714865036,0.8598726114649682,0.2873189351990129,0.1323944684808992,0.1161986225981949,3.4547587292915334,1.0,2,1,66.37809753417969,15.98735523223877,0.0013618469238281,,1,indomain,0.5724861,47,0.7504568099975586,0.7482504,0.7400265336036682
ind_人物-4_s_seed0.png,ind_人物-4,0.0343053173241852,0.0547822983583154,0.0421904686646441,0.0486593843098311,0.0588865096359743,0.0532866704234263,0.0711383948722578,0.0610278372591006,0.0656963933241722,0.0098625224148236,0.0191913606349412,0.0762166075987957,0.0385737361074278,0.0360205831903945,0.6852248394004282,0.0684432720365438,0.050103818723481,0.7601713062098501,0.094011241745238,0.0749300352080888,0.7987152034261242,0.1370070039127472,0.0355930347168984,0.0306348215805298,0.0952707594984947,1.0,1,0,76.21366119384766,16.122398376464844,0.0003204345703125,,0,indomain,0.561304,47,0.7605713605880737,0.76057136,0.7437179684638977
ind_人物-4_s_seed1.png,ind_人物-4,0.1700821522072763,0.1844820996305261,0.1769897127882521,0.2208179109867292,0.1939100522359536,0.2064910806657125,0.3103728446330234,0.2000254809529876,0.2432706943197266,0.0084121641805906,0.0856086051639226,0.9145992911855492,0.0162556904400607,0.1661099575697391,0.9064885496183206,0.2807700616874955,0.2169359935000451,0.9567430025445292,0.3536776145448396,0.305588155637808,1.0,0.4681233577651776,0.0202275600505689,0.1423345146907511,1.2956823291795283,1.0,1,0,72.38285064697266,18.10052490234375,0.0003700256347656,,1,indomain,0.59877986,47,0.7514491677284241,0.75144917,0.7015188932418823
ind_人物-5_s_seed0.png,ind_人物-5,0.0773942925444494,0.0987893462469733,0.086792753472014,0.1029433736739877,0.1259079903147699,0.113273463348472,0.1597191095174062,0.1585149313962873,0.1591147421887155,0.0406533729994912,0.0659497583699769,6.867588302122825,0.0274714029063288,0.0838189152846257,0.3875878220140515,0.1378308295079156,0.1111609143881667,0.4912177985948477,0.1812953163140255,0.1680860600627521,0.6094847775175644,0.2635024102497121,0.0928730177078585,0.0828026271513852,6.9058834041792725,1.0,1,0,63.98152160644531,14.49801254272461,0.0007171630859375,,0,indomain,0.6019552,142,0.7586845755577087,0.75736636,0.7181857228279114
ind_人物-5_s_seed1.png,ind_人物-5,0.4007171671896011,0.3770279802492358,0.3885118015694773,0.4310473629164799,0.3877263108394074,0.4082407854029033,0.4957418198117436,0.4032447683987773,0.44473476676331,0.0568973309757099,0.1938809148335248,3.96992557985167,0.0234200072228241,0.399372478709099,0.800761421319797,0.5329439884656346,0.4343343792021515,0.8228426395939086,0.5685577157484706,0.5005229344090841,0.8571065989847716,0.6319861191481496,0.0916976456009913,0.2450456315176704,4.161401090133905,1.0,1,0,54.23222351074219,14.814281463623049,0.0006904602050781,,1,indomain,0.581173,151,0.7585130333900452,0.7620275,0.7256620526313782
ind_动物-18_s_seed0.png,ind_动物-18,0.1929357687190032,0.3038692461641094,0.2360171288227844,0.2220878190395548,0.3362241494329553,0.2674894763953857,0.2783355509858473,0.3619079386257505,0.3146673012314712,0.0087704257471579,0.1179530528642954,3.1663137117832103,0.0373917802766444,0.2018870206846498,0.7121606545184084,0.3145918898762287,0.2310390710052014,0.7824470063220528,0.3567406272184548,0.2910366517479134,0.8449237634808479,0.4329442818765677,0.013884807522774,0.1399765413840583,3.217714908403068,1.0,2,0,51.81987762451172,11.699132919311523,0.0053482055664062,,0,indomain,0.5549806,47,0.7434939742088318,0.74123216,0.7647569179534912
ind_动物-18_s_seed1.png,ind_动物-18,0.391919680658038,0.5468028543444802,0.4565839043312569,0.4284504657070279,0.5747866237582202,0.4909459572764537,0.4982460384661908,0.6036099062543725,0.5458903153559893,0.0,0.37114448361644,8.378395049036742,0.097312161802537,0.3978468610136688,0.8023675762439807,0.5319373133307621,0.4351034232490625,0.8362760834670947,0.5723964949500904,0.5087698076690456,0.8768057784911717,0.6439090176556828,0.0946440228512672,0.2999671032341633,8.388675288360712,1.0,1,0,25.19142723083496,8.847881317138672,0.0007667541503906,,1,indomain,0.5777792,33,0.6822302341461182,0.6879661,0.7693961262702942
ind_动物-38_s_seed0.png,ind_动物-38,0.09366391184573,0.2547410649161196,0.1369673009240636,0.1145856600402055,0.2766229029905179,0.1620466468108312,0.1547167001712456,0.3085339168490153,0.2060886602281691,0.0263866392029282,0.0797122282459887,2.065070802427512,0.0366918297129358,0.0911324547688184,0.5790356394129978,0.1574797119602136,0.1153302062392971,0.6327044025157232,0.1950977357908506,0.1570992480083389,0.7140461215932914,0.2575370601966799,0.0400696816912169,0.0983241610460545,2.0903573836817264,1.0,2,1,53.14875793457031,12.019805908203123,0.0034103393554687,,0,indomain,0.64063996,47,0.6807810068130493,0.6808466,0.7072447538375854
ind_动物-38_s_seed1.png,ind_动物-38,0.4194773285682376,0.7689402879395799,0.5428277287932052,0.5010795919886829,0.8457635119188105,0.6293158189571887,0.6261633534360808,0.9081897569034696,0.7412571981075835,0.204725678601728,0.440060993414009,6.616655428186109,0.1305017952535248,0.42550815278088,0.8437956204379562,0.5657304789485569,0.5066636884818703,0.9239659367396592,0.6544530901457207,0.6287692651329015,0.9787104622871048,0.765649541519047,0.2288845506214014,0.4962474678710191,4.897167902899528,1.0,3,0,12.802519798278809,6.220843315124512,0.0072479248046875,,1,indomain,0.64833784,26,0.7602840662002563,0.7656454,0.7789044976234436
ind_动物-鸟-3_s_seed0.png,ind_动物-鸟-3,0.0404970087436723,0.02668416447944,0.0321705856089368,0.0483202945236999,0.031933508311461,0.0384539167559242,0.0612057063966866,0.0406824146981627,0.0488770605006253,0.0317979743958284,0.0125050906738854,0.0,0.025831513879831,0.0404970087436723,0.324468085106383,0.0720068143557549,0.0478601012425218,0.3909574468085106,0.0852803770901027,0.0662678324896456,0.5319148936170213,0.1178531091941793,0.0679221788664365,0.0595031055900621,0.0,1.0,1,0,81.01348114013672,15.250954627990724,3.0517578125e-05,,0,indomain,0.58364475,232,0.7104654908180237,0.7135068,0.6950554251670837
ind_动物-鸟-3_s_seed1.png,ind_动物-鸟-3,0.0823745973308789,0.0460917587085811,0.0591094848634948,0.1030832949838932,0.0579864061172472,0.074221653929644,0.1518637827887712,0.0851741716227697,0.1091375592625689,0.0789328716455496,0.0197023794011102,0.0,0.0432392134936166,0.082834790612057,0.2169362511893434,0.1198906260954918,0.1090658076392084,0.2778306374881065,0.1566404822075072,0.1633686148182236,0.4100856327307326,0.2336546361367919,0.1432003197374787,0.0668209162424803,0.0,1.0,2,1,68.60105895996094,12.837621688842772,0.0008888244628906,,1,indomain,0.54874116,232,0.7708290815353394,0.7736927,0.670057475566864
ind_日常-25_s_seed0.png,ind_日常-25,0.1349652662917631,0.3890535122886526,0.2004077450431512,0.1646708567648031,0.4432630294579048,0.2401330292230349,0.2226265299371485,0.483702283423392,0.3049145351125804,0.1883854802632398,0.1202233609444638,2.607327489323444,0.0834508105930923,0.1456169368177307,0.7034543325526932,0.2412868478601064,0.1806152828316242,0.8366510538641686,0.2970942048783088,0.2397618260006616,0.9183255269320844,0.3802466275841332,0.2684357574682275,0.145949474278456,2.7781523937963586,1.0,2,0,45.678348541259766,10.933792114257812,0.0067596435546875,,0,indomain,0.58378243,232,0.744573712348938,0.74520075,0.7023012638092041
ind_日常-25_s_seed1.png,ind_日常-25,0.2049619583195501,0.5500930521091811,0.2986488339551738,0.2463116109824677,0.6191066997518611,0.3524149343605305,0.3303341051935163,0.6865694789081885,0.4460547057047884,0.0,0.4244661972637243,4.5763092829849406,0.0963516208501153,0.2057558716506781,0.6439131228326337,0.311860046008401,0.2514058881905392,0.735718196751232,0.3747530620187351,0.3397287462785313,0.8249680598649388,0.4812675079375537,0.2571932466508664,0.2100118863358445,4.747134187457855,1.0,2,0,21.65985107421875,7.672703742980957,0.015838623046875,,1,indomain,0.6963255,151,0.7000991106033325,0.700575,0.7145441770553589
ind_日常-3_s_seed0.png,ind_日常-3,0.1227360308285163,0.11544437538844,0.118978589731246,0.1479768786127167,0.1382846488502175,0.1429666841944758,0.1895953757225433,0.1695152268489745,0.1789938971168241,0.004147764095917,0.0893670460675846,9.052637016374812,0.0250547525186158,0.1319845857418111,0.4458493677844969,0.203675272978247,0.1560693641618497,0.5321605277625069,0.2413552685649907,0.1971098265895954,0.6366135239142386,0.3010177925986967,0.0097781120722075,0.1160289235994956,9.181775918177593,1.0,1,0,64.5345458984375,15.209228515625,0.0006446838378906,,0,indomain,0.55449075,47,0.7508405447006226,0.75184345,0.7496874332427979
ind_日常-3_s_seed1.png,ind_日常-3,0.2807321772639691,0.2794801861062089,0.2801047826782465,0.3115606936416185,0.3000160436386972,0.3056794052545632,0.3639691714836223,0.3186266645275148,0.3397919441711258,0.0362959231955065,0.1674371899265268,8.484425848442585,0.0220017040044103,0.2909441233140655,0.6709002614867389,0.4058754024953024,0.3184971098265896,0.7164736645498693,0.4409685704670836,0.3678227360308285,0.7594322002241315,0.4956047132414993,0.0629020729092208,0.1997294685990338,8.665220310966475,1.0,1,0,53.12527084350586,12.06844425201416,0.000244140625,,1,indomain,0.5800449,47,0.7140342593193054,0.7158793,0.7754573822021484
ind_日常-6_s_seed0.png,ind_日常-6,0.0444979919678714,0.0724547158026233,0.0551349245909965,0.0610441767068273,0.0986883198001249,0.0754304523440101,0.0960642570281124,0.138455132209036,0.1134284841066205,0.0195822454308094,0.0619011643095693,7.173089775005569,0.0227963525835866,0.0491566265060241,0.2272727272727272,0.0808304936999762,0.0650602409638554,0.3088418430884184,0.1074790732016596,0.1053815261044176,0.4445828144458281,0.1703776481916035,0.0369297254824927,0.0695071615042686,7.440409890844286,1.0,1,0,64.41032409667969,13.172616958618164,0.0002517700195312,,0,indomain,0.62257075,47,0.7391138076782227,0.7452293,0.7528804540634155
ind_日常-6_s_seed1.png,ind_日常-6,0.1694779116465863,0.2121642969984202,0.1884338847577772,0.1945381526104417,0.238388625592417,0.2142426163546787,0.2570281124497992,0.2911532385466034,0.273028504896259,0.0106163373636095,0.1585252057808291,15.896636221875696,0.0210515912235619,0.1747791164658634,0.3889662858735023,0.24118399368889,0.2017670682730923,0.439119531903037,0.2764915370337881,0.265863453815261,0.5399832822513235,0.3563005569088158,0.0153960764837347,0.1674202929389651,16.279795054577857,1.0,1,0,44.778263092041016,10.767865180969238,0.0002822875976562,,1,indomain,0.6253083,47,0.7621502876281738,0.7686314,0.7729463577270508
ind_植物-17_s_seed0.png,ind_植物-17,0.0837635303913405,0.1167277638433339,0.0975357023009663,0.1072439633638634,0.1497202392436812,0.1249714294002349,0.1608659450457951,0.2099170364653675,0.1821469923705081,0.0579791785701831,0.0935325497218912,10.866676789917245,0.0328906572964034,0.0885928393005828,0.2601626016260163,0.1321759654653022,0.1115736885928393,0.3304878048780488,0.1668263079675939,0.1731890091590341,0.4804878048780487,0.2546065733183794,0.0984146994232087,0.1098398808415565,11.141902664945714,1.0,2,0,52.962440490722656,11.781503677368164,0.0066299438476562,,0,indomain,0.56160593,47,0.6999877691268921,0.69998777,0.7448525428771973
ind_植物-17_s_seed1.png,ind_植物-17,0.1228975853455453,0.1581119885139985,0.1382983599858804,0.1560366361365529,0.2020818377602297,0.1760990984089087,0.2168193172356369,0.2692031586503948,0.2401882544622993,0.0497433208165326,0.0919199128507569,7.374155341280085,0.0322604865351887,0.1322231473771856,0.3716608594657375,0.1950534961542802,0.166361365528726,0.470383275261324,0.245792736935341,0.2283097418817652,0.6202090592334495,0.3337575314541425,0.0836573300210251,0.1081350856762601,7.146382203325488,1.0,2,0,52.76263427734375,11.834590911865234,0.0051345825195312,,1,indomain,0.5787655,47,0.7246630191802979,0.72466296,0.7690507769584656
ind_植物-29_s_seed0.png,ind_植物-29,0.1278877887788778,0.1434760632536645,0.1352341981791233,0.1635496883021635,0.1943100584879774,0.1776078465640908,0.2309314264759809,0.2707776734782294,0.2492722352450133,0.170327439658171,0.1171188506189468,13.937094112021226,0.0437101892907785,0.1057939127246058,0.356748224151539,0.163192874687878,0.1434726806013934,0.473559589581689,0.2202246690326942,0.2093876054272093,0.6411470665614312,0.3156796622531354,0.2064598422467831,0.1302207815487571,9.795301340490845,1.0,2,0,41.97950744628906,10.968904495239258,0.0016670227050781,,0,indomain,0.5330304,47,0.7249513268470764,0.7311982,0.7793115973472595
ind_植物-29_s_seed1.png,ind_植物-29,0.1476897689768977,0.3408798085772133,0.2060892142719709,0.1903190319031903,0.4334621755935947,0.264503324672694,0.2694352768610194,0.5521811154058531,0.3621570190349309,0.2194311947248215,0.1551707131483647,10.481743717895322,0.066372715061613,0.1519068573524019,0.4724919093851132,0.2299003934749957,0.196002933626696,0.6046801095344785,0.2960449241101568,0.277044371103777,0.7610156833457804,0.4062098536378812,0.2545176856711131,0.1647247007451994,10.366051182377714,1.0,2,0,28.37515449523925,7.519865989685059,0.0135002136230468,,1,indomain,0.5211962,47,0.7132872343063354,0.7197229,0.7098304033279419
ind_植物-8_s_seed0.png,ind_植物-8,0.118846886048409,0.2504353883664229,0.1611962887243195,0.1522980690780527,0.291884360849878,0.2001584104023684,0.2201069712628048,0.3408220132358063,0.2674752175271508,0.0307079439063923,0.0993310910396432,5.565441259985613,0.0351270364867927,0.12573656060194,0.5588888888888889,0.2052882103631762,0.1602755869821412,0.6503703703703704,0.2571739041475915,0.23098540476838,0.7570370370370371,0.3539686934744611,0.0535458704010327,0.1170973113551742,5.527581115359861,1.0,2,0,51.10295104980469,11.644829750061035,0.0057525634765625,,0,indomain,0.61551404,47,0.7587202787399292,0.7587203,0.7745076417922974
ind_植物-8_s_seed1.png,ind_植物-8,0.3017858761671652,0.4548897605843365,0.3628484869600727,0.351010787779893,0.476396591370215,0.4042031701585244,0.420179494152842,0.5016907885837955,0.4573315480839761,0.0849063442484926,0.2003067936193125,4.760913186688373,0.0456024071890375,0.3055933278941166,0.7815985130111525,0.439391249421606,0.3560873900824948,0.8252788104089219,0.4975110639980328,0.4250747892303508,0.8677973977695167,0.5706345912004092,0.1228340119582195,0.2441286113699906,4.647332752811116,1.0,2,0,38.64669799804688,11.01218318939209,0.0090751647949218,,1,indomain,0.5911832,34,0.7664169669151306,0.76641697,0.7755004167556763
ind_窗花-3_s_seed0.png,ind_窗花-3,0.0921985815602836,0.2027196278404008,0.1267501398390774,0.1195271867612293,0.2546072642691,0.1626821050200018,0.1852482269503546,0.3408480944712829,0.2400378128080756,0.1112344905089177,0.1004204884942873,8.047111572114499,0.082327609123292,0.0937115839243498,0.4008307372793354,0.1519080639431898,0.122080378250591,0.4998269297334718,0.1962320103280005,0.1870449172576832,0.669435790931118,0.2923931874398754,0.169444646626392,0.1190040278286342,7.963461763672561,1.0,2,0,42.46184539794922,10.083503723144531,0.0037803649902343,,0,indomain,0.5488397,232,0.7410118579864502,0.74101186,0.7292364239692688
ind_窗花-3_s_seed1.png,ind_窗花-3,0.1973522458628841,0.378169120995901,0.2593562277344476,0.2383924349881796,0.4439046606953089,0.3101977529590627,0.3251063829787234,0.536663124335813,0.4049171054440581,0.1419363079019073,0.1823494299968312,10.305656400046844,0.101078431372549,0.1888416075650118,0.5434782608695652,0.2802909299146355,0.2389598108747045,0.6636037651277454,0.3513871696728817,0.3301182033096926,0.7962796952039444,0.466738126304367,0.1806887458626994,0.2123291035611952,9.92923226205812,1.0,2,0,29.14103507995605,8.369277954101562,0.0034103393554687,,1,indomain,0.58923733,47,0.621051013469696,0.621051,0.7462429404258728
ind_窗花-4_s_seed0.png,ind_窗花-4,0.0529739776951672,0.1598074608904933,0.0795711968581907,0.0729553903345724,0.2240673886883273,0.1100718527836882,0.1131040892193308,0.3275571600481348,0.1681475478776579,0.0588958643453498,0.0613122872175797,5.81663488741886,0.0168558651530787,0.0556691449814126,0.2541106128550074,0.0913301801714941,0.079182156133829,0.3736920777279521,0.1306753276392428,0.120539033457249,0.5414798206278026,0.1971830675586606,0.0654352635900392,0.0587985751513396,5.81663488741886,1.0,1,0,43.36357498168945,8.493139266967773,0.0009994506835937,,0,indomain,0.5276162,232,0.7275099754333496,0.72750986,0.7573121786117554
ind_窗花-4_s_seed1.png,ind_窗花-4,0.2494423791821561,0.4352987216279676,0.3171474551457974,0.3053903345724907,0.5190451343595095,0.3845331095364314,0.4014869888475836,0.6252282807200626,0.488978838065505,0.1211213061183344,0.2377779617939882,12.700226470163072,0.081642226346597,0.2542750929368029,0.5419508326724821,0.346144464561419,0.3110594795539033,0.6463124504361618,0.4199864403042748,0.4095724907063197,0.7739888977002379,0.5356791184898524,0.1386258233468744,0.2593000175535721,12.445533581601536,1.0,2,0,19.77220344543457,7.322638988494873,0.0108718872070312,,1,indomain,0.574024,32,0.676393985748291,0.676394,0.7776401042938232
ind_边框-12_s_seed0.png,ind_边框-12,0.0973503434739941,0.2097122302158273,0.1329732724954676,0.1186457311089303,0.2442446043165467,0.1597098452047319,0.1710500490677134,0.3,0.217875,0.1240376243777003,0.0953917851043505,7.598194767646851,0.0372131104244249,0.1026496565260058,0.5177123346137431,0.1713289791650237,0.1234543670264965,0.5983781476739223,0.204680154908873,0.1772325809617271,0.7341015791720017,0.2855302111042161,0.2046411976039653,0.1145246509674936,7.351385656864819,1.0,2,0,51.37656021118164,11.440736770629885,0.0051002502441406,,0,indomain,0.6104554,229,0.7061068415641785,0.7051201,0.7344186902046204
ind_边框-12_s_seed1.png,ind_边框-12,0.1778213935230618,0.3145197319434102,0.2271934402054566,0.2213935230618253,0.3691734921816828,0.2767937183943103,0.3240431795878312,0.4436336559940432,0.3745233770184587,0.1065072588067452,0.1549761679221736,11.38847754037092,0.0518435475834579,0.1888125613346418,0.5319699106723084,0.2787043394862982,0.2391560353287536,0.6222378937470616,0.3455142709434255,0.3403336604514229,0.7437705688763516,0.4669849141695268,0.1452113950193728,0.1603295750216825,11.723432762146532,1.0,2,0,41.31292343139648,10.076916694641112,0.0036163330078125,,1,indomain,0.5525254,142,0.7136936783790588,0.7104043,0.7501888275146484
ind_边框-2_s_seed0.png,ind_边框-2,0.052594505752524,0.0461336397964209,0.0491526700955776,0.0626907724818032,0.0545066491544902,0.0583129542131741,0.0873444470532989,0.0681333114431127,0.0765519965229783,0.0266014370891301,0.0319962505286983,3.2420459122029803,0.0307502771960083,0.0547076778586522,0.382093316519546,0.0957114948964443,0.0650387414886123,0.4476670870113493,0.11357664503357,0.092275181967598,0.5674653215636822,0.1587380660344969,0.0812468654758689,0.0498999623620768,3.302456705598067,1.0,1,0,78.44876098632812,16.13991928100586,9.5367431640625e-05,,0,indomain,0.5975662,232,0.7164821624755859,0.72270423,0.7046069502830505
ind_边框-2_s_seed1.png,ind_边框-2,0.4724113641699929,0.2452175636832193,0.3228508753808961,0.5339281521483916,0.271979383486966,0.3603824092131579,0.6503874148861235,0.3155912379819605,0.4249712326920933,0.1098716082742128,0.2415525442534699,15.827627869512686,0.0249391038350422,0.4639586757454801,0.6232522009321595,0.5319359325829817,0.5315801831415825,0.6998964267219058,0.6042357081198846,0.6513266024888471,0.8164163645779389,0.7245869459276362,0.233273525198991,0.4071911849990334,15.344341522351993,1.0,1,0,58.24352264404297,18.902809143066406,0.0007476806640625,,1,indomain,0.58205914,151,0.7797671556472778,0.7844685,0.7668318748474121
ind_边框-9_s_seed0.png,ind_边框-9,0.0639241158882359,0.1519627681100769,0.0899923647000397,0.0841323847819362,0.1772561715904492,0.1141058708934059,0.1361996082070316,0.2173209227033589,0.1674529309580086,0.0413082587831275,0.0626003491932582,3.711360147003712,0.0598807074206235,0.0669141148572017,0.4445083381253594,0.1163182485197552,0.0891844520053613,0.5301897642323175,0.1526853470560548,0.1417671924940715,0.6538240368027602,0.2330111109057621,0.0645758609281768,0.0850955624940864,3.941053446003941,1.0,2,0,63.61753463745117,13.530311584472656,0.0031852722167968,,0,indomain,0.56591773,47,0.7590619325637817,0.7671789,0.7608160972595215
ind_边框-9_s_seed1.png,ind_边框-9,0.127332714712857,0.2254510617914737,0.1627472556547793,0.1588823590060831,0.2478045665016765,0.1936220302588259,0.2196102690999072,0.2773431262973016,0.245123181220957,0.0700249886415265,0.0840320508486037,3.082725855003083,0.0602703593801516,0.1332096092380657,0.600166251039069,0.2180271157236558,0.1652747705949067,0.6612635078969243,0.2644527843764651,0.2275492318795752,0.7348295926849543,0.3474929105043514,0.1295011287034768,0.113809967396367,3.082725855003083,1.0,2,0,59.24205017089844,14.365974426269531,0.005950927734375,,1,indomain,0.55934954,232,0.7342164516448975,0.74235135,0.7613550424575806
ood_bicycle_s_seed0.png,ood_bicycle,0.0488264089368645,0.0983502538071066,0.0652561299040179,0.0623823270992845,0.1277495769881556,0.0838293387605831,0.1009162796535709,0.1799915397631133,0.129324107813941,0.0087790281359701,0.0747061299828373,8.235572935181894,0.0181454761235516,0.0514622819128906,0.3640416047548291,0.0901768300757009,0.0661478599221789,0.4680534918276374,0.1159141088358803,0.1080707920170704,0.6716196136701337,0.1861827798677538,0.0148405615980941,0.0912460289445817,8.502192202867638,1.0,1,0,63.00044631958008,11.639211654663086,0.0001754760742187,,0,ood,0.53539354,47,0.7175611257553101,0.71756124,0.7148867845535278
ood_bicycle_s_seed1.png,ood_bicycle,0.0596209363624952,0.1070465922217943,0.0765862206860513,0.0812099912137567,0.1395841355410088,0.1026805068366293,0.130663988954437,0.1907970735463997,0.1551062297651728,0.0115941523628533,0.0955122403014292,8.768811470553382,0.0282564691722741,0.0651437178360738,0.3936800526662278,0.1117892485844988,0.0871093259696247,0.5088874259381172,0.1487553095750717,0.1414585163800678,0.6978275181040158,0.2352324269540815,0.0230729869284086,0.1227629743815606,8.872496741320061,1.0,1,0,61.13547134399414,12.414617538452148,0.0001869201660156,,1,ood,0.5648949,47,0.7620540857315063,0.7620541,0.7574464678764343
ood_carp_fish_s_seed0.png,ood_carp_fish,0.010443864229765,0.0283828382838283,0.0152692085756136,0.0142670645281611,0.0389438943894389,0.0208834821072259,0.0209809772472957,0.0543454345434543,0.0302741176313573,0.0182154129612085,0.0108426826867945,0.6357058646755589,0.0280225702149242,0.011189854531891,0.2467043314500941,0.0214086686041602,0.0146400596792241,0.3427495291902072,0.0280806924356369,0.0226594554270794,0.4783427495291902,0.0432692156026315,0.0470984020185029,0.0128558835987315,0.6588224415728519,1.0,1,0,80.1043701171875,13.797290802001951,8.392333984375e-05,,0,ood,0.6159972,232,0.7314645051956177,0.7314646,0.7390651702880859
ood_carp_fish_s_seed1.png,ood_carp_fish,0.090171577769489,0.2492354740061162,0.1324306952945476,0.111059306229019,0.2954892966360856,0.1614411465258106,0.1582431928384931,0.3321865443425076,0.2143681567797903,0.0202211601006815,0.0938573625989002,2.854897246815692,0.0262749720809033,0.0925027974636329,0.7124183006535948,0.1637444612369878,0.1154419992540096,0.8562091503267973,0.2034526406641836,0.1631853785900783,0.9537037037037036,0.2786856858373558,0.0352155434122647,0.1070411164292716,2.681522920085994,1.0,1,0,59.20592880249024,11.220867156982422,0.0001373291015625,,1,ood,0.5433387,47,0.7206994295120239,0.7206993,0.703169047832489
ood_cat_s_seed0.png,ood_cat,0.0492390331244404,0.0690737833594976,0.0574937932836796,0.061414503133393,0.0805113254092845,0.0696781283208825,0.0888093106535362,0.0894819466248037,0.089144359818823,0.0303054612223796,0.0263528337539472,0.3521374744700331,0.0334055380118485,0.0531781557743957,0.52,0.0964888166937398,0.0646374216651745,0.6183333333333333,0.1170400697358906,0.0929274843330349,0.685,0.1636536259487079,0.0742106499178046,0.0475145195957378,0.3286616428386976,1.0,2,0,74.02192687988281,15.115538597106934,0.0014724731445312,,0,ood,0.4860586,0,0.7174940705299377,0.71749395,0.7363921403884888
ood_cat_s_seed1.png,ood_cat,0.0914950760966875,0.103601206315416,0.0971725359226993,0.1187108325872873,0.1255987227248536,0.1220576815140744,0.1745747538048343,0.1546922121695937,0.1640331867189455,0.0854383021178177,0.0422868408082799,1.6902598774561588,0.0361916561435276,0.0972247090420769,0.408695652173913,0.1570813073182741,0.1242614145031334,0.5023411371237458,0.1992383213251871,0.1810205908683975,0.6207357859531772,0.2802995074185971,0.1796162994318486,0.0736898395721925,1.6433082141934878,1.0,2,0,65.79219055175781,14.666383743286133,0.0012054443359375,,1,ood,0.51431054,47,0.7503649592399597,0.7503651,0.7148198485374451
ood_crane_bird_s_seed0.png,ood_crane_bird,0.0505792948797807,0.0957683741648107,0.0661971163416784,0.0676466924131057,0.1291759465478842,0.0887939067317194,0.0976703625264731,0.1603563474387528,0.121398769839563,0.0879775192579783,0.0341776828967895,1.910105652718916,0.0493010002671336,0.0490843403513143,0.2956460674157303,0.0841909612242137,0.0690170673975333,0.4192415730337078,0.1185225268163586,0.1036501806403388,0.5252808988764045,0.1731364908768496,0.1412429819698117,0.0441356246574957,2.0145645556019818,1.0,2,0,64.54695892333984,12.46082878112793,0.0022201538085937,,0,ood,0.5888501,232,0.7111618518829346,0.7111619,0.7194421887397766
ood_crane_bird_s_seed1.png,ood_crane_bird,0.1161081350442257,0.2089423903697334,0.1492685559982824,0.1592126572816743,0.2747205503009458,0.2015931855824591,0.2398156222748224,0.3443680137575236,0.2827358536493907,0.1232136877574273,0.0875646989451615,2.3727093654867786,0.0600165944500783,0.1192226236451974,0.4766666666666667,0.1907382848732474,0.1598355550018687,0.6185714285714285,0.2540308853349417,0.2426809517877164,0.7738095238095238,0.3694846852945853,0.1708027597801834,0.1114901861679723,2.3727093654867786,1.0,2,0,50.83442306518555,10.308408737182615,0.0054397583007812,,1,ood,0.62713295,232,0.7220811247825623,0.72208095,0.7452369332313538
ood_deer_s_seed0.png,ood_deer,0.0275113312954569,0.0645032051282051,0.0385714934807741,0.0344682196690207,0.0807291666666666,0.0483099615169242,0.0537577737957204,0.1035657051282051,0.0707772519061634,0.0643184593970536,0.0153346563232906,0.5734291060542042,0.0523264116991802,0.0288816274902498,0.2840909090909091,0.0524327655030675,0.0364709602614103,0.3530844155844156,0.0661129507543952,0.0581848845788974,0.4553571428571428,0.1031849444985073,0.1274898094880171,0.0204595530374567,0.5432486267881934,1.0,2,1,67.80840301513672,13.146575927734377,0.0018501281738281,,0,ood,0.5574073,47,0.7521006464958191,0.75210065,0.7375063300132751
ood_deer_s_seed1.png,ood_deer,0.0683039949404448,0.1510302060412082,0.0940661910739213,0.0846421418783598,0.1790358071614322,0.1149430526613942,0.1222725835353641,0.2110422084416883,0.1548366690125809,0.085837148386681,0.0396693694072175,1.6448361199975856,0.0361946686231352,0.0704121429324338,0.4115092290988056,0.1202488552653046,0.088647623063139,0.5130293159609121,0.1511735832701577,0.1296511015073258,0.6058631921824105,0.2135942996706177,0.1468358789225215,0.0476020042949176,1.6901068388966016,1.0,1,0,65.62152099609375,12.44693374633789,0.0006027221679687,,1,ood,0.49429125,195,0.752753496170044,0.75275344,0.7458318471908569
ood_frog_s_seed0.png,ood_frog,0.0704005006257822,0.0957095709570957,0.0811269496888579,0.0857321652065081,0.1147350029120559,0.0981355731907969,0.1162390488110137,0.1463793438167346,0.1295796194667575,0.0720345516184461,0.0504495835960051,5.098634992979306,0.0362183687871761,0.0741551939924906,0.3497970230040595,0.1223688192156467,0.0910513141426783,0.4296346414073071,0.1502587050193571,0.122496871088861,0.547361299052774,0.2001917703710984,0.1458696489274047,0.0654030035435063,5.133162995189099,1.0,2,0,66.20315551757812,14.175994873046877,0.002899169921875,,0,ood,0.6046841,232,0.7206289172172546,0.72062886,0.7459918260574341
ood_frog_s_seed1.png,ood_frog,0.1106070087609511,0.1472191930207197,0.1263135744908647,0.139549436795995,0.1855688840421664,0.1593022084279049,0.1817897371714643,0.2360959651035987,0.2054141752625721,0.0596324379899755,0.1222153520007066,10.761227355385218,0.0754552257420803,0.1148310387984981,0.3702714730752114,0.1752976199873641,0.1420525657071339,0.4663996439697374,0.2177764005688462,0.1852315394242803,0.5901201602136181,0.2819594405292989,0.1102313200614854,0.1645416388546345,10.715190019105494,1.0,2,0,53.57061767578125,12.498286247253418,0.0032386779785156,,1,ood,0.53244555,232,0.7655742764472961,0.7655743,0.685409665107727
ood_potted_chrysanthemum_s_seed0.png,ood_potted_chrysanthemum,0.0286770673640544,0.0648130393096836,0.039761381401333,0.0362521417621065,0.0761265580057526,0.0491151931529123,0.0516728289295698,0.096836049856184,0.0673871175830855,0.0434633973460292,0.0375002074585497,4.261816855827521,0.0200683291636402,0.0300297592208494,0.2631975867269985,0.0539087521415969,0.0370637568761836,0.3182503770739064,0.0663950767760784,0.0565425196140319,0.4238310708898944,0.0997743302819314,0.0890673168761987,0.0445282600255144,4.501116732759014,1.0,1,0,66.594970703125,13.623527526855469,0.0004081726074218,,0,ood,0.55983174,232,0.7105833888053894,0.71058345,0.7120262980461121
ood_potted_chrysanthemum_s_seed1.png,ood_potted_chrysanthemum,0.1099287582288754,0.2539417547764793,0.1534364603192189,0.1359004418793399,0.2852902986458913,0.1841022316944449,0.1905491928938587,0.3242441105546281,0.2400359645430158,0.1284658148899755,0.0620740945726244,1.8460276220429368,0.0385516689529035,0.1153395256560555,0.5217229855180097,0.1889148415360659,0.1419424655063576,0.5926476049015967,0.2290307631559825,0.1974930110920732,0.6732268845154104,0.3053969600139251,0.2069617562869322,0.0668529342496842,1.9371894799216007,1.0,1,0,55.2425651550293,11.420581817626951,0.0003623962402343,,1,ood,0.53081524,170,0.7192382216453552,0.71923816,0.7490605711936951
ood_rabbit_s_seed0.png,ood_rabbit,0.0367995539448006,0.0297496922445629,0.0329012112768299,0.0546417619180373,0.04185473943373,0.0474010285397249,0.0786172288820741,0.0574476815757078,0.0663856319162209,0.0311677254402124,0.0229698448776093,3.976050145008888,0.0219708050986596,0.0398661834402007,0.1783659378596087,0.0651670263372985,0.0549205464176191,0.2324510932105868,0.0888489975629823,0.081962642877056,0.3256616800920598,0.1309641769642383,0.0805455850681981,0.0296280507300436,4.022827205538404,1.0,1,0,76.95420837402344,14.058538436889648,0.0001373291015625,,0,ood,0.5076409,232,0.7283307313919067,0.72833073,0.754246711730957
ood_rabbit_s_seed1.png,ood_rabbit,0.0518539169222191,0.047679059021214,0.0496789318711962,0.0680234178979648,0.0638521319050619,0.065871805027414,0.1031502648452746,0.0913673597983616,0.0969019375872049,0.0426843498764696,0.0632919582870515,10.384507437552625,0.0530551762210535,0.0512963479230554,0.1539027982326951,0.0769462410772793,0.072483969891274,0.2312223858615611,0.1103692177493818,0.1067744633398383,0.3350515463917525,0.1619413446433159,0.0921267416778406,0.0894482560164781,10.758723921788755,1.0,2,0,64.27716827392578,12.782706260681152,0.0027236938476562,,1,ood,0.43314028,232,0.733579695224762,0.7335797,0.7703834176063538
ood_rooster_s_seed0.png,ood_rooster,0.0079086995695264,0.0179173693086003,0.010973647720578,0.0106116728401241,0.0229763912310286,0.0145181303854768,0.0200220242266493,0.0375210792580101,0.0261107904308353,0.0379832759468765,0.0013884828997369,0.0,0.0275118931621482,0.0089098007808589,0.1579831932773109,0.0168682788246241,0.012213434778256,0.2100840336134453,0.0230848120858452,0.0221243367704474,0.3243697478991597,0.0414233076879747,0.0878387289863747,0.0013839204115204,0.0,1.0,1,0,75.83467864990234,14.371274948120115,0.0001564025878906,,0,ood,0.5544793,232,0.7652227282524109,0.7652227,0.7503942251205444
ood_rooster_s_seed1.png,ood_rooster,0.1129242166383021,0.2223921168875297,0.1497896348918734,0.1432575833416758,0.2611281005776418,0.1850143668232267,0.209930924016418,0.3000339789330615,0.2470225306465059,0.0316978633020476,0.0929254488680718,4.740415388941709,0.0197499060806096,0.1162278506356992,0.6005338078291815,0.1947614046977591,0.1489638602462709,0.7099644128113879,0.246258140259779,0.2178396235859445,0.8145017793594306,0.3437443475956934,0.0561710353715508,0.1117229693953192,4.660069365400324,1.0,1,0,60.22422409057617,12.500459671020508,0.0003280639648437,,1,ood,0.4707808,170,0.7204574346542358,0.7204575,0.748216986656189
ood_teapot_s_seed0.png,ood_teapot,0.0099547511312217,0.0070949940875049,0.0082850388099671,0.0132730015082956,0.0090658257784785,0.0107732351109526,0.020814479638009,0.0139929050059124,0.0167352439318087,0.0159070936738712,0.0303237597378066,6.676825915510659,0.0253993050879413,0.0108597285067873,0.0511811023622047,0.0179176477344512,0.0138763197586726,0.0643044619422572,0.0228268189804898,0.0226244343891402,0.1023622047244094,0.0370581527936145,0.0491048593350383,0.0419289481417325,7.038160023879471,1.0,1,0,78.17876434326172,15.433314323425291,0.0001144409179687,,0,ood,0.57538664,232,0.6977378129959106,0.6977379,0.7345726490020752
ood_teapot_s_seed1.png,ood_teapot,0.0585218702865761,0.0395708758353851,0.0472157576236141,0.0814479638009049,0.0517059444249032,0.0632552802381037,0.123076923076923,0.0703482237073513,0.0895255147717099,0.0144819629084419,0.0833500894246134,15.82014987510408,0.0275307620721745,0.0645550527903469,0.1572164948453608,0.0915276935427892,0.085972850678733,0.1990979381443298,0.1200895916217515,0.1315233785822021,0.2802835051546392,0.179034567000378,0.0332689599987689,0.1210560605590543,15.99296183997612,1.0,2,0,66.0594711303711,14.170831680297852,0.0012054443359375,,1,ood,0.52807564,232,0.7447015047073364,0.7447016,0.7477575540542603
ood_tiger_s_seed0.png,ood_tiger,0.0376809183164199,0.1053927053031998,0.0555139908979253,0.0539011811678589,0.146788990825688,0.0788489033553372,0.0802695059058393,0.2027299172074289,0.1150039820403371,0.0893678371264803,0.0373613791056169,3.7255219567089233,0.0513421678559293,0.0421726834137414,0.255859375,0.0724101727696234,0.0563134253867908,0.33740234375,0.0965177582383936,0.0834303776409915,0.46240234375,0.1413561358609263,0.1459967142989988,0.0380337457078548,3.904551615955805,1.0,1,0,57.91812896728516,10.565187454223633,0.0006752014160156,,0,ood,0.5841932,232,0.7374654412269592,0.7374653,0.7519376873970032
ood_tiger_s_seed1.png,ood_tiger,0.1074696389951755,0.2241011328189131,0.1452725625403579,0.1406587922142738,0.2768018387785257,0.1865307022254231,0.2003826318416237,0.3411590871778033,0.2524730906758516,0.1037704843289576,0.0933117470196169,6.42801728914995,0.0273972602739726,0.1116286807519547,0.4273325358851674,0.1770166971230002,0.1429046747629346,0.5233253588516746,0.2245039593791579,0.2082016303443686,0.6456339712918661,0.3148663400098994,0.1469459364977596,0.0994084203424415,6.564420839052336,1.0,1,0,47.9932975769043,11.166595458984377,0.0006752014160156,,1,ood,0.5253476,47,0.7167344093322754,0.7167346,0.7478854060173035
ood_woman_beating_a_drum_s_seed0.png,ood_woman_beating_a_drum,0.0810206363728779,0.2192217733361684,0.1183143154206573,0.1024702653247941,0.2734424835211567,0.1490756773932456,0.1421164989326014,0.346587284711886,0.2015772053593986,0.1455006337135614,0.0838151448299573,8.289460362458236,0.0280394868002186,0.0843753176781539,0.3085714285714285,0.1325157292208713,0.1070448307410796,0.3990977443609022,0.1688115270115404,0.1482159194876486,0.5064661654135338,0.2293215291128089,0.1790521695489127,0.0858641463686183,8.333755188822517,1.0,2,0,36.65667724609375,8.226887702941895,0.0092353820800781,,0,ood,0.5867923,47,0.7024521231651306,0.702452,0.6400095820426941
ood_woman_beating_a_drum_s_seed1.png,ood_woman_beating_a_drum,0.1308325709057639,0.3254924459743737,0.1866433438533944,0.1583816204127274,0.3698603939567795,0.2217888275747344,0.2072786418623564,0.4459743736852171,0.283017331057861,0.2624645119352608,0.1340407642573425,10.478890351321253,0.0292001918260776,0.1345938802480431,0.376536312849162,0.19830361847171,0.1627528718105113,0.4404469273743017,0.2376791318802154,0.2192741689539493,0.5459217877094972,0.312878146496805,0.2865555019511331,0.1283760382551844,10.928166447301813,1.0,2,0,24.196393966674805,7.287581443786621,0.0020217895507812,,1,ood,0.62368554,47,0.692462146282196,0.69246215,0.7634199261665344
repo_bird_s_seed0.png,repo_bird,0.0680781758957654,0.0844778927563499,0.0753965527977133,0.0864820846905537,0.0929444967074318,0.0895969122651216,0.1237785016286645,0.0970837253057384,0.1088178654871774,0.0143249830819075,0.0436645445509979,0.556808374397951,0.0615986370071749,0.068729641693811,0.7099841521394612,0.1253270630911083,0.0858306188925081,0.786053882725832,0.1547624510172804,0.1245928338762215,0.8320126782884311,0.2167305458533841,0.0517701708307104,0.0934420379368085,0.6960104679974387,1.0,2,1,70.24530029296875,15.28416633605957,0.0016326904296875,,0,repo,0.5623757,232,0.714003324508667,0.7140033,0.6790842413902283
repo_bird_s_seed1.png,repo_bird,0.2679153094462541,0.2555486089402938,0.2615858791330899,0.3333876221498371,0.2824320100031259,0.3058016708715548,0.4783387622149837,0.3025945608002501,0.3706915901790882,0.0680383282414293,0.1808839403214597,2.895403546869345,0.0295082714305245,0.2731270358306188,0.7714552238805971,0.4034249607738988,0.3446254071661238,0.8591417910447762,0.4919258308289029,0.4969055374592834,0.9211753731343284,0.6455726756662419,0.1180467557877611,0.3108368894566606,2.644839778390267,1.0,1,1,58.57218551635742,13.700881958007812,0.0007438659667968,,1,repo,0.49273637,170,0.758568525314331,0.7585685,0.7240934371948242
repo_fish_s_seed0.png,repo_fish,0.0873233014135887,0.0917104276069017,0.0894631124146446,0.094391244870041,0.0978994748687171,0.0961133570828163,0.1078431372549019,0.105026256564141,0.1064160591507445,0.022924374847241,0.0322266797991688,0.1525253845818625,0.0343577304893601,0.0896032831737346,0.6274271844660194,0.1568121250570156,0.0957592339261285,0.6820388349514563,0.1679395178675864,0.1112631098951208,0.7281553398058253,0.1930308480172145,0.0547543280075447,0.0513714650223261,0.1089467032727589,1.0,1,0,73.85725402832031,15.444459915161133,0.0003471374511718,,0,repo,0.535222,154,0.724684476852417,0.72468436,0.7164497375488281
repo_fish_s_seed1.png,repo_fish,0.1242590059279525,0.1192348945298534,0.1216951179339398,0.1461468308253534,0.1351447979978548,0.1404306556334283,0.1853625170998632,0.1574901680371827,0.1702933955683246,0.0568106132159144,0.0508762719067976,1.764936593018695,0.0212548485166159,0.1281349749202006,0.461038961038961,0.2005357403116943,0.151390788873689,0.5266233766233767,0.23517481634883,0.1937984496124031,0.6084415584415584,0.2939644732796647,0.1161316802877941,0.0758153064568993,1.786725933673247,1.0,1,0,68.03809356689453,14.136812210083008,0.0005912780761718,,1,repo,0.52264565,232,0.7512377500534058,0.7512377,0.7100847363471985
repo_motif_s_seed0.png,repo_motif,0.0890886155786818,0.0811816980905488,0.0849515683310855,0.1024913276568905,0.0924702774108322,0.0972232609322749,0.1278776411226742,0.1074816860814218,0.1167959191866757,0.0,0.2513961791992187,2.321629085611969,0.1428547706818106,0.0925575528224534,0.4191685912240184,0.1516327413602192,0.1062756228319142,0.4792147806004619,0.1739698856890161,0.1373383790602333,0.5663972286374134,0.2210718810712549,0.0846001992893267,0.0516005456075688,2.609935965524566,1.0,2,0,55.98575973510742,16.47793960571289,0.002349853515625,,0,repo,0.5887351,232,0.762672483921051,0.7626725,0.7686926126480103
repo_motif_s_seed1.png,repo_motif,0.4851781772311573,0.3469955489614243,0.4046142353537079,0.5373699148533586,0.3711980712166172,0.4390880572101552,0.6412803532008831,0.4038390207715133,0.4955874636450761,0.195039141028373,0.2421863203986109,6.175836848654062,0.0282759275073536,0.4837590665405235,0.7350680070963926,0.5835049461047407,0.5441501103752759,0.8050463236743545,0.6493732637133486,0.6504257332071902,0.8734476641040805,0.7456168450021965,0.3421064555614775,0.3530719768858171,6.3882734970107125,1.0,1,0,53.33129501342773,18.204849243164062,0.0005722045898437,,1,repo,0.47729447,26,0.7434018850326538,0.74340177,0.8062514662742615
