file,content,raw_line_recall_t2,raw_edge_prec_t2,raw_edge_f1_t2,raw_line_recall_t3,raw_edge_prec_t3,raw_edge_f1_t3,raw_line_recall_t5,raw_edge_prec_t5,raw_edge_f1_t5,raw_contour_f,raw_sil_iou,raw_decoration_density,raw_palette_conformance,proj_line_recall_t2,proj_edge_prec_t2,proj_edge_f1_t2,proj_line_recall_t3,proj_edge_prec_t3,proj_edge_f1_t3,proj_line_recall_t5,proj_edge_prec_t5,proj_edge_f1_t5,proj_contour_f,proj_sil_iou,proj_decoration_density,proj_purity,proj_colours_used,proj_pieces_below_alpha,proj_cut_residual_fg,proj_cut_residual_all,proj_idempotence_changed,style,seed,set,nn_train_dino,nn_train_idx,clip_style_dedup
ind_人物-16_s_seed0.png,ind_人物-16,0.8833568738229756,0.3882094359331476,0.5393780427860768,0.9605108286252354,0.4229195682451253,0.5872631190639052,0.994644538606403,0.4425487465181058,0.6125532290574391,0.0,0.3048896789550781,10.647482014388489,0.4830465435860668,0.6862052730696798,0.7200843437005798,0.7027367162634481,0.8043196798493408,0.791952205236338,0.7980880326505047,0.9172551789077212,0.8412698412698413,0.8776208582869321,0.1963425742021924,0.8444766667022059,11.047857366280889,1.0,8,1,52.708770751953125,40.93423080444336,0.0070686340332031,,0,indomain,0.698805,150,0.8429819
ind_人物-16_s_seed1.png,ind_人物-16,0.8708215630885122,0.3932979010899919,0.5418669717409795,0.9593926553672316,0.4341050355823799,0.5977436281388511,0.9972928436911488,0.4527294838302855,0.6227543752704833,0.0097768318891641,0.3623087021499857,11.160462934000623,0.5655722599706335,0.6152306967984934,0.7257361325373936,0.6659301881970501,0.7365230696798494,0.8032731906901871,0.7684513223281709,0.85905131826742,0.8463344288684687,0.8526454592875515,0.2011482874678281,0.8370653618069283,9.909289959336878,1.0,8,1,50.89854431152344,33.341426849365234,0.0058822631835937,,1,indomain,0.67756855,101,0.8252113
ind_人物-26_s_seed0.png,ind_人物-26,0.8799055768663323,0.4650820220957482,0.6085234767340887,0.9626241762565162,0.5082022095748242,0.6652147909179594,0.9965574899183632,0.5281999776810624,0.6904463891710056,0.0,0.3546829223632812,9.80877196756222,0.5297200677025937,0.5997836136520114,0.7600768944561578,0.6704829851181323,0.7213533982492377,0.8318863946421927,0.7726869739995097,0.8606275204091669,0.8685352846335112,0.8645633207262515,0.048952634969019,0.8582258377270335,7.184495256942503,0.99695,7,0,48.55830383300781,35.77989196777344,0.0063438415527343,,0,indomain,0.65442324,150,0.80565387
ind_人物-26_s_seed1.png,ind_人物-26,0.9159043965771614,0.4464350416683441,0.6002789113654929,0.9802793351037672,0.4835943475985345,0.6476754806449204,0.9976886003737584,0.4997584443818189,0.6659378101502733,0.0560840099790859,0.4073302333742762,8.12020047753232,0.4460273488152776,0.6341595357529262,0.7626192940094285,0.6924822844394428,0.7514507721058326,0.8301138323559848,0.7888260504817035,0.8690862594669028,0.8637461193515005,0.8664079609455599,0.1934483614658358,0.8585386576040782,6.732775495278453,1.0,6,0,45.7381477355957,30.61138153076172,0.0068206787109375,,1,indomain,0.70369744,150,0.84119356
ind_人物-3_s_seed0.png,ind_人物-3,0.8943099733874034,0.2542339406507677,0.3959168577162588,0.9689519705994172,0.3099787685774947,0.4696963321883167,0.9975921936383222,0.3679454895571026,0.537604421443221,0.0,0.2374000549316406,39.75382835473141,0.5879942970452795,0.7089088835382081,0.5275723178322959,0.6049436132237493,0.8076289443670004,0.6347857927499084,0.7108515553889903,0.9053351919908756,0.7560600512632736,0.8239914908223421,0.290705827705625,0.681874498107147,29.0360419713014,1.0,8,1,55.30718994140625,39.06235504150391,0.0055923461914062,,0,indomain,0.644851,150,0.8140212
ind_人物-3_s_seed1.png,ind_人物-3,0.9136991509314408,0.2351363026623923,0.3740202122483302,0.9773159295399824,0.2935224973285132,0.4514566230490561,0.9975921936383222,0.3529090785076052,0.5213758017774591,0.0880519093514544,0.2617008926869156,42.90328282422509,0.5895871187447861,0.6388290457483209,0.5194541466980749,0.5729900925942976,0.7364085667215815,0.6307367395012591,0.679488765679245,0.8472943860093778,0.7567216310616521,0.79945085703219,0.3726711434474152,0.6994445562964103,21.29095495958736,1.0,6,0,51.7769775390625,35.446807861328125,0.0052070617675781,,1,indomain,0.6611457,150,0.80441344
ind_人物-4_s_seed0.png,ind_人物-4,0.8872438385844543,0.2958008549157656,0.4436814389413063,0.97192380608468,0.3319084737239125,0.4948331960317157,0.999187505642322,0.3508171988936384,0.5193050968210514,0.0,0.2002029418945312,10.746541671430204,0.6579261479765636,0.5509614516565857,0.7054057054057054,0.6186907215338737,0.6732869910625621,0.7918747918747919,0.7277817400489315,0.812042971923806,0.8525918525918526,0.8318235466666448,0.1593560525148293,0.8176647761863565,6.764223924393125,1.0,6,0,63.29474258422852,44.672607421875,0.0038337707519531,,0,indomain,0.6078404,144,0.81760144
ind_人物-4_s_seed1.png,ind_人物-4,0.8882368872438385,0.2718645504639005,0.4163086333780337,0.9716529746321206,0.3029717891960627,0.4619138880023397,0.9989166741897626,0.3193849197004662,0.4840150740197308,0.0,0.2320672120274154,10.041538051141345,0.4497171227340953,0.5802112485329963,0.732093126879804,0.6473630281934258,0.6939604586079263,0.8099587835579815,0.7474861058123333,0.815744335108784,0.8613122423972374,0.8379092177560927,0.3550363820276047,0.8558351266346631,6.154491063602759,1.0,6,1,61.117305755615234,38.92707061767578,0.0037498474121093,,1,indomain,0.65084314,150,0.848914
ind_人物-5_s_seed0.png,ind_人物-5,0.9717615419094576,0.283152650021901,0.4385269647123125,0.990437770805319,0.3404785370127026,0.5067528307001954,0.9974600328701628,0.3755201489268506,0.5456252683876862,0.0,0.2988395690917969,40.08220681908117,0.6925425116741903,0.7500373524577917,0.5754660764450498,0.6512560329827043,0.7899297773793515,0.6334383246786414,0.7030813660548952,0.841326759300762,0.7008597939899549,0.7646962009149529,0.2263285920936889,0.7959082363379032,28.84897688252339,1.0,7,0,51.93095397949219,38.628414154052734,0.00347900390625,,0,indomain,0.6342579,142,0.78055364
ind_人物-5_s_seed1.png,ind_人物-5,0.9651875093381144,0.2333129641816301,0.3757875174357208,0.9941730165844912,0.2734088558804174,0.4288728214186005,1.0,0.3114364952524208,0.4749547482929801,0.0,0.3132920884139635,49.081555802346216,0.5770504745396193,0.7362916479904378,0.5098930907930429,0.6025270771417734,0.7885850888988496,0.5593585447582575,0.6544810876813415,0.8613476766771253,0.6391415350247327,0.733791448772898,0.1944851174473113,0.8119076447747484,35.28255402800649,0.99455,7,0,48.13664245605469,32.51043701171875,0.0037002563476562,,1,indomain,0.73878825,150,0.81838375
ind_动物-18_s_seed0.png,ind_动物-18,0.9429055280029032,0.3303291139240506,0.4892564768861469,0.9726623926454578,0.3608101265822784,0.5263647146106553,0.9898391193903472,0.4047594936708861,0.5745693090869026,0.0,0.3710708618164062,35.39486399243374,0.6983759001751693,0.8605298173460748,0.5862714143717477,0.6974061426883567,0.9135115519535504,0.6422849792434075,0.754256403610429,0.9609289947985968,0.7212769689528153,0.8240322144638762,0.1508113573985201,0.8069229059449108,27.09871085798877,0.9981,8,1,44.28144836425781,39.21001815795898,0.0051345825195312,,0,indomain,0.5721023,14,0.83579737
ind_动物-18_s_seed1.png,ind_动物-18,0.9493165598161364,0.6672296432775475,0.7836610526211865,0.9823394217975082,0.7413378371462204,0.8449904162976577,0.9962501512035804,0.8293669072112186,0.9051809665164604,0.0,0.3710708618164062,39.11631062771141,0.7039877831587612,0.8432321277367848,0.6028061554377344,0.7030318947665726,0.8941574936494496,0.655696366222682,0.7565820682797751,0.9458086367485182,0.732574679943101,0.8256462662167573,0.0,0.8084204577564283,29.46316590250221,0.9824,11,0,16.97945785522461,16.91016960144043,0.0031623840332031,,1,indomain,0.75718856,33,0.77250904
ind_动物-38_s_seed0.png,ind_动物-38,0.9253220162311072,0.4888361438467695,0.6397174785683416,0.9652296925024196,0.5195815968868159,0.6755277099209983,0.9952349043258134,0.5584412000110397,0.7154389164037507,0.0,0.45257568359375,15.450101146325016,0.714721075167233,0.8403692949147494,0.7116752753142969,0.7706866939212634,0.8934554389099844,0.7513887535327941,0.816286881960126,0.9571141389323208,0.8099600428808108,0.8774099208625447,0.1377020033178911,0.7183540568873708,14.143627781523938,0.97925,10,3,42.75475692749024,32.44178009033203,0.0062942504882812,,0,indomain,0.7135016,31,0.85233676
ind_动物-38_s_seed1.png,ind_动物-38,0.8904027994937086,0.473779130385775,0.6184721477353932,0.9462437644255826,0.5256572829486854,0.6758605506836237,0.991809991809992,0.5619240848761519,0.7173967931597771,0.0144954120790931,0.4919123104544946,15.719824679703304,0.706457104551176,0.7003946094855186,0.6815364826941066,0.6908368750771646,0.7548953912590276,0.7225210477081384,0.7383535130877736,0.8430496612314794,0.7764265668849392,0.8083677213895035,0.069559908275769,0.8256051123904463,12.72757923128793,0.98485,10,2,24.10108757019043,20.366744995117188,0.0061149597167968,,1,indomain,0.6781529,37,0.8526631
ind_动物-鸟-3_s_seed0.png,ind_动物-鸟-3,0.9604233778186838,0.1086653326056636,0.1952405348130509,0.9880349746893696,0.127069310533018,0.2251788010862994,0.9990796134376438,0.1555090655509065,0.2691277680511357,0.0,0.0262794494628906,0.0,0.7404307912936005,0.8670041417395306,0.3252926569705569,0.4730870386904497,0.9084215370455592,0.3721177722596665,0.5279647351419516,0.9567418315692592,0.4636395885065626,0.6245975662961113,0.3024554923476043,0.1245125805524771,0.5806357961968356,1.0,7,1,60.688575744628906,49.190372467041016,0.0014228820800781,,0,indomain,0.6036579,141,0.83164227
ind_动物-鸟-3_s_seed1.png,ind_动物-鸟-3,0.9544408651633686,0.2090962787950384,0.343040244605567,0.989875747814082,0.2552864737152983,0.4058939224246103,0.9972388403129314,0.319137625516834,0.4835340707341196,0.0,0.0262794494628906,10.886921178690669,0.6837636984054072,0.8554993097100783,0.3071397474967349,0.4520024341849449,0.8987574781408192,0.3621027427078798,0.5162230396085444,0.9410952600092038,0.456029603831084,0.6143578282754953,0.1816785716434885,0.1093774218548178,11.322398025838291,1.0,7,0,24.28359031677246,22.74042510986328,0.0020980834960937,,1,indomain,0.68204176,160,0.80233234
ind_日常-25_s_seed0.png,ind_日常-25,0.9650016539861064,0.4691965990633354,0.6313987528266303,0.9869004300363876,0.5287129906936544,0.6885490333413086,0.9985444922262652,0.5911639967035839,0.7426563511756886,0.0,0.4242897033691406,25.13823331085637,0.6902942932283516,0.8455838570956004,0.6206462597623719,0.7158609718731626,0.9075090969235858,0.6746863086204982,0.7739675649384714,0.9641415812107178,0.758448384350594,0.8490141463423829,0.0146237702738633,0.7124588357401879,17.729826927399415,0.9648,13,3,35.82340621948242,34.42782211303711,0.0092353820800781,,0,indomain,0.6439922,89,0.83361566
ind_日常-25_s_seed1.png,ind_日常-25,0.950909692358584,0.5963924747323126,0.7330376661191126,0.9806152828316242,0.6686680676473531,0.7951406604402543,0.997221303341052,0.7337386170319223,0.8454265998609296,0.0,0.4242897033691406,20.67880422566869,0.5169351260963041,0.8494872643069799,0.6639459397896815,0.7453432612856039,0.8937479325173668,0.7214228768839451,0.7983925922048466,0.9452861395964274,0.7839489768801489,0.8570912016933273,0.0103200250182424,0.7201771596184852,13.027646662171277,0.9842,11,0,22.089324951171875,20.603534698486328,0.0058326721191406,,1,indomain,0.65524536,45,0.8333426
ind_日常-3_s_seed0.png,ind_日常-3,0.9676300578034682,0.2193207802839962,0.3575908495850723,0.9905587668593449,0.2449820737938627,0.3928144387223963,0.9992292870905588,0.2809474070519154,0.4385814529243151,0.0,0.2953948974609375,33.317836665117,0.6855958748975953,0.8789980732177264,0.5354574343535708,0.665508459711196,0.9146435452793834,0.58078273958856,0.7104451611551857,0.952601156069364,0.6751965211573842,0.7902615854868822,0.2323246076862851,0.8697568765040595,35.280747972519244,0.99285,8,0,50.70379257202149,40.27217483520508,0.0029449462890625,,0,indomain,0.6871291,142,0.777186
ind_日常-3_s_seed1.png,ind_日常-3,0.9913294797687862,0.2273279001213802,0.3698444742271518,0.9982658959537573,0.2582922539572444,0.4103977970821428,1.0,0.2892318363100399,0.4486886348352387,0.0,0.2953948974609375,49.52476884136577,0.6939940329485017,0.9052023121387284,0.5252234993614304,0.6647440533989665,0.9327552986512524,0.5603448275862069,0.7001065739910513,0.9589595375722544,0.6316251596424011,0.7616104594371517,0.1175078110984,0.8582519103441392,42.615837594917096,0.9848,11,1,42.02848434448242,33.71696472167969,0.00274658203125,,1,indomain,0.69209987,142,0.83417016
ind_日常-6_s_seed0.png,ind_日常-6,0.9759036144578314,0.260032469759678,0.4106468455050087,0.9892369477911648,0.3064505064825189,0.4679402624173124,0.9958232931726908,0.3709784373356504,0.5405743363029663,0.0,0.4281044006347656,78.35152595232792,0.6751265820112077,0.8589558232931727,0.4187150093308451,0.5629896001090314,0.901847389558233,0.4720874433484404,0.6197540352424138,0.9447389558232931,0.5792055451879499,0.7181338186591718,0.0964491573898886,0.8680950812989009,61.52817999554466,0.99485,8,0,43.62834167480469,39.84120559692383,0.0043106079101562,,0,indomain,0.614663,89,0.85301965
ind_日常-6_s_seed1.png,ind_日常-6,0.9757429718875502,0.3148234200743494,0.4760494949138845,0.993574297188755,0.3694528345724907,0.5386229399270023,0.9975903614457832,0.4440055762081784,0.6145073965376026,0.0,0.4281044006347656,79.91980396524839,0.7348789150791089,0.8112449799196787,0.4130248988661614,0.5473701209071711,0.8501204819277108,0.4619679790325338,0.5986310415120824,0.9103614457831324,0.5641274001481397,0.6965937206264602,0.013338564142801,0.878738998339963,62.392515036756514,0.99595,9,0,27.61031150817871,25.018768310546875,0.0041694641113281,,1,indomain,0.6451675,89,0.7864516
ind_植物-17_s_seed0.png,ind_植物-17,0.9883430474604497,0.2805720583886663,0.4370685508303485,0.9973355537052456,0.3092287427081373,0.4720851781684092,1.0,0.3456006881905427,0.5136749575466987,0.0025673940949935,0.401947021484375,61.41333232100828,0.7385084012053701,0.91007493755204,0.4537364450730787,0.6055590562972638,0.9435470441298918,0.4958745874587458,0.6500958315312322,0.970857618651124,0.5577557755775577,0.7084871114051347,0.1932394559581307,0.8244453125622853,51.05914509148888,0.9823,10,1,42.283145904541016,34.788330078125,0.0044288635253906,,0,indomain,0.79605925,154,0.8714298
ind_植物-17_s_seed1.png,ind_植物-17,0.9791840133222316,0.3173073465424862,0.4792971101273209,0.9951706910907576,0.3600992484447481,0.5288396170859422,0.9996669442131556,0.4153691251033838,0.5868836745810269,0.0025673940949935,0.401947021484375,46.06711715131729,0.7763998312451557,0.848293089092423,0.4552178590640129,0.5924893295627426,0.8812656119900083,0.4881656804733728,0.6282953069971409,0.9295587010824312,0.5786040882194728,0.7132472283515696,0.2243319559768061,0.7735633551457466,40.63852403006605,1.0,9,0,29.729415893554688,23.438953399658203,0.0026397705078125,,1,indomain,0.646754,143,0.8305465
ind_植物-29_s_seed0.png,ind_植物-29,0.9772643931059772,0.4161326062870674,0.583712436745426,0.993949394939494,0.4673589537485607,0.635774304191155,0.9998166483315,0.5448719341313463,0.7053486859914788,0.0,0.4946737886302937,43.52353186172428,0.7226607852520754,0.8934726806013935,0.5100086704112791,0.6493549964928657,0.9394022735606894,0.5554717834659026,0.6981343395905859,0.977997799779978,0.6470388660609945,0.778816380801233,0.050844541857546,0.7272446585154996,28.768877165378623,0.9975,9,0,27.34950256347656,25.649887084960938,0.0060043334960937,,0,indomain,0.83712775,135,0.8016947
ind_植物-29_s_seed1.png,ind_植物-29,0.9801980198019802,0.4927942646736082,0.655856744795935,0.9936743674367436,0.5396376405179351,0.6994324551100308,0.9993582691602494,0.6065741666463459,0.7549320205274396,0.0,0.4984851747047244,39.389451925895074,0.7435511031501721,0.926017601760176,0.5947025869171197,0.724268760812021,0.9608544187752108,0.6403855659911023,0.7685510062905595,0.97992299229923,0.7250782666007579,0.833454944328849,0.3858278874790046,0.7790261939533294,31.15985623274253,0.99575,9,2,25.64178466796875,19.652587890625,0.0056838989257812,,1,indomain,0.860118,135,0.8787188
ind_植物-8_s_seed0.png,ind_植物-8,0.9695403861843894,0.4361195785870902,0.6016185354110752,0.992113135708458,0.4729129899994652,0.6405117030918689,0.9993654247121748,0.5089844376704636,0.6744608282337524,0.0,0.4030303955078125,18.286449854238445,0.6943060382326807,0.8888586710180401,0.6910880262438491,0.7775953272704189,0.9350920134167346,0.7358665937670859,0.8236026575565328,0.9715347656604116,0.7890103881902679,0.8708109768357323,0.1268314391346022,0.8509714691453654,14.453110210881006,0.9853,11,0,41.59555435180664,34.27442932128906,0.0044898986816406,,0,indomain,0.69985634,141,0.8267353
ind_植物-8_s_seed1.png,ind_植物-8,0.961381561055208,0.4579318827422614,0.6203665162358983,0.98540476838002,0.4939526166281079,0.6580468907808253,0.9958299338228628,0.5225642076902802,0.6854413701093749,0.0040913275221329,0.4692388320882596,13.695907318365956,0.7777351472617887,0.8519626507116309,0.7090430094351182,0.7739602452563897,0.9030006345752878,0.7464158804068128,0.817275694213282,0.95032182032454,0.7924273986031124,0.8642219313446863,0.1257437773240301,0.8488240979381443,11.471623821602998,1.0,7,0,36.44677734375,26.78662109375,0.0043373107910156,,1,indomain,0.7663418,141,0.8446029
ind_窗花-3_s_seed0.png,ind_窗花-3,0.9611347517730496,0.4412583063275394,0.604835698907882,0.980614657210402,0.4714065926871583,0.636723759142305,0.9962174940898344,0.5256473206978952,0.6881807786241947,0.0,0.4560317993164062,23.773275559198968,0.7494117720484064,0.8916312056737589,0.6597710050334642,0.7583751172023985,0.9169739952718676,0.6916311742906134,0.7885189145778179,0.955177304964539,0.7674097018640411,0.8510598627812354,0.2759295499021526,0.4817210210019797,19.84173456242785,0.99925,4,0,42.85047912597656,26.447978973388672,0.003509521484375,,0,indomain,0.7961366,151,0.82988495
ind_窗花-3_s_seed1.png,ind_窗花-3,0.9829787234042552,0.4203803131991051,0.5889083161681733,0.9942316784869976,0.4695078299776286,0.6378178018178794,0.9994326241134752,0.5324161073825503,0.6947344295568321,0.0081823495032144,0.482236717372801,39.56635939303699,0.4386448999178671,0.8853900709219859,0.6027589326096788,0.7172356703873416,0.9265248226950354,0.6609678878335594,0.7715350766910748,0.95451536643026,0.7473089099954772,0.8382978759229825,0.1064655572088997,0.7922419242157092,28.566409582922056,0.98445,10,0,31.287628173828125,26.226985931396484,0.0050048828125,,1,indomain,0.8067284,151,0.8578403
ind_窗花-4_s_seed0.png,ind_窗花-4,0.9706319702602232,0.4583790783436083,0.6226927193787811,0.9888475836431226,0.5086845142583678,0.6717872070534426,0.9974907063197026,0.5855924330715311,0.7379562009669514,0.0,0.5541725158691406,44.41293289186566,0.7388702933344741,0.8934944237918215,0.5746350444960765,0.6994385972939631,0.9302044609665427,0.6316689316557801,0.7524057466574181,0.9605018587360596,0.7312261628161851,0.8303274280424185,0.1890733827694352,0.8098306573154378,38.87164166775657,0.9821,10,0,33.06935119628906,24.00500869750977,0.0052947998046875,,0,indomain,0.8370547,151,0.83563673
ind_窗花-4_s_seed1.png,ind_窗花-4,0.9784386617100372,0.4318954363034277,0.5992667883314041,0.9930297397769516,0.5106910239259633,0.67450205761183,0.9988847583643122,0.575670519090331,0.7304011686253014,0.005608524957936,0.5641801362361841,41.43233773653741,0.530641943965908,0.8828066914498142,0.5860226636218708,0.7044313582109512,0.9214684014869888,0.6407859020207678,0.7559127339315964,0.9604089219330856,0.7300616140290405,0.8295414474944367,0.1397230121093179,0.8559447252714384,33.894804953432505,0.9972,8,0,26.85061836242676,23.01644515991211,0.0061302185058593,,1,indomain,0.8086245,151,0.848027
ind_边框-12_s_seed0.png,ind_边框-12,0.9821393523061824,0.4269307923771314,0.5951521057868687,0.9946025515210992,0.4813440320962888,0.6487307979792429,0.9988223748773308,0.537136409227683,0.6985914849407774,0.0,0.432769775390625,35.16148367534024,0.7666430028191439,0.92747791952895,0.6334803921568627,0.7527927834863143,0.9637880274779196,0.6783333333333333,0.7962499738543996,0.9889106967615308,0.7471078431372549,0.8511694094648811,0.0,0.8034162612335083,27.184260630420987,0.9741,11,0,32.13898468017578,30.474313735961918,0.0041580200195312,,0,indomain,0.7970041,66,0.8051342
ind_边框-12_s_seed1.png,ind_边框-12,0.9735034347399412,0.3675179657269209,0.5335932772426097,0.9895976447497546,0.4158319513543394,0.5855950676044683,0.9986261040235525,0.4585737976782753,0.6285256599975331,0.0,0.4573686226289584,49.388265989704536,0.7185256482372696,0.8865554465161923,0.5625197990677467,0.6883079303942427,0.9370951913640824,0.6245191654975789,0.7495242398752291,0.976251226692836,0.6860659818074851,0.805830262607972,0.0,0.8138540560704755,40.652986390240464,0.9875,10,2,34.04458236694336,31.246248245239254,0.0048828125,,1,indomain,0.735048,66,0.85484815
ind_边框-2_s_seed0.png,ind_边框-2,0.9781638882366752,0.1731849386311628,0.2942692066944432,0.9955388588870628,0.1931038069482005,0.3234653258569847,1.0,0.2163511545662575,0.3557379852916025,0.0,0.1894378662109375,49.49657672170761,0.598323671428092,0.8640525945057526,0.5182689570086363,0.6479123999253383,0.9070204273303591,0.5640125272848059,0.6955260681449137,0.9459967128433904,0.6343361488089589,0.759434833220623,0.0,0.7657435391352618,42.04591220298027,0.99425,9,0,56.6216049194336,45.19390106201172,0.0020675659179687,,0,indomain,0.70840603,147,0.8559816
ind_边框-2_s_seed1.png,ind_边框-2,0.9481098849495186,0.1641306553053357,0.2798205803262201,0.9929560929795728,0.1965408805031446,0.3281327639594925,0.9995304061986382,0.2345556908094948,0.3799500626081058,0.0,0.2055727349121783,48.449456302859446,0.5865635458790125,0.7485325193707443,0.4875740994072047,0.5905074262445286,0.8140408546607185,0.5481076151390789,0.6551150647174927,0.8858887062690772,0.6819425444596443,0.7706507931646368,0.0,0.773990430323717,36.4679822795006,0.97895,10,0,55.08409118652344,41.18947219848633,0.001861572265625,,1,indomain,0.6140895,147,0.85555124
ind_边框-9_s_seed0.png,ind_边框-9,0.9558717393545726,0.3640694029666559,0.5273017747556898,0.986287246107846,0.4049164548214329,0.574127189084993,0.999793793174554,0.4554631389293383,0.6258265592495975,0.0038049940546967,0.3162053371763653,38.04446378703805,0.7585171048911507,0.8621507371894009,0.6113518197573656,0.7154075432051474,0.9219507165687184,0.6736351819757366,0.7784707038273262,0.9793793174554076,0.7534120450606586,0.851661879688472,0.0469706314940456,0.7596420972432568,26.475174990026478,0.99475,7,1,44.05663299560547,38.277374267578125,0.0043792724609375,,0,indomain,0.5728982,91,0.8251623
ind_边框-9_s_seed1.png,ind_边框-9,0.9373131250644396,0.323535577035053,0.4810317721314079,0.9751520775337664,0.3511820193315477,0.5163945894975172,0.9980410351582636,0.3887504367066496,0.5595489965728971,0.0038825527784518,0.3155479431152344,32.12079449703212,0.5405504244508594,0.8570986699659758,0.6005395968893826,0.7062406379687465,0.9179296834725228,0.6465640374543723,0.7587123096839086,0.9771110423755026,0.7130085171665873,0.8244251023519447,0.0040920716112531,0.7611944418882857,25.55640179402556,1.0,8,0,42.40147399902344,41.65366744995117,0.0044326782226562,,1,indomain,0.6874411,151,0.8391837
ood_bicycle_s_seed0.png,ood_bicycle,0.905736161666876,0.27312874251497,0.4196962315340068,0.9688715953307392,0.3012475049900199,0.4595949319640588,0.9934730764403163,0.3241516966067864,0.4888128848952356,0.0,0.257537841796875,22.11458703637872,0.680448420761901,0.7361616668758629,0.634347168543102,0.6814725405690908,0.8087109325969625,0.674256427491178,0.7353884636455895,0.904229948537718,0.7278608637203832,0.8065158953182315,0.3368872739128491,0.7834600575132816,19.033653276454555,1.0,6,0,51.45854568481445,39.999656677246094,0.0029678344726562,,0,ood,0.38536948,144,0.8184818
ood_bicycle_s_seed1.png,ood_bicycle,0.9191665620685326,0.2806918206619653,0.4300549790075786,0.9604619053596084,0.3131981263190405,0.4723628938296497,0.990586167942764,0.3377258454727956,0.503716819095672,0.0,0.257537841796875,36.46759094679464,0.6772115118351619,0.7730638885402284,0.6061153788221117,0.679485144164588,0.8373289820509602,0.6567254104533815,0.7361113787834616,0.9202962219154012,0.7044735652959783,0.798050733936765,0.0486102413813257,0.7795808916166765,26.15831259627918,0.9976,9,0,33.43621063232422,32.901588439941406,0.0027084350585937,,1,ood,0.42107403,126,0.7746076
ood_carp_fish_s_seed0.png,ood_carp_fish,0.9515106303618052,0.4201846153846154,0.5829430837392569,0.9834949645654606,0.4666584615384615,0.6329761235374987,0.9991607609101082,0.5076923076923077,0.673278958687773,0.0,0.3300399780273437,25.069927645114312,0.7021801144843481,0.839798582618426,0.6950895819508959,0.7606225120368798,0.8977993286087281,0.7601747401017473,0.8232750851398778,0.960555762775084,0.8277482857774828,0.8892205849159732,0.182331683640487,0.8080134181651222,18.146512864375044,0.98075,9,0,48.8370475769043,39.850677490234375,0.0043449401855468,,0,ood,0.35589117,187,0.80762845
ood_carp_fish_s_seed1.png,ood_carp_fish,0.9227900037299516,0.4103550903119868,0.5680875652799584,0.9671764267064528,0.4584872742200328,0.6220795034373661,0.996176799701604,0.5022321428571429,0.667791007606179,0.0,0.3300399780273437,24.734737280103563,0.6256405897675628,0.7985826184259605,0.6846162697042918,0.737220958905485,0.8626445356210369,0.7429524795765735,0.7983371800849435,0.9375233121969414,0.8096306523990335,0.8688960747301288,0.2075190793311996,0.8183740222801612,16.008229501375435,0.99185,10,1,41.51251602172852,32.21477508544922,0.0040435791015625,,1,ood,0.34492445,187,0.80164516
ood_cat_s_seed0.png,ood_cat,0.9362578334825424,0.2181804507508335,0.3538918605144336,0.9747538048343778,0.2444282885005891,0.3908479390037165,0.9915846016114592,0.2806036751986763,0.4374231213327181,0.0,0.1624946594238281,39.3689696457497,0.6675167065531536,0.8501342882721575,0.476920871559633,0.6110473746349439,0.909579230080573,0.5270212155963303,0.6673637794847925,0.9520143240823636,0.601204128440367,0.7369921997038679,0.0255420615515185,0.5199956026774808,29.814306171796137,0.99915,8,0,53.687965393066406,47.15401458740234,0.0029945373535156,,0,ood,0.527564,14,0.81541574
ood_cat_s_seed1.png,ood_cat,0.9455684870188004,0.2206741357847362,0.357837219491343,0.9826320501342882,0.2572297232595997,0.4077263703842845,0.9973142345568488,0.3025232212965623,0.4642283749008669,0.0024991074616208,0.1641553496832272,47.86722069629317,0.5130635865663413,0.8121754700089525,0.4298021268003769,0.5621272803015529,0.8880931065353626,0.4906447704940099,0.6320827848324535,0.9541629364368844,0.5840624579351191,0.7245891947498856,0.0712391935976595,0.5227688052550995,35.072892457215296,0.98005,9,1,51.75280380249024,49.92306518554688,0.0042152404785156,,1,ood,0.49839544,0,0.80286175
ood_crane_bird_s_seed0.png,ood_crane_bird,0.907063660147004,0.3023884514435696,0.4535699643235491,0.9529089323533076,0.3457217847769029,0.507367294608674,0.9892861592126572,0.399265091863517,0.5689202021621008,0.0,0.2556304931640625,29.6514057183788,0.6988340105721169,0.754952036875545,0.4635393003180372,0.574398731061919,0.8207300361280677,0.5214107223989096,0.6376938310132056,0.8989659897844774,0.6309064061790095,0.7414519059086508,0.1846333891280664,0.5002949308755761,26.249030024473228,0.9829,11,0,46.42049407958984,39.60882568359375,0.0036239624023437,,0,ood,0.43585443,160,0.7940209
ood_crane_bird_s_seed1.png,ood_crane_bird,0.8962252398156223,0.3131322173484916,0.4641092588873268,0.9585150118350568,0.3704532569450661,0.5343769543737451,0.9946430796063288,0.4297735207233014,0.6002053866636431,0.1201834232922072,0.2704742212652684,37.4112099325494,0.7179118628804967,0.6959013330011212,0.4561046129583388,0.5510454338520195,0.7728914912171422,0.5182021290576948,0.6204259861404036,0.8609692288526224,0.6053357865685373,0.7108691300617483,0.220300135946254,0.596817391144285,26.57732943353429,0.9876,10,0,40.77149963378906,36.02000427246094,0.0034027099609375,,1,ood,0.5202221,160,0.78721935
ood_deer_s_seed0.png,ood_deer,0.935385264045536,0.3265243902439024,0.484069682718421,0.9778644460841152,0.3793336236933798,0.5466215611031926,0.9987351112048066,0.4277656794425087,0.5989826381151157,0.0,0.2527923583984375,30.240840224542765,0.7250605123160361,0.7912933487930853,0.5313603581198707,0.63578533821058,0.8721408242858648,0.6041283262869933,0.7138061189694622,0.9591019289554128,0.6749067396170106,0.7922899899878875,0.0599901913243574,0.6073157512791542,24.506549164000724,0.98785,9,0,47.2269172668457,42.207298278808594,0.0048141479492187,,0,ood,0.5163019,32,0.75074446
ood_deer_s_seed1.png,ood_deer,0.9235796352903974,0.361058881741712,0.5191602554277673,0.9702751133129546,0.4005937654626422,0.5670654096749014,0.9866132602508696,0.4380009896091044,0.6066731178546343,0.1495342116697201,0.280692954703295,23.48041286895636,0.4983816862877995,0.7916095709918837,0.5940855863148238,0.6787695455748028,0.8556972699483504,0.6477254330581188,0.7373267460117107,0.934225782649942,0.7141006961308078,0.8094649819945167,0.234898585798215,0.6168998545709844,20.2360113478602,0.9969,8,2,48.125675201416016,37.818660736083984,0.0042877197265625,,1,ood,0.42450804,243,0.7835388
ood_frog_s_seed0.png,ood_frog,0.9249061326658324,0.3064826487957003,0.4604032222713033,0.9646433041301627,0.344502687280207,0.5076931262367179,0.9877972465581978,0.3979165284320881,0.5673045303283774,0.0,0.3317728459928823,44.391501507722765,0.7799835229253145,0.8496558197747184,0.5221988846237415,0.646845937806483,0.9055068836045056,0.5734772216991382,0.7022219778789903,0.951971214017522,0.666328673861085,0.7839408768936466,0.1820959802449187,0.7748503854932336,37.65854107681329,0.9947,9,1,52.71817779541016,38.28221130371094,0.0028190612792968,,0,ood,0.47814983,30,0.7489583
ood_frog_s_seed1.png,ood_frog,0.9477471839799748,0.2392032635201349,0.3819944124499885,0.9823216520650814,0.2765331935550035,0.4315740523840581,0.9953066332916144,0.3265343330522573,0.4917411337058183,0.0,0.3314437866210937,59.37665446677255,0.3901807458387368,0.8463704630788486,0.4619845360824742,0.5977124954466252,0.90409887359199,0.5176897844423618,0.6583858273725393,0.9485294117647058,0.6192010309278351,0.7492747141164809,0.1207240727393481,0.7711832010170426,52.4595446907442,0.9982,8,0,41.29833221435547,37.07317352294922,0.0041084289550781,,1,ood,0.49649376,30,0.82886493
ood_potted_chrysanthemum_s_seed0.png,ood_potted_chrysanthemum,0.895662368112544,0.3672202775502097,0.5208803597692307,0.9567138605825593,0.4051537945929843,0.5692421719271449,0.9926052845161872,0.4425163228321044,0.6121349414276044,0.0,0.3347625732421875,20.39746570035097,0.7869232182751917,0.7897916854540535,0.6633886255924171,0.7210926500103515,0.8711335557759943,0.7235189573459716,0.7904940252471537,0.9485075299846696,0.7910545023696682,0.8626552409981206,0.1879902111970998,0.7070526695526695,13.902183326496194,0.9938,10,0,47.98213195800781,38.173072814941406,0.0037918090820312,,0,ood,0.47955358,145,0.80878335
ood_potted_chrysanthemum_s_seed1.png,ood_potted_chrysanthemum,0.8864640634863378,0.5444275779291842,0.6745660803884462,0.9410226350437372,0.6100893140819713,0.7402532799428712,0.9749301109207322,0.6650898436121016,0.7907417384926911,0.0,0.3347625732421875,18.426090523724877,0.599019169018196,0.7458742898367752,0.6363146228958246,0.6867523145253263,0.8233384435025701,0.704666626729767,0.7593942388576959,0.9050410316529894,0.7775115317797879,0.8364432162623362,0.111335977608709,0.7776406559356495,14.54031633164684,0.97345,12,1,29.097665786743164,28.6689567565918,0.0040359497070312,,1,ood,0.46004865,121,0.72704303
ood_rabbit_s_seed0.png,ood_rabbit,0.9612489545581264,0.159122671914663,0.2730460115381731,0.9916364650125452,0.1824819600125495,0.3082410801134266,1.0,0.2138558512307121,0.3523579031462205,0.0,0.2453537571635156,47.19805407428197,0.5316159371076948,0.8539169222191246,0.388982574480045,0.5344902040414405,0.9077223306384165,0.4326400599587783,0.5859863665353255,0.9576247560635628,0.5125538692149147,0.6677205960376351,0.1963529524085235,0.640815114068441,42.47357096080082,1.0,7,0,57.53226089477539,42.8675537109375,0.002044677734375,,0,ood,0.6000871,35,0.8064367
ood_rabbit_s_seed1.png,ood_rabbit,0.968497351547254,0.2015755871844432,0.3336978676497396,0.9910788960133816,0.2342001991448486,0.3788702112552019,0.9983272930025092,0.2684062554911263,0.4230681200289413,0.0202184522426214,0.2820269116702308,73.68946268749805,0.6864038209106292,0.84555338723167,0.3943974720300623,0.537898927041647,0.8921103986618344,0.4459817234605859,0.5946749503034816,0.9333705045999442,0.5171235801520199,0.6655220479986406,0.2365367958326386,0.7910103154209958,60.20207690148751,0.99855,8,0,51.04752349853516,37.307125091552734,0.00213623046875,,1,ood,0.625548,35,0.784975
ood_rooster_s_seed0.png,ood_rooster,0.9260186204825308,0.369601851153198,0.528330948492302,0.9725698268094904,0.4182449256772051,0.5849411565451723,0.9976974672139354,0.4599713272466611,0.6296522638461838,0.0,0.2848701477050781,24.81353027036437,0.741695766767843,0.852237461207328,0.6509232154920063,0.7380996020065239,0.9278206026629292,0.7169556406214816,0.8088713796542643,0.9783762138352188,0.7881107858590407,0.8729969106876218,0.0549360714168928,0.7298656555356453,19.443737697015145,0.95265,11,1,49.25894165039063,39.80345916748047,0.0035514831542968,,0,ood,0.60014546,10,0.78988713
ood_rooster_s_seed1.png,ood_rooster,0.9143057363099408,0.3234889359750104,0.477894753333795,0.9617579337270998,0.365648004543568,0.5298527890863663,0.9913905295825408,0.4017781078660521,0.5718173671515691,0.0,0.2848701477050781,21.211350214925613,0.5036697171450183,0.7746521173290619,0.6199785433305519,0.6887381797019276,0.8573430773851236,0.6845869591131243,0.7612873170259911,0.9389328261087196,0.7600429133388962,0.8400699598185141,0.0172579098753595,0.7379902736043018,16.27006976713044,0.9933,9,0,46.26296615600586,42.582427978515625,0.0039558410644531,,1,ood,0.6037874,10,0.7932798
ood_teapot_s_seed0.png,ood_teapot,0.9755656108597284,0.151004617496568,0.2615281465863276,0.995475113122172,0.1654186946212404,0.2836955329457624,1.0,0.1852302508423811,0.3125641633104319,0.0,0.2428169250488281,51.65506731811541,0.7311898524169287,0.8781297134238311,0.4248112416107382,0.5726113258063364,0.906787330316742,0.4562709731543624,0.6070770950795754,0.934841628959276,0.4964345637583892,0.6484949566224308,0.1230301413535705,0.802607907932174,46.29789640708215,0.9952,8,0,56.725318908691406,41.43863296508789,0.0017852783203125,,0,ood,0.61214375,60,0.8208819
ood_teapot_s_seed1.png,ood_teapot,0.9725490196078432,0.1417640807651434,0.2474574115975092,0.987028657616893,0.1573326248671626,0.2714034665431655,0.9978883861236802,0.1755047821466525,0.2985089542859223,0.0,0.2428169250488281,95.92635068260726,0.722642126067988,0.9161387631975868,0.3819555555555555,0.5391353851686622,0.9435897435897436,0.4087111111111111,0.5703695463845939,0.976470588235294,0.4475555555555555,0.6137876590354145,0.1873458114340877,0.818953707772235,72.43963363863448,0.999,8,0,46.46829605102539,34.505348205566406,0.0023269653320312,,1,ood,0.5714538,60,0.81456107
ood_tiger_s_seed0.png,ood_tiger,0.8712360672101148,0.3798413891785706,0.5290344197022291,0.9316253535185494,0.4413697766352193,0.5989697489227628,0.97795707868907,0.5005214270123445,0.6621516250587026,0.0,0.4474601745605469,37.78378332296098,0.70417266326496,0.7186824155714523,0.5405498790660941,0.6170167243620398,0.8046082182665114,0.6108396268325189,0.6944608881126347,0.8944435202129429,0.7015647366602498,0.7863493562934837,0.1510914971028163,0.7722835791283645,30.128134084689552,1.0,8,0,36.69676208496094,29.35751724243164,0.0054893493652343,,0,ood,0.5363396,36,0.76650965
ood_tiger_s_seed1.png,ood_tiger,0.8996007319913492,0.3792991863905325,0.5336114590614245,0.9593245716186992,0.4479474852071006,0.6107234592908135,0.9918482781567128,0.5273668639053254,0.6886028205477729,0.0882919805038988,0.5301760401649893,54.28861286114971,0.5572284129399637,0.7366494759607386,0.4886084672035832,0.5875222818567404,0.8280652137747463,0.5666049356130755,0.6728269581738918,0.9175677923806356,0.6799173091003058,0.7810654681338732,0.1747416420906545,0.7780192093633982,43.65766119063249,0.9879,11,0,31.778533935546875,25.758827209472656,0.0068473815917968,,1,ood,0.53103447,23,0.7742601
ood_woman_beating_a_drum_s_seed0.png,ood_woman_beating_a_drum,0.935752770153502,0.3510451260011721,0.5105563975292621,0.974585747687303,0.4064270365305724,0.5736340775466598,0.994307207481956,0.4867161554991209,0.6535283554697953,0.0037921880925293,0.60284423828125,68.08114812189936,0.6790431666627115,0.8141709870895598,0.4293370385073441,0.5622058776304902,0.8671342889092203,0.4807066296149265,0.6185258152000815,0.925688726237674,0.5816990869392616,0.7144442619680617,0.0167978781627583,0.8190719565420221,52.05907664270527,0.9886,10,1,29.307485580444336,24.062545776367188,0.0056304931640625,,0,ood,0.50213873,89,0.81526256
ood_woman_beating_a_drum_s_seed1.png,ood_woman_beating_a_drum,0.9160313103588492,0.5496699029126214,0.6870634162961715,0.9528311477076344,0.5999223300970874,0.7362722936934037,0.9759072888075632,0.6652815533980583,0.7911985511647044,0.0037921880925293,0.60284423828125,57.21625999797509,0.7429367220053945,0.8505641964013418,0.4914765389582436,0.6229801173615255,0.8989529328047169,0.5308652604390874,0.6675294594107661,0.942970417810308,0.5926818768833405,0.7278750261429121,0.0149140299709644,0.8153552448274083,50.24931659410752,0.99765,9,0,9.235920906066896,8.243539810180664,0.0036582946777343,,1,ood,0.56956995,89,0.78857034
repo_bird_s_seed0.png,repo_bird,0.9330618892508143,0.2116782337832668,0.3450720189724848,0.9863192182410424,0.2418711404994808,0.3884774905042512,0.9996742671009772,0.2655609596152795,0.419644429855212,0.0,0.1370201110839843,17.205378768896683,0.714623785437509,0.6271986970684039,0.6101860920666013,0.6185754427787427,0.7232899022801303,0.6735693297887225,0.6975447253911468,0.8394136807817589,0.7547222610885687,0.7948182767963964,0.3428922992788051,0.7520910222532812,10.774242044600353,0.99605,8,2,69.20870208740234,49.89838790893555,0.0032081604003906,,0,repo,0.6311629,32,0.8318395
repo_bird_s_seed1.png,repo_bird,0.923941368078176,0.3747073718408102,0.5331813463110487,0.9791530944625408,0.4132626248148679,0.5812163311732517,0.9986970684039088,0.445320338254264,0.6159761153356362,0.0,0.1370201110839843,12.194103399315123,0.8407491717563741,0.648371335504886,0.6433799068529608,0.6458659775419868,0.7293159609120521,0.7019294743845642,0.7153607012163868,0.8332247557003257,0.7608782435129741,0.795409818414074,0.3053130476774407,0.7371444143974174,8.018040591330493,1.0,6,0,25.93685913085937,24.149364471435547,0.002655029296875,,1,repo,0.6522579,160,0.85109097
repo_fish_s_seed0.png,repo_fish,0.983812129502964,0.1993931289858053,0.331583007138311,0.9974920200638396,0.2175992594116437,0.3572629126737064,1.0,0.2429798395391894,0.3909634441525125,0.0,0.1750717163085937,31.943173399572927,0.6630447824229829,0.9354765161878704,0.5768960321446509,0.7136769190214465,0.9669402644778842,0.6250125565042692,0.7592559260837688,0.9865481076151392,0.701958814665997,0.8202704189058713,0.3064937104998368,0.7164993978321959,24.992373730770908,0.9971,8,0,55.46193313598633,44.53011322021485,0.0020027160644531,,0,repo,0.55692387,69,0.76902395
repo_fish_s_seed1.png,repo_fish,0.9840401276789784,0.2097532495467535,0.3457978883158759,0.9972640218878248,0.229204437206158,0.3727406721108886,1.0,0.2529883538702639,0.4038159701785364,0.0346061244771539,0.2153228501367271,25.47173922517105,0.6084180617844508,0.9384404924760602,0.5614893192253942,0.7025986271400353,0.967624259005928,0.6015172689159513,0.7418613187618653,0.9892840857273142,0.6674985026951488,0.7971421845902933,0.2824311396211025,0.7039181323152031,23.881117357388767,0.98825,9,0,53.87701797485352,37.13759231567383,0.0021476745605468,,1,repo,0.5511178,186,0.7756535
repo_motif_s_seed0.png,repo_motif,0.9631031220435194,0.2435203780271707,0.3887463427414531,0.9913276568905708,0.2812049616066154,0.4381282674305065,0.998738568274992,0.3309627879503839,0.49717224013095,0.0,0.2513961791992187,46.38705957330582,0.6734367668517746,0.7477136549984232,0.477267703190627,0.5826367501509236,0.8073163040050457,0.5368064254660674,0.6448407870372811,0.8770104068117314,0.6412939355979662,0.7408547017023619,0.0545091631782928,0.7436132419161405,35.97766380382993,1.0,8,1,52.41131210327149,39.19182968139648,0.0045509338378906,,0,repo,0.6261205,32,0.74248207
repo_motif_s_seed1.png,repo_motif,0.957426679280984,0.2282032206196453,0.368559955745726,0.9900662251655628,0.2716407881158655,0.4263150903654125,0.999526963103122,0.3143343972737527,0.4782631029133267,0.0,0.2513961791992187,46.462929804861766,0.6582302773851094,0.6865342163355408,0.4772243507875692,0.5630563846143908,0.7469252601702933,0.5335036185610899,0.6224279000803953,0.815357931251971,0.6229033631332482,0.706254419161459,0.0107508991079313,0.7187517043533275,29.862523140420624,0.98755,10,0,48.468997955322266,39.742313385009766,0.0024032592773437,,1,repo,0.60986495,142,0.82963145
